应声虫	yìng shēng chóng	47951	en-eng,in-ing,c-ch,s-sh	1
硬任务	yìng rèn wù	47953	en-eng,in-ing,r-l	1
杂拌儿	zá bàn er	47957	an-ang,z-zh	1
证明信	zhèng míng xìn	47969	en-eng,in-ing,z-zh,j-q-x	1
字符集	zì fú jí	47982	z-zh,h-f,j-q-x	1
祖母绿	zǔ mǔ lǜ	47986	z-zh,n-l,r-l	1
做人情	zuò rén qíng	47988	en-eng,in-ing,ua-uo,z-zh,r-l,j-q-x	1
八宝饭	bā bǎo fàn	47990	an-ang,ao-ou,h-f	1
北极狐	běi jí hú	47996	ai-ei,h-f,j-q-x	1
抽冷子	chōu lěng zi	48014	en-eng,ao-ou,z-zh,c-ch,n-l,r-l	1
储油罐	chǔ yóu guàn	48017	uan-uang,ao-ou,c-ch	1
带徒弟	dài tú di	48027	ai-ei	1
吊嗓子	diào sǎng zi	48036	an-ang,z-zh,s-sh	1
帆布包	fān bù bāo	48047	an-ang,ao-ou,h-f	1
高姿态	gāo zī tài	48056	ai-ei,ao-ou,z-zh	1
顾不及	gù bù jí	48060	j-q-x	1
鬼打墙	guǐ dǎ qiáng	48064	ian-iang,j-q-x	1
和尚头	hé shang tóu	48070	an-ang,ao-ou,s-sh,h-f	1
后尾儿	hòu yǐ er	48075	ao-ou,h-f	1
坏血病	huài xuè bìng	48076	in-ing,h-f,j-q-x	1
火星子	huǒ xīng zǐ	48082	in-ing,ua-uo,z-zh,h-f,j-q-x	1
减压阀	jiǎn yā fá	48091	ian-iang,h-f,j-q-x	1
教师爷	jiào shī yé	48098	s-sh,j-q-x	1
接生婆	jiē shēng pó	48099	en-eng,ia-ie,s-sh,j-q-x	1
旧框框	jiù kuàng kuàng	48104	uan-uang,j-q-x	1
矿物油	kuàng wù yóu	48111	uan-uang,ao-ou	1
揽活儿	lǎn huó er	48112	an-ang,ua-uo,n-l,h-f,r-l	1
冷森森	lěng sēn sēn	48116	en-eng,s-sh,n-l,r-l	1
露天矿	lù tiān kuàng	48121	ian-iang,uan-uang,n-l,r-l	1
罗曼史	luó màn shǐ	48122	an-ang,ua-uo,s-sh,n-l,r-l	1
磨洋工	mó yáng gōng	48132	an-ang	1
牛郎星	niú láng xīng	48140	in-ing,an-ang,n-l,r-l,j-q-x	1
牛脾气	niú pí qi	48141	n-l,j-q-x	1
平滑肌	píng huá jī	48146	in-ing,ua-uo,h-f,j-q-x	1
气汹汹	qì xiōng xiōng	48150	j-q-x	1
请假条	qǐng jià tiáo	48158	in-ing,ia-ie,j-q-x	1
入场式	rù chǎng shì	48168	an-ang,c-ch,s-sh,r-l	1
软钉子	ruǎn dīng zi	48170	in-ing,uan-uang,z-zh,r-l	1
软骨头	ruǎn gǔ tou	48171	uan-uang,ao-ou,r-l	1
腮腺炎	sāi xiàn yán	48173	an-ang,ian-iang,ai-ei,s-sh,j-q-x	1
三合土	sān hé tǔ	48174	an-ang,s-sh,h-f	1
少掌柜	shào zhǎng guì	48178	an-ang,ao-ou,z-zh,s-sh	1
神农氏	shén nóng shì	48179	en-eng,s-sh,n-l	1
湿乎乎	shī hū hū	48182	s-sh,h-f	1
手头紧	shǒu tóu jǐn	48188	in-ing,ao-ou,s-sh,j-q-x	1
受气包	shòu qì bāo	48189	ao-ou,s-sh,j-q-x	1
输精管	shū jīng guǎn	48190	in-ing,uan-uang,s-sh,j-q-x	1
耍滑头	shuǎ huá tóu	48193	ao-ou,ua-uo,s-sh,h-f	1
双季稻	shuāng jì dào	48194	uan-uang,ao-ou,s-sh,j-q-x	1
双生子	shuāng shēng zǐ	48195	en-eng,uan-uang,z-zh,s-sh	1
水粉画	shuǐ fěn huà	48197	en-eng,ua-uo,s-sh,h-f	1
水银柱	shuǐ yín zhù	48198	in-ing,z-zh,s-sh	1
酸牛奶	suān niú nǎi	48201	uan-uang,ai-ei,s-sh,n-l	1
檀香木	tán xiāng mù	48203	an-ang,ian-iang,j-q-x	1
托人情	tuō rén qíng	48219	en-eng,in-ing,ua-uo,r-l,j-q-x	1
歪点子	wāi diǎn zi	48221	ian-iang,ai-ei,z-zh	1
五斗橱	wǔ dǒu chú	48231	ao-ou,c-ch	1
小熊猫	xiǎo xióng māo	48241	ao-ou,j-q-x	1
信息战	xìn xī zhàn	48244	in-ing,an-ang,z-zh,j-q-x	1
血色素	xuè sè sù	48251	s-sh,j-q-x	1
阎王债	yán wang zhài	48255	an-ang,ai-ei,z-zh	1
扬水站	yáng shuǐ zhàn	48257	an-ang,z-zh,s-sh	1
阳历年	yáng lì nián	48258	an-ang,ian-iang,n-l,r-l	1
印把子	yìn bà zi	48266	in-ing,z-zh	1
鱼片儿	yú piàn er	48272	ian-iang	1
照妖镜	zhào yāo jìng	48278	in-ing,ao-ou,z-zh,j-q-x	1
值日生	zhí rì shēng	48283	en-eng,z-zh,s-sh,r-l	1
止痛片	zhǐ tòng piàn	48284	ian-iang,z-zh	1
中耳炎	zhōng ěr yán	48287	an-ang,z-zh	1
猪肚儿	zhū dǔ er	48289	z-zh	1
竹帘子	zhú lián zǐ	48290	ian-iang,z-zh,n-l,r-l	1
做生日	zuò shēng ri	48295	en-eng,ua-uo,z-zh,s-sh,r-l	1
版权页	bǎn quán yè	48300	an-ang,uan-uang,j-q-x	1
半官方	bàn guān fāng	48301	an-ang,uan-uang,h-f	1
报话机	bào huà jī	48304	ao-ou,ua-uo,h-f,j-q-x	1
菠萝蜜	bō luó mì	48312	ua-uo,n-l,r-l	1
长舌妇	cháng shé fù	48323	an-ang,c-ch,s-sh,h-f	1
超豪华	chāo háo huá	48326	ao-ou,ua-uo,c-ch,h-f	1
穿小鞋	chuān xiǎo xié	48334	uan-uang,ia-ie,c-ch,j-q-x	1
大呼隆	dà hū long	48345	n-l,h-f,r-l	1
登陆艇	dēng lù tǐng	48350	en-eng,in-ing,n-l,r-l	1
递条子	dì tiáo zi	48353	z-zh	1
粉扑儿	fěn pū er	48368	en-eng,h-f	1
风油精	fēng yóu jīng	48369	en-eng,in-ing,ao-ou,h-f,j-q-x	1
供应点	gōng yìng diǎn	48379	in-ing,ian-iang	1
狗咬狗	gǒu yǎo gǒu	48382	ao-ou	1
好人家	hǎo rén jiā	48393	en-eng,ao-ou,ia-ie,h-f,r-l,j-q-x	1
好说话	hǎo shuō huà	48394	ao-ou,ua-uo,s-sh,h-f	1
黑热病	hēi rè bìng	48398	in-ing,ai-ei,h-f,r-l	1
花柳病	huā liǔ bìng	48402	in-ing,ua-uo,n-l,h-f,r-l	1
加时赛	jiā shí sài	48411	ai-ei,ia-ie,s-sh,j-q-x	1
禁忌症	jìn jì zhèng	48423	en-eng,in-ing,z-zh,j-q-x	1
狙击手	jū jī shǒu	48428	ao-ou,s-sh,j-q-x	3
卷扬机	juǎn yáng jī	48429	an-ang,uan-uang,j-q-x	1
掘墓人	jué mù rén	48430	en-eng,r-l,j-q-x	1
卡介苗	kǎ jiè miáo	48432	ia-ie,j-q-x	1
扩音机	kuò yīn jī	48445	in-ing,ua-uo,j-q-x	1
老框框	lǎo kuàng kuang	48452	uan-uang,ao-ou,n-l,r-l	1
立脚点	lì jiǎo diǎn	48456	ian-iang,n-l,r-l,j-q-x	1
凉冰冰	liáng bīng bīng	48458	in-ing,ian-iang,n-l,r-l	1
榴弹炮	liú dàn pào	48460	an-ang,ao-ou,n-l,r-l	1
绿帽子	lǜ mào zi	48462	ao-ou,z-zh,n-l,r-l	1
绿茸茸	lǜ róng róng	48463	n-l,r-l	1
罗汉松	luó hàn sōng	48465	an-ang,ua-uo,s-sh,n-l,h-f,r-l	1
买路钱	mǎi lù qián	48468	ian-iang,ai-ei,n-l,r-l,j-q-x	1
没挑儿	méi tiāo er	48472	ai-ei	1
名利场	míng lì chǎng	48477	in-ing,an-ang,c-ch,n-l,r-l	1
摩托化	mó tuō huà	48478	ua-uo,h-f	1
磨刀石	mó dāo shí	48479	ao-ou,s-sh	1
脑瓜儿	nǎo guā er	48482	ao-ou,ua-uo,n-l	1
内在美	nèi zài měi	48484	ai-ei,z-zh,n-l	1
起诉状	qǐ sù zhuàng	48494	uan-uang,z-zh,s-sh,j-q-x	1
氰化物	qíng huà wù	48499	in-ing,ua-uo,h-f,j-q-x	3
肉乎乎	ròu hū hū	48508	ao-ou,h-f,r-l	1
撒手锏	sā shǒu jiǎn	48511	ian-iang,ao-ou,s-sh,j-q-x	3
三九天	sān jiǔ tiān	48512	an-ang,ian-iang,s-sh,j-q-x	1
扫帚星	sào zhou xīng	48514	in-ing,ao-ou,z-zh,s-sh,j-q-x	1
神经痛	shén jīng tòng	48519	en-eng,in-ing,s-sh,j-q-x	1
生啤酒	shēng pí jiǔ	48521	en-eng,s-sh,j-q-x	1
守空房	shǒu kōng fáng	48523	an-ang,ao-ou,s-sh,h-f	1
水压机	shuǐ yā jī	48528	s-sh,j-q-x	1
五倍子	wǔ bèi zǐ	48548	ai-ei,z-zh	1
洗面奶	xǐ miàn nǎi	48550	ian-iang,ai-ei,n-l,j-q-x	1
仙人球	xiān rén qiú	48553	en-eng,ian-iang,r-l,j-q-x	1
小黄鱼	xiǎo huáng yú	48561	uan-uang,h-f,j-q-x	1
小客车	xiǎo kè chē	48562	c-ch,j-q-x	1
小平头	xiǎo píng tóu	48563	in-ing,ao-ou,j-q-x	1
小阳春	xiǎo yáng chūn	48564	an-ang,c-ch,j-q-x	1
旋转门	xuán zhuàn mén	48572	en-eng,uan-uang,z-zh,j-q-x	1
牙周病	yá zhōu bìng	48576	in-ing,ao-ou,z-zh	1
夜光杯	yè guāng bēi	48581	uan-uang,ai-ei	1
优抚金	yōu fǔ jīn	48587	in-ing,ao-ou,h-f,j-q-x	1
知更鸟	zhī gèng niǎo	48598	en-eng,z-zh,n-l	1
主河道	zhǔ hé dào	48604	ao-ou,z-zh,h-f	1
装样子	zhuāng yàng zi	48607	an-ang,uan-uang,z-zh	1
熬出头	áo chū tóu	48619	ao-ou,c-ch	1
八角形	bā jiǎo xíng	48620	in-ing,j-q-x	1
白癜风	bái diàn fēng	48623	en-eng,ian-iang,ai-ei,h-f	3
兵役制	bīng yì zhì	48634	in-ing,z-zh	1
大晴天	dà qíng tiān	48654	in-ing,ian-iang,j-q-x	1
大舌头	dà shé tou	48655	ao-ou,s-sh	1
代销店	dài xiāo diàn	48657	ian-iang,ai-ei,j-q-x	1
代议制	dài yì zhì	48658	ai-ei,z-zh	1
电力线	diàn lì xiàn	48668	ian-iang,n-l,r-l,j-q-x	1
多一半	duō yī bàn	48674	an-ang,ua-uo	1
纺织娘	fǎng zhī niáng	48682	an-ang,ian-iang,z-zh,n-l,h-f	1
非婚生	fēi hūn shēng	48684	en-eng,ai-ei,s-sh,h-f	1
肥皂剧	féi zào jù	48685	ai-ei,ao-ou,z-zh,h-f,j-q-x	1
够劲儿	gòu jìn er	48700	in-ing,ao-ou,j-q-x	1
广寒宫	guǎng hán gōng	48705	an-ang,uan-uang,h-f	1
裙带风	qún dài fēng	48707	en-eng,ai-ei,h-f,j-q-x	1
汗淋淋	hàn lín lín	48709	in-ing,an-ang,n-l,h-f,r-l	1
话家常	huà jiā cháng	48716	an-ang,ia-ie,ua-uo,c-ch,h-f,j-q-x	1
家常饭	jiā cháng fàn	48726	an-ang,ia-ie,c-ch,h-f,j-q-x	1
老交情	lǎo jiāo qíng	48739	in-ing,ao-ou,n-l,r-l,j-q-x	1
金本位	jīn běn wèi	48744	en-eng,in-ing,ai-ei,j-q-x	1
精密度	jīng mì dù	48749	in-ing,j-q-x	1
绝命书	jué mìng shū	48750	in-ing,s-sh,j-q-x	1
阔叶树	kuò yè shù	48753	ua-uo,s-sh	1
拉丁舞	lā dīng wǔ	48756	in-ing,n-l,r-l	1
辣椒油	là jiāo yóu	48757	ao-ou,n-l,r-l,j-q-x	1
老虎灶	lǎo hǔ zào	48759	ao-ou,z-zh,n-l,h-f,r-l	1
老脑筋	lǎo nǎo jīn	48760	in-ing,ao-ou,n-l,r-l,j-q-x	1
冷水澡	lěng shuǐ zǎo	48761	en-eng,ao-ou,z-zh,s-sh,n-l,r-l	1
麻醉师	má zuì shī	48775	z-zh,s-sh	1
美术字	měi shù zì	48778	ai-ei,z-zh,s-sh	1
棉织品	mián zhī pǐn	48782	in-ing,ian-iang,z-zh	1
面包房	miàn bāo fáng	48783	an-ang,ian-iang,ao-ou,h-f	1
拿架子	ná jià zi	48792	ia-ie,z-zh,n-l,j-q-x	1
三级片	sān jí piàn	48793	an-ang,ian-iang,s-sh,j-q-x	1
胖墩墩	pàng dūn dūn	48798	an-ang	1
跑单帮	pǎo dān bāng	48799	an-ang,ao-ou	1
平底鞋	píng dǐ xié	48803	in-ing,ia-ie,j-q-x	1
七巧板	qī qiǎo bǎn	48810	an-ang,j-q-x	1
沙发床	shā fā chuáng	48832	uan-uang,c-ch,s-sh,h-f	1
肾结石	shèn jié shí	48840	en-eng,ia-ie,s-sh,j-q-x	1
狮子狗	shī zi gǒu	48843	ao-ou,z-zh,s-sh	1
耍无赖	shuǎ wú lài	48853	ai-ei,ua-uo,s-sh,n-l,r-l	1
双氧水	shuāng yǎng shuǐ	48854	an-ang,uan-uang,s-sh	1
水浮莲	shuǐ fú lián	48855	ian-iang,s-sh,n-l,h-f,r-l	1
私房话	sī fang huà	48859	an-ang,ua-uo,s-sh,h-f	1
死火山	sǐ huǒ shān	48860	an-ang,ua-uo,s-sh,h-f	1
松花蛋	sōng huā dàn	48863	an-ang,ua-uo,s-sh,h-f	1
炭火盆	tàn huǒ pén	48868	en-eng,an-ang,ua-uo,h-f	1
套马杆	tào mǎ gān	48869	an-ang,ao-ou	1
挑刺儿	tiāo cì er	48873	c-ch	1
铁蚕豆	tiě cán dòu	48874	an-ang,ao-ou,ia-ie,c-ch	1
头班车	tóu bān chē	48879	an-ang,ao-ou,c-ch	1
无奈何	wú nài hé	48888	ai-ei,n-l,h-f	1
小钢炮	xiǎo gāng pào	48903	an-ang,ao-ou,j-q-x	1
小气鬼	xiǎo qì guǐ	48904	j-q-x	1
辛苦费	xīn kǔ fèi	48909	in-ing,ai-ei,h-f,j-q-x	1
印欧语	yì nōu yǔ	48933	ao-ou,n-l	1
硬通货	yìng tōng huò	48937	in-ing,ua-uo,h-f	1
鱼腥草	yú xīng cǎo	48942	in-ing,ao-ou,c-ch,j-q-x	1
站台票	zhàn tái piào	48950	an-ang,ai-ei,z-zh	1
针叶树	zhēn yè shù	48952	en-eng,z-zh,s-sh	1
正当年	zhèng dāng nián	48953	en-eng,an-ang,ian-iang,z-zh,n-l	1
正经话	zhèng jīng huà	48954	en-eng,in-ing,ua-uo,z-zh,h-f,j-q-x	1
直肠子	zhí cháng zi	48958	an-ang,z-zh,c-ch	1
中继线	zhōng jì xiàn	48960	ian-iang,z-zh,j-q-x	1
安全阀	ān quán fá	48972	an-ang,uan-uang,h-f,j-q-x	1
霸王鞭	bà wáng biān	48975	an-ang,ian-iang	1
保险带	bǎo xiǎn dài	48982	ian-iang,ai-ei,ao-ou,j-q-x	1
车前草	chē qián cǎo	48998	ian-iang,ao-ou,c-ch,j-q-x	1
撑门面	chēng mén mian	49001	en-eng,ian-iang,c-ch	1
出摊儿	chū tān er	49005	an-ang,c-ch	1
除虫菊	chú chóng jú	49007	c-ch,j-q-x	1
垂直线	chuí zhí xiàn	49010	ian-iang,z-zh,c-ch,j-q-x	1
凑份子	còu fèn zi	49013	en-eng,ao-ou,z-zh,c-ch,h-f	1
醋劲儿	cù jìn er	49015	in-ing,c-ch,j-q-x	1
打擂台	dǎ lèi tái	49019	ai-ei,n-l,r-l	1
打拍子	dǎ pāi zi	49020	ai-ei,z-zh	1
打印纸	dǎ yìn zhǐ	49022	in-ing,z-zh	1
戴绿帽	dài lǜ mào	49026	ai-ei,ao-ou,n-l,r-l	1
单元门	dān yuán mén	49027	en-eng,an-ang,uan-uang	1
倒栽葱	dào zāi cōng	49031	ai-ei,ao-ou,z-zh,c-ch	1
抖威风	dǒu wēi fēng	49038	en-eng,ai-ei,ao-ou,h-f	1
短不了	duǎn bu liǎo	49043	uan-uang,n-l,r-l	1
凤尾竹	fèng wěi zhú	49055	en-eng,ai-ei,z-zh,h-f	1
干亲家	gān qìng jia	49059	in-ing,an-ang,ia-ie,j-q-x	1
赶任务	gǎn rèn wù	49060	en-eng,an-ang,r-l	1
感叹号	gǎn tàn hào	49062	an-ang,ao-ou,h-f	1
歌咏队	gē yǒng duì	49066		1
工间操	gōng jiān cāo	49068	ian-iang,ao-ou,c-ch,j-q-x	1
古文献	gǔ wén xiàn	49071	en-eng,ian-iang,j-q-x	1
管乐器	guǎn yuè qì	49076	uan-uang,j-q-x	1
鬼画符	guǐ huà fú	49080	ua-uo,h-f	1
汗背心	hàn bèi xīn	49085	in-ing,an-ang,ai-ei,h-f,j-q-x	1
汗涔涔	hàn cén cén	49086	en-eng,an-ang,c-ch,h-f	3
耗子药	hào zǐ yào	49087	ao-ou,z-zh,h-f	1
华达呢	huá dá ní	49094	ua-uo,n-l,h-f	1
金丝雀	jīn sī què	49113	in-ing,s-sh,j-q-x	1
喀斯特	kā sī tè	49118	s-sh	3
区块链	qū kuài liàn	49121	ian-iang,n-l,r-l,j-q-x	1
老样子	lǎo yàng zǐ	49129	an-ang,ao-ou,z-zh,n-l,r-l	1
雷达兵	léi dá bīng	49130	in-ing,ai-ei,n-l,r-l	1
亮光光	liàng guāng guāng	49134	ian-iang,uan-uang,n-l,r-l	1
马大哈	mǎ dà hā	49143	h-f	1
煤气炉	méi qì lú	49150	ai-ei,n-l,r-l,j-q-x	1
蒙汗药	méng hàn yào	49151	en-eng,an-ang,ao-ou,h-f	1
密麻麻	mì má má	49155		1
跑码头	pǎo mǎ tou	49176	ao-ou	1
强击机	qiáng jī jī	49189	ian-iang,j-q-x	1
热门货	rè mén huò	49197	en-eng,ua-uo,h-f,r-l	1
认死理	rèn sǐ lǐ	49199	en-eng,s-sh,n-l,r-l	1
石斑鱼	shí bān yú	49217	an-ang,s-sh	1
双簧管	shuāng huáng guǎn	49223	uan-uang,s-sh,h-f	1
说头儿	shuō tou er	49229	ao-ou,ua-uo,s-sh	1
四言诗	sì yán shī	49231	an-ang,s-sh	1
蒜瓣儿	suàn bàn er	49232	an-ang,uan-uang,s-sh	1
通风口	tōng fēng kǒu	49246	en-eng,ao-ou,h-f	1
无头案	wú tóu àn	49255	an-ang,ao-ou	1
冷笑话	lěng xiào hua	49266	en-eng,ua-uo,n-l,h-f,r-l,j-q-x	1
相思鸟	xiāng sī niǎo	49268	ian-iang,s-sh,n-l,j-q-x	1
学徒工	xué tú gōng	49281	j-q-x	1
引火线	yǐn huǒ xiàn	49298	in-ing,ian-iang,ua-uo,h-f,j-q-x	1
印子钱	yìn zi qián	49299	in-ing,ian-iang,z-zh,j-q-x	1
优选法	yōu xuǎn fǎ	49300	uan-uang,ao-ou,h-f,j-q-x	1
有日子	yǒu rì zi	49301	ao-ou,z-zh,r-l	1
原子钟	yuán zǐ zhōng	49305	uan-uang,z-zh	1
圆白菜	yuán bái cài	49306	uan-uang,ai-ei,c-ch	1
战列舰	zhàn liè jiàn	49309	an-ang,ian-iang,ia-ie,z-zh,n-l,r-l,j-q-x	1
执牛耳	zhí niú ěr	49312	z-zh,n-l	1
中晚期	zhōng wǎn qī	49317	an-ang,z-zh,j-q-x	1
肘关节	zhǒu guān jié	49319	uan-uang,ao-ou,ia-ie,z-zh,j-q-x	1
竹制品	zhú zhì pǐn	49321	in-ing,z-zh	1
八宝粥	bā bǎo zhōu	49330	ao-ou,z-zh	1
白蒙蒙	bái méng méng	49331	en-eng,ai-ei	1
摆擂台	bǎi lèi tái	49334	ai-ei,n-l,r-l	1
包活儿	bāo huó er	49335	ao-ou,ua-uo,h-f	1
杯中物	bēi zhōng wù	49339	ai-ei,z-zh	1
辈数儿	bèi shù er	49342	ai-ei,s-sh	1
壁挂式	bì guà shì	49346	ua-uo,s-sh	1
辩护权	biàn hù quán	49348	ian-iang,uan-uang,h-f,j-q-x	1
标准音	biāo zhǔn yīn	49349	in-ing,z-zh	1
并蒂莲	bìng dì lián	49352	in-ing,ian-iang,n-l,r-l	1
病包儿	bìng bāo er	49353	in-ing,ao-ou	1
播音室	bō yīn shì	49354	in-ing,s-sh	1
不点儿	bù diǎn er	49360	ian-iang	1
菜帮子	cài bāng zi	49365	an-ang,ai-ei,z-zh,c-ch	1
肠胃病	cháng wèi bìng	49372	in-ing,an-ang,ai-ei,c-ch	1
超高温	chāo gāo wēn	49374	en-eng,ao-ou,c-ch	1
抽水站	chōu shuǐ zhàn	49387	an-ang,ao-ou,z-zh,c-ch,s-sh	1
出勤率	chū qín lǜ	49389	in-ing,c-ch,n-l,r-l,j-q-x	1
打伙儿	dǎ huǒ er	49401	ua-uo,h-f	1
打掩护	dǎ yǎn hù	49402	an-ang,h-f	1
大伯子	dà bǎi zi	49404	ai-ei,z-zh	1
灯笼裤	dēng long kù	49409	en-eng,n-l,r-l	1
地板砖	dì bǎn zhuān	49411	an-ang,uan-uang,z-zh	1
递眼色	dì yǎn sè	49412	an-ang,s-sh	1
法兰绒	fǎ lán róng	49416	an-ang,n-l,h-f,r-l	1
防护罩	fáng hù zhào	49421	an-ang,ao-ou,z-zh,h-f	1
复写纸	fù xiě zhǐ	49435	ia-ie,z-zh,h-f,j-q-x	1
仡佬族	gē lǎo zú	49439	ao-ou,z-zh,n-l,r-l	3
工装裤	gōng zhuāng kù	49442	uan-uang,z-zh	1
旱冰鞋	hàn bīng xié	49456	in-ing,an-ang,ia-ie,h-f,j-q-x	1
航天服	háng tiān fú	49458	an-ang,ian-iang,h-f	1
红皮书	hóng pí shū	49463	s-sh,h-f	1
后脊梁	hòu jǐ liang	49465	ian-iang,ao-ou,n-l,h-f,r-l,j-q-x	1
花生酱	huā shēng jiàng	49468	en-eng,ian-iang,ua-uo,s-sh,h-f,j-q-x	1
尖溜溜	jiān liū liū	49481	ian-iang,n-l,r-l,j-q-x	1
间接税	jiàn jiē shuì	49483	ian-iang,ia-ie,s-sh,j-q-x	1
金丝绒	jīn sī róng	49487	in-ing,s-sh,r-l,j-q-x	1
看不上	kàn bù shàng	49498	an-ang,s-sh	1
两院制	liǎng yuàn zhì	49513	ian-iang,uan-uang,z-zh,n-l,r-l	1
录取线	lù qǔ xiàn	49518	ian-iang,n-l,r-l,j-q-x	1
卖身契	mài shēn qì	49520	en-eng,ai-ei,s-sh,j-q-x	1
毛边纸	máo biān zhǐ	49522	ian-iang,ao-ou,z-zh	1
内装修	nèi zhuāng xiū	49536	uan-uang,ai-ei,z-zh,n-l,j-q-x	1
跑旱船	pǎo hàn chuán	49545	an-ang,uan-uang,ao-ou,c-ch,h-f	1
跑江湖	pǎo jiāng hú	49546	ian-iang,ao-ou,h-f,j-q-x	1
青年宫	qīng nián gōng	49559	in-ing,ian-iang,n-l,j-q-x	1
取暖器	qǔ nuǎn qì	49567	uan-uang,n-l,j-q-x	1
日偏食	rì piān shí	49572	ian-iang,s-sh,r-l	1
色情狂	sè qíng kuáng	49576	in-ing,uan-uang,s-sh,j-q-x	1
上岁数	shàng suì shu	49581	an-ang,s-sh	1
烧高香	shāo gāo xiāng	49582	ian-iang,ao-ou,s-sh,j-q-x	1
生物电	shēng wù diàn	49585	en-eng,ian-iang,s-sh	1
狮子舞	shī zi wǔ	49586	z-zh,s-sh	1
石钟乳	shí zhōng rǔ	49588	z-zh,s-sh,r-l	1
柿子椒	shì zi jiāo	49592	z-zh,s-sh,j-q-x	1
耍脾气	shuǎ pí qi	49599	ua-uo,s-sh,j-q-x	1
拴马桩	shuān mǎ zhuāng	49600	uan-uang,z-zh,s-sh	1
送人情	sòng rén qíng	49605	en-eng,in-ing,s-sh,r-l,j-q-x	1
燧人氏	suì rén shì	49607	en-eng,s-sh,r-l	3
坏招儿	huài zhāo er	49608	ao-ou,z-zh,h-f	1
弹簧床	tán huáng chuáng	49611	an-ang,uan-uang,c-ch,h-f	1
特赦令	tè shè lìng	49615	in-ing,s-sh,n-l,r-l	1
填鸭式	tián yā shì	49620	ian-iang,s-sh	1
秃瓢儿	tū piáo er	49623		1
土霉素	tǔ méi sù	49625	ai-ei,s-sh	1
五斗柜	wǔ dǒu guì	49636	ao-ou	1
喜盈盈	xǐ yíng yíng	49643	in-ing,j-q-x	1
下九流	xià jiǔ liú	49649	ia-ie,n-l,r-l,j-q-x	1
小同乡	xiǎo tóng xiāng	49657	ian-iang,j-q-x	1
斜纹布	xié wén bù	49659	en-eng,ia-ie,j-q-x	1
叙家常	xù jiā cháng	49664	an-ang,ia-ie,c-ch,j-q-x	1
油橄榄	yóu gǎn lǎn	49678	an-ang,ao-ou,n-l,r-l	1
鱼雷艇	yú léi tǐng	49680	in-ing,ai-ei,n-l,r-l	1
贼溜溜	zéi liū liū	49694	ai-ei,z-zh,n-l,r-l	1
章回体	zhāng huí tǐ	49699	an-ang,z-zh,h-f	1
祝酒歌	zhù jiǔ gē	49709	z-zh,j-q-x	1
转氨酶	zhuǎn ān méi	49711	an-ang,uan-uang,ai-ei,z-zh	3
做鬼脸	zuò guǐ liǎn	49717	ian-iang,ua-uo,z-zh,n-l,r-l	1
安全岛	ān quán dǎo	49719	an-ang,uan-uang,ao-ou,j-q-x	1
白头翁	bái tóu wēng	49721	en-eng,ai-ei,ao-ou	1
病号饭	bìng hào fàn	49739	in-ing,an-ang,ao-ou,h-f	1
病恹恹	bìng yān yān	49740	in-ing,an-ang	3
常春藤	cháng chūn téng	49753	en-eng,an-ang,c-ch	1
出入证	chū rù zhèng	49763	en-eng,z-zh,c-ch,r-l	1
练嗓子	liàn sǎng zi	49764	an-ang,ian-iang,z-zh,s-sh,n-l,r-l	1
搭架子	dā jià zi	49773	ia-ie,z-zh,j-q-x	1
知己话	zhī jǐ huà	49777	ua-uo,z-zh,h-f,j-q-x	1
打老虎	dǎ lǎo hǔ	49778	ao-ou,n-l,h-f,r-l	1
大礼服	dà lǐ fú	49779	n-l,h-f,r-l	1
代办处	dài bàn chǔ	49781	an-ang,ai-ei,c-ch	1
蛋卷儿	dàn juǎn er	49787	an-ang,uan-uang,j-q-x	1
当不起	dāng bu qǐ	49788	an-ang,j-q-x	1
导航员	dǎo háng yuán	49791	an-ang,uan-uang,ao-ou,h-f	1
典型化	diǎn xíng huà	49798	in-ing,ian-iang,ua-uo,h-f,j-q-x	1
电热器	diàn rè qì	49799	ian-iang,r-l,j-q-x	1
电影厅	diàn yǐng tīng	49801	in-ing,ian-iang	1
儿童村	ér tóng cūn	49812	c-ch	1
二手货	èr shǒu huò	49813	ao-ou,ua-uo,s-sh,h-f	1
私活儿	sī huó er	49814	ua-uo,s-sh,h-f	1
感光度	gǎn guāng dù	49823	an-ang,uan-uang	1
高岭土	gāo lǐng tǔ	49825	in-ing,ao-ou,n-l,r-l	1
高山病	gāo shān bìng	49826	in-ing,an-ang,ao-ou,s-sh	1
虹鳟鱼	hóng zūn yú	49841	z-zh,h-f	3
黄褐斑	huáng hè bān	49845	an-ang,uan-uang,h-f	1
黄粱梦	huáng liáng mèng	49846	en-eng,ian-iang,uan-uang,n-l,h-f,r-l	1
黄梅雨	huáng méi yǔ	49847	uan-uang,ai-ei,h-f	1
火电站	huǒ diàn zhàn	49852	an-ang,ian-iang,ua-uo,z-zh,h-f	1
货郎担	huò láng dàn	49853	an-ang,ua-uo,n-l,h-f,r-l	1
纪念卡	jì niàn kǎ	49856	ian-iang,n-l,j-q-x	1
夹生饭	jiā shēng fàn	49857	en-eng,an-ang,ia-ie,s-sh,h-f,j-q-x	1
碱面儿	jiǎn miàn er	49859	ian-iang,j-q-x	1
救生筏	jiù shēng fá	49879	en-eng,s-sh,h-f,j-q-x	1
拦河坝	lán hé bà	49885	an-ang,n-l,h-f,r-l	1
流窜犯	liú cuàn fàn	49896	an-ang,uan-uang,c-ch,n-l,h-f,r-l	1
卵磷脂	luǎn lín zhī	49901	in-ing,uan-uang,z-zh,n-l,r-l	1
卖苦力	mài kǔ lì	49903	ai-ei,n-l,r-l	1
煤气表	méi qì biǎo	49904	ai-ei,j-q-x	1
棉纤维	mián xiān wéi	49911	ian-iang,ai-ei,j-q-x	1
七弦琴	qī xián qín	49930	in-ing,ian-iang,j-q-x	1
气吁吁	qì xū xū	49932	j-q-x	1
枪榴弹	qiāng liú dàn	49933	an-ang,ian-iang,n-l,r-l,j-q-x	1
跷跷板	qiāo qiāo bǎn	49936	an-ang,j-q-x	1
软饮料	ruǎn yǐn liào	49945	in-ing,uan-uang,n-l,r-l	1
上下水	shàng xià shuǐ	49951	an-ang,ia-ie,s-sh,j-q-x	1
生活照	shēng huó zhào	49954	en-eng,ao-ou,ua-uo,z-zh,s-sh,h-f	1
四方步	sì fāng bù	49970	an-ang,s-sh,h-f	1
太空服	tài kōng fú	49973	ai-ei,h-f	1
太平门	tài píng mén	49974	en-eng,in-ing,ai-ei	1
体检表	tǐ jiǎn biǎo	49977	ian-iang,j-q-x	1
挖墙脚	wā qiáng jiǎo	49990	ian-iang,j-q-x	1
外姓人	wài xìng rén	49991	en-eng,in-ing,ai-ei,r-l,j-q-x	1
文抄公	wén chāo gōng	49997	en-eng,ao-ou,c-ch	1
五官科	wǔ guān kē	49999	uan-uang	1
吸铁石	xī tiě shí	50001	ia-ie,s-sh,j-q-x	1
橡皮筏	xiàng pí fá	50011	ian-iang,h-f,j-q-x	1
形象性	xíng xiàng xìng	50014	in-ing,ian-iang,j-q-x	1
修订版	xiū dìng bǎn	50016	in-ing,an-ang,j-q-x	1
雪里蕻	xuě lǐ hóng	50022	n-l,h-f,r-l,j-q-x	3
烟幕弹	yān mù dàn	50026	an-ang	1
掩蔽部	yǎn bì bù	50029	an-ang	1
供应链	gōng yìng liàn	50042	in-ing,ian-iang,n-l,r-l	1
玉米螟	yù mǐ míng	50051	in-ing	3
圆领衫	yuán lǐng shān	50052	in-ing,an-ang,uan-uang,s-sh,n-l,r-l	1
韵律操	yùn lǜ cāo	50053	ao-ou,c-ch,n-l,r-l	1
藏红花	zàng hóng huā	50055	an-ang,ua-uo,z-zh,h-f	1
枕边风	zhěn biān fēng	50067	en-eng,ian-iang,z-zh,h-f	1
直接税	zhí jiē shuì	50070	ia-ie,z-zh,s-sh,j-q-x	1
直通通	zhí tōng tōng	50071	z-zh	1
周转房	zhōu zhuǎn fáng	50076	an-ang,uan-uang,ao-ou,z-zh,h-f	1
祝酒词	zhù jiǔ cí	50077	z-zh,c-ch,j-q-x	1
装饰布	zhuāng shì bù	50079	uan-uang,z-zh,s-sh	1
紫穗槐	zǐ suì huái	50082	z-zh,s-sh,h-f	1
抱团儿	bào tuán er	50093	uan-uang,ao-ou	1
不干胶	bù gān jiāo	50106	an-ang,j-q-x	1
彩墨画	cǎi mò huà	50108	ai-ei,ua-uo,c-ch,h-f	1
长方体	cháng fāng tǐ	50113	an-ang,c-ch,h-f	1
长毛绒	cháng máo róng	50114	an-ang,ao-ou,c-ch,r-l	1
出生证	chū shēng zhèng	50125	en-eng,z-zh,c-ch,s-sh	1
大礼拜	dà lǐ bài	50131	ai-ei,n-l,r-l	1
大屋顶	dà wū dǐng	50132	in-ing	1
蛋炒饭	dàn chǎo fàn	50136	an-ang,ao-ou,c-ch,h-f	1
低能儿	dī néng ér	50141	en-eng,n-l	1
二五眼	èr wǔ yǎn	50151	an-ang	1
发洋财	fā yáng cái	50152	an-ang,ai-ei,c-ch,h-f	1
凡士林	fán shì lín	50153	in-ing,an-ang,s-sh,n-l,h-f,r-l	1
古体诗	gǔ tǐ shī	50168	s-sh	1
好身手	hǎo shēn shǒu	50181	en-eng,ao-ou,s-sh,h-f	1
黑死病	hēi sǐ bìng	50184	in-ing,ai-ei,s-sh,h-f	1
呼啦圈	hū lā quān	50189	uan-uang,n-l,h-f,r-l,j-q-x	1
黄泛区	huáng fàn qū	50196	an-ang,uan-uang,h-f,j-q-x	1
茴香豆	huí xiāng dòu	50198	ian-iang,ao-ou,h-f,j-q-x	3
火花塞	huǒ huā sāi	50202	ai-ei,ua-uo,s-sh,h-f	1
火头军	huǒ tóu jūn	50203	ao-ou,ua-uo,h-f,j-q-x	1
机关炮	jī guān pào	50205	uan-uang,ao-ou,j-q-x	1
家天下	jiā tiān xià	50209	ian-iang,ia-ie,j-q-x	1
卡宾枪	kǎ bīn qiāng	50227	in-ing,ian-iang,j-q-x	1
可视性	kě shì xìng	50230	in-ing,s-sh,j-q-x	1
老虎钳	lǎo hǔ qián	50242	ian-iang,ao-ou,n-l,h-f,r-l,j-q-x	1
立方体	lì fāng tǐ	50246	an-ang,n-l,h-f,r-l	1
两点论	liǎng diǎn lùn	50249	ian-iang,n-l,r-l	1
淋浴器	lín yù qì	50251	in-ing,n-l,r-l,j-q-x	1
六边形	liù biān xíng	50254	in-ing,ian-iang,n-l,r-l,j-q-x	1
孪生子	luán shēng zǐ	50258	en-eng,uan-uang,z-zh,s-sh,n-l,r-l	3
落俗套	luò sú tào	50259	ao-ou,ua-uo,s-sh,n-l,r-l	1
帽盔儿	mào kuī er	50265	ao-ou	1
妙招儿	miào zhāo er	50270	ao-ou,z-zh	1
闹乱子	nào luàn zi	50275	uan-uang,ao-ou,z-zh,n-l,r-l	1
尼龙袋	ní lóng dài	50276	ai-ei,n-l,r-l	1
铅笔画	qiān bǐ huà	50295	ian-iang,ua-uo,h-f,j-q-x	1
热加工	rè jiā gōng	50304	ia-ie,r-l,j-q-x	1
丧门星	sāng mén xīng	50311	en-eng,in-ing,an-ang,s-sh,j-q-x	1
十字镐	shí zì gǎo	50318	ao-ou,z-zh,s-sh	1
石子儿	shí zǐ er	50319	z-zh,s-sh	1
手提式	shǒu tí shì	50321	ao-ou,s-sh	1
双学位	shuāng xué wèi	50328	uan-uang,ai-ei,s-sh,j-q-x	1
水蛇腰	shuǐ shé yāo	50329	ao-ou,s-sh	1
顺时针	shùn shí zhēn	50330	en-eng,z-zh,s-sh	1
松紧带	sōng jǐn dài	50331	in-ing,ai-ei,s-sh,j-q-x	1
速生林	sù shēng lín	50333	en-eng,in-ing,s-sh,n-l,r-l	1
缩略语	suō lüè yǔ	50334	ua-uo,s-sh,n-l,r-l	1
太阳帽	tài yáng mào	50339	an-ang,ai-ei,ao-ou	1
弹簧钢	tán huáng gāng	50341	an-ang,uan-uang,h-f	1
铜版画	tóng bǎn huà	50346	an-ang,ua-uo,h-f	1
玩花样	wán huā yàng	50352	an-ang,ua-uo,h-f	1
涡轮机	wō lún jī	50358	n-l,r-l,j-q-x	1
五子棋	wǔ zǐ qí	50360	z-zh,j-q-x	1
戏曲片	xì qǔ piàn	50363	ian-iang,j-q-x	1
纤维瘤	xiān wéi liú	50365	ian-iang,ai-ei,n-l,r-l,j-q-x	1
咸水湖	xián shuǐ hú	50366	ian-iang,s-sh,h-f,j-q-x	1
现世报	xiàn shì bào	50367	ian-iang,ao-ou,s-sh,j-q-x	1
小年轻	xiǎo nián qīng	50372	in-ing,ian-iang,n-l,j-q-x	1
笑面虎	xiào miàn hǔ	50373	ian-iang,h-f,j-q-x	1
泄洪道	xiè hóng dào	50374	ao-ou,ia-ie,h-f,j-q-x	1
鸭嘴兽	yā zuǐ shòu	50385	ao-ou,z-zh,s-sh	1
译制片	yì zhì piàn	50398	ian-iang,z-zh	1
油罐车	yóu guàn chē	50404	uan-uang,ao-ou,c-ch	1
语言关	yǔ yán guān	50407	an-ang,uan-uang	1
摘桃子	zhāi táo zi	50411	ai-ei,ao-ou,z-zh	1
职业装	zhí yè zhuāng	50419	uan-uang,z-zh	1
指北针	zhǐ běi zhēn	50420	en-eng,ai-ei,z-zh	1
装配工	zhuāng pèi gōng	50425	uan-uang,ai-ei,z-zh	1
走调儿	zǒu diào er	50432	ao-ou,z-zh	1
半吊子	bàn diào zi	50439	an-ang,z-zh	1
壁上观	bì shàng guān	50448	an-ang,uan-uang,s-sh	1
唱红脸	chàng hóng liǎn	50462	an-ang,ian-iang,c-ch,n-l,h-f,r-l	1
吃白食	chī bái shí	50466	ai-ei,c-ch,s-sh	1
答辩会	dá biàn huì	50481	ian-iang,h-f	1
大路菜	dà lù cài	50486	ai-ei,c-ch,n-l,r-l	1
挡车工	dǎng chē gōng	50488	an-ang,c-ch	1
低血压	dī xuè yā	50489	j-q-x	1
店小二	diàn xiǎo èr	50498	ian-iang,j-q-x	1
儿皇帝	ér huáng dì	50505	uan-uang,h-f	1
仿生学	fǎng shēng xué	50510	en-eng,an-ang,s-sh,h-f,j-q-x	1
放空炮	fàng kōng pào	50511	an-ang,ao-ou,h-f	1
放冷箭	fàng lěng jiàn	50512	en-eng,an-ang,ian-iang,n-l,h-f,r-l,j-q-x	1
份儿饭	fèn er fàn	50514	en-eng,an-ang,h-f	1
福音书	fú yīn shū	50516	in-ing,s-sh,h-f	1
赶潮流	gǎn cháo liú	50520	an-ang,ao-ou,c-ch,n-l,r-l	1
黑啤酒	hēi pí jiǔ	50543	ai-ei,h-f,j-q-x	1
后备役	hòu bèi yì	50546	ai-ei,ao-ou,h-f	1
虎着脸	hǔ zhe liǎn	50548	ian-iang,z-zh,n-l,h-f,r-l	1
黄连素	huáng lián sù	50551	ian-iang,uan-uang,s-sh,n-l,h-f,r-l	1
活靶子	huó bǎ zi	50555	ua-uo,z-zh,h-f	1
活报剧	huó bào jù	50556	ao-ou,ua-uo,h-f,j-q-x	1
火药库	huǒ yào kù	50558	ao-ou,ua-uo,h-f	1
集中制	jí zhōng zhì	50564	z-zh,j-q-x	1
降半旗	jiàng bàn qí	50572	an-ang,ian-iang,j-q-x	1
禁得起	jīn de qǐ	50577	in-ing,j-q-x	1
警匪片	jǐng fěi piàn	50579	in-ing,ian-iang,ai-ei,h-f,j-q-x	1
喇叭筒	lǎ ba tǒng	50588	n-l,r-l	1
累进税	lěi jìn shuì	50591	in-ing,ai-ei,s-sh,n-l,r-l,j-q-x	1
冷藏库	lěng cáng kù	50593	en-eng,an-ang,c-ch,n-l,r-l	1
灵芝草	líng zhī cǎo	50602	in-ing,ao-ou,z-zh,c-ch,n-l,r-l	1
驴肝肺	lǘ gān fèi	50606	an-ang,ai-ei,n-l,h-f,r-l	1
马后炮	mǎ hòu pào	50608	ao-ou,h-f	1
内出血	nèi chū xuè	50627	ai-ei,c-ch,n-l,j-q-x	1
汽油弹	qì yóu dàn	50644	an-ang,ao-ou,j-q-x	1
牵线人	qiān xiàn rén	50645	en-eng,ian-iang,r-l,j-q-x	1
人头税	rén tóu shuì	50661	en-eng,ao-ou,s-sh,r-l	1
撒欢儿	sā huān er	50666	uan-uang,s-sh,h-f	1
三原色	sān yuán sè	50667	an-ang,uan-uang,s-sh	1
山毛榉	shān máo jǔ	50672	an-ang,ao-ou,s-sh,j-q-x	3
耍把戏	shuǎ bǎ xì	50686	ua-uo,s-sh,j-q-x	1
水晶石	shuǐ jīng shí	50689	in-ing,s-sh,j-q-x	1
水暖工	shuǐ nuǎn gōng	50691	uan-uang,s-sh,n-l	1
思考题	sī kǎo tí	50696	ao-ou,s-sh	1
轧马路	yà mǎ lù	50713	n-l,r-l	1
万户侯	wàn hù hóu	50718	an-ang,ao-ou,h-f	1
卫道士	wèi dào shì	50723	ai-ei,ao-ou,s-sh	1
亮红灯	liàng hóng dēng	50731	en-eng,ian-iang,n-l,h-f,r-l	1
小报告	xiǎo bào gào	50739	ao-ou,j-q-x	1
八宝箱	bā bǎo xiāng	50743	ian-iang,ao-ou,j-q-x	1
学究气	xué jiū qì	50753	j-q-x	1
油乎乎	yóu hū hū	50775	ao-ou,h-f	1
有门儿	yǒu mén er	50776	en-eng,ao-ou	1
预决算	yù jué suàn	50777	uan-uang,s-sh,j-q-x	1
脏活儿	zāng huó er	50783	an-ang,ua-uo,z-zh,h-f	1
脂肪瘤	zhī fáng liú	50791	an-ang,z-zh,n-l,h-f,r-l	1
掷弹筒	zhì dàn tǒng	50794	an-ang,z-zh	1
珠宝商	zhū bǎo shāng	50798	an-ang,ao-ou,z-zh,s-sh	1
自己人	zì jǐ rén	50803	en-eng,z-zh,r-l,j-q-x	1
字母表	zì mǔ biǎo	50804	z-zh	1
坐班房	zuò bān fáng	50808	an-ang,ua-uo,z-zh,h-f	1
暗扣儿	àn kòu er	50809	an-ang,ao-ou	1
比翼鸟	bǐ yì niǎo	50820	n-l	1
笔底下	bǐ dǐ xia	50821	ia-ie,j-q-x	1
不等式	bù děng shì	50827	en-eng,s-sh	1
草字头	cǎo zì tóu	50832	ao-ou,z-zh,c-ch	1
插班生	chā bān shēng	50836	en-eng,an-ang,c-ch,s-sh	1
吃干饭	chī gān fàn	50845	an-ang,c-ch,h-f	1
穿甲弹	chuān jiǎ dàn	50852	an-ang,uan-uang,ia-ie,c-ch,j-q-x	1
打卤面	dǎ lǔ miàn	50859	ian-iang,n-l,r-l	1
打埋伏	dǎ mái fu	50860	ai-ei,h-f	1
打气筒	dǎ qì tǒng	50861	j-q-x	1
大面儿	dà miàn er	50862	ian-iang	1
单元楼	dān yuán lóu	50865	an-ang,uan-uang,ao-ou,n-l,r-l	1
地窨子	dì yìn zi	50872	in-ing,z-zh	3
电唱机	diàn chàng jī	50874	an-ang,ian-iang,c-ch,j-q-x	1
鹅毛扇	é máo shàn	50889	an-ang,ao-ou,s-sh	1
耳报神	ěr bào shén	50890	en-eng,ao-ou,s-sh	1
二花脸	èr huā liǎn	50891	ian-iang,ua-uo,n-l,h-f,r-l	1
翻斗车	fān dǒu chē	50892	an-ang,ao-ou,c-ch,h-f	1
返销粮	fǎn xiāo liáng	50897	an-ang,ian-iang,n-l,h-f,r-l,j-q-x	1
复印纸	fù yìn zhǐ	50902	in-ing,z-zh,h-f	1
副伤寒	fù shāng hán	50903	an-ang,s-sh,h-f	1
赶浪头	gǎn làng tou	50906	an-ang,ao-ou,n-l,r-l	1
赶先进	gǎn xiān jìn	50907	in-ing,an-ang,ian-iang,j-q-x	1
高丽参	gāo lí cān	50910	an-ang,ao-ou,c-ch,n-l,r-l	1
雇佣兵	gù yōng bīng	50920	in-ing	1
海洋权	hǎi yáng quán	50929	an-ang,uan-uang,ai-ei,h-f,j-q-x	1
灰沉沉	huī chén chén	50954	en-eng,c-ch,h-f	1
会道门	huì dào mén	50955	en-eng,ao-ou,h-f	1
活地图	huó dì tú	50957	ua-uo,h-f	1
挤牙膏	jǐ yá gāo	50959	ao-ou,j-q-x	1
开快车	kāi kuài chē	50977	ai-ei,c-ch	1
猎潜艇	liè qián tǐng	50993	in-ing,ian-iang,ia-ie,n-l,r-l,j-q-x	1
骆驼刺	luò tuo cì	51002	ua-uo,c-ch,n-l,r-l	1
马粪纸	mǎ fèn zhǐ	51003	en-eng,z-zh,h-f	1
没的说	méi de shuō	51006	ai-ei,ua-uo,s-sh	1
玫瑰紫	méi gui zǐ	51007	ai-ei,z-zh	1
灭火剂	miè huǒ jì	51012	ia-ie,ua-uo,h-f,j-q-x	1
融媒体	róng méi tǐ	51015	ai-ei,r-l	1
柠檬汁	níng méng zhī	51024	en-eng,in-ing,z-zh,n-l	1
牛脖子	niú bó zi	51025	z-zh,n-l	1
赔钱货	péi qián huò	51029	ian-iang,ai-ei,ua-uo,h-f,j-q-x	1
片儿警	piàn er jǐng	51032	in-ing,ian-iang,j-q-x	1
签字笔	qiān zì bǐ	51043	ian-iang,z-zh,j-q-x	1
三角板	sān jiǎo bǎn	51058	an-ang,s-sh,j-q-x	1
爽身粉	shuǎng shēn fěn	51077	en-eng,uan-uang,s-sh,h-f	1
套头衫	tào tóu shān	51087	an-ang,ao-ou,s-sh	1
铁脚板	tiě jiǎo bǎn	51092	an-ang,ia-ie,j-q-x	1
秃尾巴	tū wěi ba	51096	ai-ei	1
土疙瘩	tǔ gē da	51097		1
外来词	wài lái cí	51099	ai-ei,c-ch,n-l,r-l	1
万事通	wàn shì tōng	51102	an-ang,s-sh	1
无影灯	wú yǐng dēng	51107	en-eng,in-ing	1
线装本	xiàn zhuāng běn	51116	en-eng,ian-iang,uan-uang,z-zh,j-q-x	1
销售处	xiāo shòu chǔ	51117	ao-ou,c-ch,s-sh,j-q-x	1
新闻片	xīn wén piàn	51122	en-eng,in-ing,ian-iang,j-q-x	1
信皮儿	xìn pí er	51123	in-ing,j-q-x	1
演绎法	yǎn yì fǎ	51140	an-ang,h-f	1
叶子烟	yè zi yān	51146	an-ang,z-zh	1
夜游神	yè yóu shén	51147	en-eng,ao-ou,s-sh	1
一米线	yī mǐ xiàn	51150	ian-iang,j-q-x	1
一年生	yī nián shēng	51152	en-eng,ian-iang,s-sh,n-l	1
音乐片	yīn yuè piàn	51158	in-ing,ian-iang	1
针线包	zhēn xiàn bāo	51183	en-eng,ian-iang,ao-ou,z-zh,j-q-x	1
侄女婿	zhí nǚ xu	51186	z-zh,n-l,j-q-x	1
侄孙女	zhí sūn nǚ	51187	z-zh,s-sh,n-l	1
准信儿	zhǔn xìn er	51202	in-ing,z-zh,j-q-x	1
百分数	bǎi fēn shù	51211	en-eng,ai-ei,s-sh,h-f	1
百事通	bǎi shì tōng	51212	ai-ei,s-sh	1
炒肝儿	chǎo gān er	51234	an-ang,ao-ou,c-ch	1
成品粮	chéng pǐn liáng	51237	en-eng,in-ing,ian-iang,c-ch,n-l,r-l	1
逞威风	chěng wēi fēng	51239	en-eng,ai-ei,c-ch,h-f	1
打棍子	dǎ gùn zi	51255	z-zh	1
单干户	dān gàn hù	51259	an-ang,h-f	1
刀子嘴	dāo zǐ zuǐ	51261	ao-ou,z-zh	1
电烤炉	diàn kǎo lú	51269	ian-iang,ao-ou,n-l,r-l	1
豆腐乳	dòu fu rǔ	51274	ao-ou,h-f,r-l	1
分离器	fēn lí qì	51288	en-eng,n-l,h-f,r-l,j-q-x	1
妇女病	fù nǚ bìng	51298	in-ing,n-l,h-f	1
观察室	guān chá shì	51313	uan-uang,c-ch,s-sh	1
鬼名堂	guǐ míng tang	51318	in-ing,an-ang	1
黑白片	hēi bái piàn	51326	ian-iang,ai-ei,h-f	1
红蜘蛛	hóng zhī zhū	51329	z-zh,h-f	1
花把式	huā bǎ shi	51333	ua-uo,s-sh,h-f	1
交战国	jiāo zhàn guó	51347	an-ang,ua-uo,z-zh,j-q-x	1
教唆犯	jiào suō fàn	51349	an-ang,ua-uo,s-sh,h-f,j-q-x	1
救生员	jiù shēng yuán	51353	en-eng,uan-uang,s-sh,j-q-x	1
克山病	kè shān bìng	51358	in-ing,an-ang,s-sh	1
空调病	kōng tiáo bìng	51360	in-ing	1
哭丧棒	kū sāng bàng	51362	an-ang,s-sh	1
老花眼	lǎo huā yǎn	51370	an-ang,ao-ou,ua-uo,n-l,h-f,r-l	1
老眼光	lǎo yǎn guāng	51371	an-ang,uan-uang,ao-ou,n-l,r-l	1
冷藏箱	lěng cáng xiāng	51372	en-eng,an-ang,ian-iang,c-ch,n-l,r-l,j-q-x	1
羚羊角	líng yáng jiǎo	51377	in-ing,an-ang,n-l,r-l,j-q-x	1
留后路	liú hòu lù	51379	ao-ou,n-l,h-f,r-l	1
龙须菜	lóng xū cài	51383	ai-ei,c-ch,n-l,r-l,j-q-x	1
猛劲儿	měng jìn er	51392	en-eng,in-ing,j-q-x	1
赔笑脸	péi xiào liǎn	51411	ian-iang,ai-ei,n-l,r-l,j-q-x	1
平底锅	píng dǐ guō	51420	in-ing,ua-uo	1
破折号	pò zhé hào	51422	ao-ou,z-zh,h-f	1
儒释道	rú shì dào	51443	ao-ou,s-sh,r-l	1
傻愣愣	shǎ lèng lèng	51447	en-eng,s-sh,n-l,r-l	1
守本分	shǒu běn fèn	51459	en-eng,ao-ou,s-sh,h-f	1
甩包袱	shuǎi bāo fu	51460	ao-ou,s-sh,h-f	1
说明文	shuō míng wén	51462	en-eng,in-ing,ua-uo,s-sh	1
送话器	sòng huà qì	51466	ua-uo,s-sh,h-f,j-q-x	1
太白星	tài bái xīng	51473	in-ing,ai-ei,j-q-x	1
菟丝子	tù sī zǐ	51482	z-zh,s-sh	3
推荐书	tuī jiàn shū	51483	ian-iang,s-sh,j-q-x	1
无用功	wú yòng gōng	51488		1
五更天	wǔ gēng tiān	51489	en-eng,ian-iang	1
嬉皮士	xī pí shì	51490	s-sh,j-q-x	3
仙客来	xiān kè lái	51495	ian-iang,ai-ei,n-l,r-l,j-q-x	1
现行犯	xiàn xíng fàn	51500	in-ing,an-ang,ian-iang,h-f,j-q-x	1
象形字	xiàng xíng zì	51503	in-ing,ian-iang,z-zh,j-q-x	1
小炉匠	xiǎo lú jiàng	51505	ian-iang,n-l,r-l,j-q-x	1
行方便	xíng fāng bian	51511	in-ing,an-ang,ian-iang,h-f,j-q-x	1
凶巴巴	xiōng bā bā	51512	j-q-x	1
血统论	xuè tǒng lùn	51520	n-l,r-l,j-q-x	1
羊毛毯	yáng máo tǎn	51525	an-ang,ao-ou	1
一风吹	yī fēng chuī	51529	en-eng,c-ch,h-f	1
疑心病	yí xīn bìng	51533	in-ing,j-q-x	1
油豆腐	yóu dòu fu	51539	ao-ou,h-f	1
幼稚病	yòu zhì bìng	51541	in-ing,ao-ou,z-zh	1
榆叶梅	yú yè méi	51542	ai-ei	1
樟脑丸	zhāng nǎo wán	51553	an-ang,ao-ou,z-zh,n-l	1
找婆家	zhǎo pó jia	51557	ao-ou,ia-ie,z-zh,j-q-x	1
照排机	zhào pái jī	51559	ai-ei,ao-ou,z-zh,j-q-x	1
照相簿	zhào xiàng bù	51560	ian-iang,ao-ou,z-zh,j-q-x	1
争上游	zhēng shàng yóu	51563	en-eng,an-ang,ao-ou,z-zh,s-sh	1
正比例	zhèng bǐ lì	51565	en-eng,z-zh,n-l,r-l	1
轴承钢	zhóu chéng gāng	51572	en-eng,an-ang,ao-ou,z-zh,c-ch	1
抓辫子	zhuā biàn zi	51575	ian-iang,ua-uo,z-zh	1
传记片	zhuàn jì piàn	51577	ian-iang,uan-uang,z-zh,j-q-x	1
阿昌族	ā chāng zú	51585	an-ang,z-zh,c-ch	1
八角帽	bā jiǎo mào	51587	ao-ou,j-q-x	1
白玩儿	bái wán er	51590	an-ang,ai-ei	1
半中间	bàn zhōng jiān	51594	an-ang,ian-iang,z-zh,j-q-x	1
绊马索	bàn mǎ suǒ	51596	an-ang,ua-uo,s-sh	1
不肖子	bù xiào zǐ	51608	z-zh,j-q-x	1
草头王	cǎo tóu wáng	51616	an-ang,ao-ou,c-ch	1
潮乎乎	cháo hū hū	51623	ao-ou,c-ch,h-f	1
吃白饭	chī bái fàn	51627	an-ang,ai-ei,c-ch,h-f	1
吃现成	chī xiàn chéng	51628	en-eng,ian-iang,c-ch,j-q-x	1
出门子	chū mén zi	51636	en-eng,z-zh,c-ch	1
初级社	chū jí shè	51637	c-ch,s-sh,j-q-x	1
打板子	dǎ bǎn zi	51647	an-ang,z-zh	1
大丽花	dà lì huā	51648	ua-uo,n-l,h-f,r-l	1
道林纸	dào lín zhǐ	51651	in-ing,ao-ou,z-zh,n-l,r-l	1
地板革	dì bǎn gé	51656	an-ang	1
地方话	dì fāng huà	51658	an-ang,ua-uo,h-f	1
地老虎	dì lǎo hǔ	51659	ao-ou,n-l,h-f,r-l	1
电火锅	diàn huǒ guō	51660	ian-iang,ua-uo,h-f	1
电警棍	diàn jǐng gùn	51661	in-ing,ian-iang,j-q-x	1
电熨斗	diàn yùn dǒu	51662	ian-iang,ao-ou	3
吊胃口	diào wèi kǒu	51665	ai-ei,ao-ou	1
兜生意	dōu shēng yi	51667	en-eng,ao-ou,s-sh	1
抖包袱	dǒu bāo fu	51668	ao-ou,h-f	1
防水层	fáng shuǐ céng	51680	en-eng,an-ang,c-ch,s-sh,h-f	1
隔离墩	gé lí dūn	51694	n-l,r-l	1
跟屁虫	gēn pì chóng	51695	en-eng,c-ch	1
工程车	gōng chéng chē	51696	en-eng,c-ch	1
观察哨	guān chá shào	51701	uan-uang,ao-ou,c-ch,s-sh	1
鬼精灵	guǐ jīng líng	51704	in-ing,n-l,r-l,j-q-x	1
海蛎子	hǎi lì zi	51707	ai-ei,z-zh,n-l,h-f,r-l	3
合成革	hé chéng gé	51714	en-eng,c-ch,h-f	1
喝倒彩	hè dào cǎi	51717	ai-ei,ao-ou,c-ch,h-f	1
红小豆	hóng xiǎo dòu	51720	ao-ou,h-f,j-q-x	1
花纱布	huā shā bù	51725	ua-uo,s-sh,h-f	1
回归热	huí guī rè	51730	h-f,r-l	1
火把节	huǒ bǎ jié	51733	ia-ie,ua-uo,h-f,j-q-x	1
火化场	huǒ huà chǎng	51734	an-ang,ua-uo,c-ch,h-f	1
基围虾	jī wéi xiā	51737	ai-ei,ia-ie,j-q-x	1
急救包	jí jiù bāo	51740	ao-ou,j-q-x	1
急就章	jí jiù zhāng	51741	an-ang,z-zh,j-q-x	1
集体户	jí tǐ hù	51742	h-f,j-q-x	1
架得住	jià de zhù	51746	ia-ie,z-zh,j-q-x	1
进军号	jìn jūn hào	51753	in-ing,ao-ou,h-f,j-q-x	1
开拓型	kāi tuò xíng	51761	in-ing,ai-ei,ua-uo,j-q-x	1
开心果	kāi xīn guǒ	51762	in-ing,ai-ei,ua-uo,j-q-x	1
康拜因	kāng bài yīn	51765	in-ing,an-ang,ai-ei	1
客里空	kè lǐ kōng	51767	n-l,r-l	1
空手道	kōng shǒu dào	51770	ao-ou,s-sh	1
孔雀蓝	kǒng què lán	51771	an-ang,n-l,r-l,j-q-x	1
口水战	kǒu shuǐ zhàn	51774	an-ang,ao-ou,z-zh,s-sh	1
兰花指	lán huā zhǐ	51782	an-ang,ua-uo,z-zh,n-l,h-f,r-l	1
捞油水	lāo yóu shui	51784	ao-ou,s-sh,n-l,r-l	1
冷藏室	lěng cáng shì	51789	en-eng,an-ang,c-ch,s-sh,n-l,r-l	1
抹稀泥	mǒ xī ní	51817	n-l,j-q-x	1
配电网	pèi diàn wǎng	51830	an-ang,ian-iang,ai-ei	1
碰碰车	pèng peng chē	51831	en-eng,c-ch	1
霹雳舞	pī lì wǔ	51833	n-l,r-l	1
平方尺	píng fāng chǐ	51836	in-ing,an-ang,c-ch,h-f	1
清洁车	qīng jié chē	51844	in-ing,ia-ie,c-ch,j-q-x	1
绕远儿	rào yuǎn er	51850	uan-uang,ao-ou,r-l	1
三八式	sān bā shì	51854	an-ang,s-sh	1
桑拿浴	sāng ná yù	51855	an-ang,s-sh,n-l	1
生死簿	shēng sǐ bù	51864	en-eng,s-sh	1
省略号	shěng lüè hào	51865	en-eng,ao-ou,s-sh,n-l,h-f,r-l	1
使绊儿	shǐ bàn er	51871	an-ang,s-sh	1
屎壳郎	shǐ ke láng	51872	an-ang,s-sh,n-l,r-l	1
守摊子	shǒu tān zi	51875	an-ang,ao-ou,z-zh,s-sh	1
鼠标器	shǔ biāo qì	51879	s-sh,j-q-x	1
死劲儿	sǐ jìn er	51885	in-ing,s-sh,j-q-x	1
太阳灶	tài yáng zào	51890	an-ang,ai-ei,ao-ou,z-zh	1
讨便宜	tǎo pián yi	51893	ian-iang,ao-ou	1
挑战书	tiǎo zhàn shū	51897	an-ang,z-zh,s-sh	1
通心粉	tōng xīn fěn	51899	en-eng,in-ing,h-f,j-q-x	1
文件名	wén jiàn míng	51905	en-eng,in-ing,ian-iang,j-q-x	1
弦乐器	xián yuè qì	51913	ian-iang,j-q-x	1
小步舞	xiǎo bù wǔ	51920	j-q-x	1
小淘气	xiǎo táo qì	51922	ao-ou,j-q-x	1
夜视仪	yè shì yí	51941	s-sh	1
一锅煮	yī guō zhǔ	51942	ua-uo,z-zh	1
一路货	yī lù huò	51943	ua-uo,n-l,h-f,r-l	1
园艺师	yuán yì shī	51959	uan-uang,s-sh	1
运输舰	yùn shū jiàn	51962	ian-iang,s-sh,j-q-x	1
针鼻儿	zhēn bí er	51969	en-eng,z-zh	1
正当中	zhèng dāng zhōng	51972	en-eng,an-ang,z-zh	1
直性子	zhí xìng zi	51977	in-ing,z-zh,j-q-x	1
种子队	zhǒng zi duì	51981	z-zh	1
重点校	zhòng diǎn xiào	51982	ian-iang,z-zh,j-q-x	1
重晶石	zhòng jīng shí	51983	in-ing,z-zh,s-sh,j-q-x	1
爆破筒	bào pò tǒng	52004	ao-ou	1
自贸区	zì mào qū	52021	ao-ou,z-zh,j-q-x	1
草底儿	cǎo dǐ er	52025	ao-ou,c-ch	1
炒冷饭	chǎo lěng fàn	52028	en-eng,an-ang,ao-ou,c-ch,n-l,h-f,r-l	1
吃大户	chī dà hù	52034	c-ch,h-f	1
抽油机	chōu yóu jī	52043	ao-ou,c-ch,j-q-x	1
穿堂风	chuān táng fēng	52050	en-eng,an-ang,uan-uang,c-ch,h-f	1
打先锋	dǎ xiān fēng	52062	en-eng,ian-iang,h-f,j-q-x	1
大脑炎	dà nǎo yán	52064	an-ang,ao-ou,n-l	1
当间儿	dāng jiàn er	52065	an-ang,ian-iang,j-q-x	1
低纬度	dī wěi dù	52069	ai-ei	1
电吹风	diàn chuī fēng	52076	en-eng,ian-iang,c-ch,h-f	1
电焊机	diàn hàn jī	52077	an-ang,ian-iang,h-f,j-q-x	1
电暖器	diàn nuǎn qì	52078	ian-iang,uan-uang,n-l,j-q-x	1
掉书袋	diào shū dài	52081	ai-ei,s-sh	1
丁字形	dīng zì xíng	52082	in-ing,z-zh,j-q-x	1
定时器	dìng shí qì	52083	in-ing,s-sh,j-q-x	1
二手烟	èr shǒu yān	52097	an-ang,ao-ou,s-sh	1
防盗锁	fáng dào suǒ	52100	an-ang,ao-ou,ua-uo,s-sh,h-f	1
分镜头	fēn jìng tóu	52106	en-eng,in-ing,ao-ou,h-f,j-q-x	1
风雨衣	fēng yǔ yī	52108	en-eng,h-f	1
扶上马	fú shàng mǎ	52110	an-ang,s-sh,h-f	1
伽马刀	gā mǎ dāo	52112	ao-ou	3
哥老会	gē lǎo huì	52117	ao-ou,n-l,h-f,r-l	1
够交情	gòu jiāo qing	52124	in-ing,ao-ou,j-q-x	1
官能症	guān néng zhèng	52126	en-eng,uan-uang,z-zh,n-l	1
含羞草	hán xiū cǎo	52134	an-ang,ao-ou,c-ch,h-f,j-q-x	1
核讹诈	hé é zhà	52139	z-zh,h-f	1
黑溜溜	hēi liū liū	52141	ai-ei,n-l,h-f,r-l	1
黑窝点	hēi wō diǎn	52142	ian-iang,ai-ei,h-f	1
黑种人	hēi zhǒng rén	52143	en-eng,ai-ei,z-zh,h-f,r-l	1
红领章	hóng lǐng zhāng	52145	in-ing,an-ang,z-zh,n-l,h-f,r-l	1
红模子	hóng mú zi	52146	z-zh,h-f	1
回锅肉	huí guō ròu	52155	ao-ou,ua-uo,h-f,r-l	1
活字典	huó zì diǎn	52158	ian-iang,ua-uo,z-zh,h-f	1
急性病	jí xìng bìng	52163	in-ing,j-q-x	1
记叙文	jì xù wén	52165	en-eng,j-q-x	1
寄宿制	jì sù zhì	52167	z-zh,s-sh,j-q-x	1
监控器	jiān kòng qì	52172	ian-iang,j-q-x	1
居住证	jū zhù zhèng	52188	en-eng,z-zh,j-q-x	1
看家狗	kān jiā gǒu	52192	an-ang,ao-ou,ia-ie,j-q-x	1
老年斑	lǎo nián bān	52200	an-ang,ian-iang,ao-ou,n-l,r-l	1
里程表	lǐ chéng biǎo	52201	en-eng,c-ch,n-l,r-l	1
炼焦炉	liàn jiāo lú	52207	ian-iang,n-l,r-l,j-q-x	1
流量计	liú liàng jì	52211	ian-iang,n-l,r-l,j-q-x	1
螺丝帽	luó sī mào	52215	ao-ou,ua-uo,s-sh,n-l,r-l	1
马蹄铁	mǎ tí tiě	52217	ia-ie	1
木糖醇	mù táng chún	52228	an-ang,c-ch	1
难说话	nán shuō huà	52231	an-ang,ua-uo,s-sh,n-l,h-f	1
内掌柜	nèi zhǎng guì	52232	an-ang,ai-ei,z-zh,n-l	1
黏合剂	nián hé jì	52235	ian-iang,n-l,h-f,j-q-x	3
尿失禁	niào shī jìn	52236	in-ing,s-sh,n-l,j-q-x	1
农业化	nóng yè huà	52239	ua-uo,n-l,h-f	1
跑生意	pǎo shēng yi	52242	en-eng,ao-ou,s-sh	1
跑堂儿	pǎo táng er	52243	an-ang,ao-ou	1
漂白剂	piǎo bái jì	52250	ai-ei,j-q-x	1
妻管严	qī guǎn yán	52253	an-ang,uan-uang,j-q-x	1
强行军	qiáng xíng jūn	52257	in-ing,ian-iang,j-q-x	1
轻活儿	qīng huó er	52258	in-ing,ua-uo,h-f,j-q-x	1
穷骨头	qióng gǔ tou	52262	ao-ou,j-q-x	1
绕弯儿	rào wān er	52269	an-ang,ao-ou,r-l	1
日记账	rì jì zhàng	52273	an-ang,z-zh,r-l,j-q-x	1
软骨病	ruǎn gǔ bìng	52280	in-ing,uan-uang,r-l	1
闪电战	shǎn diàn zhàn	52283	an-ang,ian-iang,z-zh,s-sh	1
扇面儿	shàn miàn er	52284	an-ang,ian-iang,s-sh	1
上半月	shàng bàn yuè	52285	an-ang,s-sh	1
圣诞卡	shèng dàn kǎ	52291	en-eng,an-ang,s-sh	1
缩印本	suō yìn běn	52304	en-eng,in-ing,ua-uo,s-sh	1
天竺葵	tiān zhú kuí	52311	ian-iang,z-zh	3
跳楼价	tiào lóu jià	52314	ao-ou,ia-ie,n-l,r-l,j-q-x	1
问答题	wèn dá tí	52337	en-eng	1
五花肉	wǔ huā ròu	52340	ao-ou,ua-uo,h-f,r-l	1
象脚鼓	xiàng jiǎo gǔ	52347	ian-iang,j-q-x	1
橡皮泥	xiàng pí ní	52348	ian-iang,n-l,j-q-x	1
小刀会	xiǎo dāo huì	52351	ao-ou,h-f,j-q-x	1
雄黄酒	xióng huáng jiǔ	52357	uan-uang,h-f,j-q-x	1
鸭绒被	yā róng bèi	52370	ai-ei,r-l	1
胭脂红	yān zhi hóng	52372	an-ang,z-zh,h-f	3
阳离子	yáng lí zǐ	52376	an-ang,z-zh,n-l,r-l	1
夜大学	yè dà xué	52381	j-q-x	1
一贯道	yī guàn dào	52382	uan-uang,ao-ou	1
易燃物	yì rán wù	52387	an-ang,r-l	1
银环蛇	yín huán shé	52390	in-ing,uan-uang,s-sh,h-f	1
占星术	zhān xīng shù	52406	in-ing,an-ang,z-zh,s-sh,j-q-x	1
中药店	zhōng yào diàn	52422	ian-iang,ao-ou,z-zh	1
转关系	zhuǎn guān xi	52426	uan-uang,z-zh,j-q-x	1
坐机关	zuò jī guān	52433	uan-uang,ua-uo,z-zh,j-q-x	1
拔火罐	bá huǒ guàn	52438	uan-uang,ua-uo,h-f	1
白报纸	bái bào zhǐ	52441	ai-ei,ao-ou,z-zh	1
兵油子	bīng yóu zi	52454	in-ing,ao-ou,z-zh	1
病秧子	bìng yāng zi	52456	in-ing,an-ang,z-zh	1
测谎仪	cè huǎng yí	52468	uan-uang,c-ch,h-f	1
长命锁	cháng mìng suǒ	52472	in-ing,an-ang,ua-uo,c-ch,s-sh	1
唱白脸	chàng bái liǎn	52473	an-ang,ian-iang,ai-ei,c-ch,n-l,r-l	1
吃不透	chī bu tòu	52482	ao-ou,c-ch	1
创牌子	chuàng pái zi	52488	uan-uang,ai-ei,z-zh,c-ch	1
催命鬼	cuī mìng guǐ	52491	in-ing,c-ch	1
打冷战	dǎ lěng zhan	52494	en-eng,an-ang,z-zh,n-l,r-l	1
弹子房	dàn zi fáng	52497	an-ang,z-zh,h-f	1
刀削面	dāo xiāo miàn	52499	ian-iang,ao-ou,j-q-x	1
电力网	diàn lì wǎng	52508	an-ang,ian-iang,n-l,r-l	1
丢饭碗	diū fàn wǎn	52511	an-ang,h-f	1
丢眼色	diū yǎn sè	52512	an-ang,s-sh	1
多元论	duō yuán lùn	52520	uan-uang,ua-uo,n-l,r-l	1
二鬼子	èr guǐ zi	52522	z-zh	1
放像机	fàng xiàng jī	52528	an-ang,ian-iang,h-f,j-q-x	1
扶手椅	fú shǒu yǐ	52535	ao-ou,s-sh,h-f	1
赶得及	gǎn de jí	52541	an-ang,j-q-x	1
根瘤菌	gēn liú jūn	52547	en-eng,n-l,r-l,j-q-x	1
宫外孕	gōng wài yùn	52549	ai-ei	1
柜员机	guì yuán jī	52560	uan-uang,j-q-x	1
果子露	guǒ zi lù	52561	ua-uo,z-zh,n-l,r-l	1
后空翻	hòu kōng fān	52566	an-ang,ao-ou,h-f	1
花椰菜	huā yē cài	52567	ai-ei,ua-uo,c-ch,h-f	1
缓冲器	huǎn chōng qì	52568	uan-uang,c-ch,h-f,j-q-x	1
黄皮书	huáng pí shū	52570	uan-uang,s-sh,h-f	1
捡便宜	jiǎn pián yi	52583	ian-iang,j-q-x	1
见阎王	jiàn yán wang	52584	an-ang,ian-iang,j-q-x	1
腱鞘炎	jiàn qiào yán	52585	an-ang,ian-iang,j-q-x	3
讲价钱	jiǎng jià qián	52586	ian-iang,ia-ie,j-q-x	1
揭老底	jiē lǎo dǐ	52592	ao-ou,ia-ie,n-l,r-l,j-q-x	1
解扣儿	jiě kòu er	52595	ao-ou,ia-ie,j-q-x	1
金嗓子	jīn sǎng zi	52598	in-ing,an-ang,z-zh,s-sh,j-q-x	1
精饲料	jīng sì liào	52603	in-ing,s-sh,n-l,r-l,j-q-x	1
啃书本	kěn shū běn	52610	en-eng,s-sh	1
孔方兄	kǒng fāng xiōng	52612	an-ang,h-f,j-q-x	1
夸海口	kuā hǎi kǒu	52615	ai-ei,ao-ou,ua-uo,h-f	1
连裆裤	lián dāng kù	52626	an-ang,ian-iang,n-l,r-l	3
连理枝	lián lǐ zhī	52627	ian-iang,z-zh,n-l,r-l	1
莲蓬头	lián peng tóu	52629	en-eng,ian-iang,ao-ou,n-l,r-l	1
米粮川	mǐ liáng chuān	52647	ian-iang,uan-uang,c-ch,n-l,r-l	1
免战牌	miǎn zhàn pái	52650	an-ang,ian-iang,ai-ei,z-zh	1
面巾纸	miàn jīn zhǐ	52651	in-ing,ian-iang,z-zh,j-q-x	1
女能人	nǚ néng rén	52664	en-eng,n-l,r-l	1
排子车	pǎi zi chē	52666	ai-ei,z-zh,c-ch	1
赔小心	péi xiǎo xīn	52668	in-ing,ai-ei,j-q-x	1
喷射器	pēn shè qì	52669	en-eng,s-sh,j-q-x	1
评判员	píng pàn yuán	52674	in-ing,an-ang,uan-uang	1
起点站	qǐ diǎn zhàn	52675	an-ang,ian-iang,z-zh,j-q-x	1
潜水泵	qián shuǐ bèng	52680	en-eng,ian-iang,s-sh,j-q-x	1
肉末儿	ròu mò er	52699	ao-ou,r-l	1
丧家犬	sāng jiā quǎn	52703	an-ang,uan-uang,ia-ie,s-sh,j-q-x	1
石炭酸	shí tàn suān	52719	an-ang,uan-uang,s-sh	1
食蚁兽	shí yǐ shòu	52722	ao-ou,s-sh	1
水曲柳	shuǐ qū liǔ	52726	s-sh,n-l,r-l,j-q-x	1
太平鼓	tài píng gǔ	52730	in-ing,ai-ei	1
弹簧锁	tán huáng suǒ	52731	an-ang,uan-uang,ua-uo,s-sh,h-f	1
檀香扇	tán xiāng shàn	52732	an-ang,ian-iang,s-sh,j-q-x	1
甜面酱	tián miàn jiàng	52744	ian-iang,j-q-x	1
贴标签	tiē biāo qiān	52745	ian-iang,ia-ie,j-q-x	1
铁蒺藜	tiě jí li	52746	ia-ie,n-l,r-l,j-q-x	3
团代会	tuán dài huì	52750	uan-uang,ai-ei,h-f	1
围嘴儿	wéi zuǐ er	52754	ai-ei,z-zh	1
西部片	xī bù piàn	52765	ian-iang,j-q-x	1
稀溜溜	xī liū liū	52768	n-l,r-l,j-q-x	1
香云纱	xiāng yún shā	52783	ian-iang,s-sh,j-q-x	1
消音器	xiāo yīn qì	52784	in-ing,j-q-x	1
小仓库	xiǎo cāng kù	52785	an-ang,c-ch,j-q-x	1
亚麻布	yà má bù	52813		1
秧歌剧	yāng ge jù	52819	an-ang,j-q-x	1
阳春面	yáng chūn miàn	52820	an-ang,ian-iang,c-ch	1
药引子	yào yǐn zi	52823	in-ing,ao-ou,z-zh	1
野葡萄	yě pú táo	52824	ao-ou	1
蹚浑水	tāng hún shuǐ	52837	an-ang,s-sh,h-f	3
影印件	yǐng yìn jiàn	52840	in-ing,ian-iang,j-q-x	1
油印机	yóu yìn jī	52846	in-ing,ao-ou,j-q-x	1
玉米油	yù mǐ yóu	52850	ao-ou	1
直筒子	zhí tǒng zi	52863	z-zh	1
紫药水	zǐ yào shuǐ	52874	ao-ou,z-zh,s-sh	1
半中腰	bàn zhōng yāo	52882	an-ang,ao-ou,z-zh	1
包心菜	bāo xīn cài	52884	in-ing,ai-ei,ao-ou,c-ch,j-q-x	1
宝盖儿	bǎo gài er	52885	ai-ei,ao-ou	1
保安族	bǎo ān zú	52886	an-ang,ao-ou,z-zh	1
爆炸力	bào zhà lì	52887	ao-ou,z-zh,n-l,r-l	1
逼供信	bī gòng xìn	52890	in-ing,j-q-x	1
避雷器	bì léi qì	52893	ai-ei,n-l,r-l,j-q-x	1
边防哨	biān fáng shào	52894	an-ang,ian-iang,ao-ou,s-sh,h-f	1
蝙蝠衫	biān fú shān	52897	an-ang,ian-iang,s-sh,h-f	1
便利店	biàn lì diàn	52898	ian-iang,n-l,r-l	1
辩护士	biàn hù shì	52899	ian-iang,s-sh,h-f	1
畅想曲	chàng xiǎng qǔ	52909	an-ang,ian-iang,c-ch,j-q-x	1
超短波	chāo duǎn bō	52911	uan-uang,ao-ou,c-ch	1
潮汐能	cháo xī néng	52912	en-eng,ao-ou,c-ch,n-l,j-q-x	3
吃小灶	chī xiǎo zào	52916	ao-ou,z-zh,c-ch,j-q-x	1
打通关	dǎ tōng guān	52932	uan-uang	1
大叶杨	dà yè yáng	52934	an-ang	1
等外品	děng wài pǐn	52940	en-eng,in-ing,ai-ei	1
嫡长子	dí zhǎng zǐ	52941	an-ang,z-zh	3
地震棚	dì zhèn péng	52944	en-eng,z-zh	1
定调子	dìng diào zi	52948	in-ing,z-zh	1
端架子	duān jià zi	52950	uan-uang,ia-ie,z-zh,j-q-x	1
二把刀	èr bǎ dāo	52956	ao-ou	1
二重奏	èr chóng zòu	52957	ao-ou,z-zh,c-ch	1
放暗箭	fàng àn jiàn	52963	an-ang,ian-iang,h-f,j-q-x	1
废品率	fèi pǐn lǜ	52966	in-ing,ai-ei,n-l,h-f,r-l	1
腹股沟	fù gǔ gōu	52973	ao-ou,h-f	1
赶趟儿	gǎn tàng er	52976	an-ang	1
港味儿	gǎng wèi er	52978	an-ang,ai-ei	1
狗屎堆	gǒu shǐ duī	52984	ao-ou,s-sh	1
观音土	guān yīn tǔ	52988	in-ing,uan-uang	1
惯用语	guàn yòng yǔ	52989	uan-uang	1
光洁度	guāng jié dù	52990	uan-uang,ia-ie,j-q-x	1
国防绿	guó fáng lǜ	52992	an-ang,ua-uo,n-l,h-f,r-l	1
海平线	hǎi píng xiàn	52996	in-ing,ian-iang,ai-ei,h-f,j-q-x	1
核装置	hé zhuāng zhì	53001	uan-uang,z-zh,h-f	1
后半天	hòu bàn tiān	53009	an-ang,ian-iang,ao-ou,h-f	1
黄萎病	huáng wěi bìng	53020	in-ing,uan-uang,ai-ei,h-f	1
街头剧	jiē tóu jù	53044	ao-ou,ia-ie,j-q-x	1
金霉素	jīn méi sù	53048	in-ing,ai-ei,s-sh,j-q-x	1
金闪闪	jīn shǎn shǎn	53049	in-ing,an-ang,s-sh,j-q-x	1
惊险片	jīng xiǎn piàn	53052	in-ing,ian-iang,j-q-x	1
君主国	jūn zhǔ guó	53058	ua-uo,z-zh,j-q-x	1
珂罗版	kē luó bǎn	53063	an-ang,ua-uo,n-l,r-l	3
可兰经	kě lán jīng	53065	in-ing,an-ang,n-l,r-l,j-q-x	1
孔雀石	kǒng què shí	53068	s-sh,j-q-x	1
老江湖	lǎo jiāng hú	53072	ian-iang,ao-ou,n-l,h-f,r-l,j-q-x	1
肋膜炎	lèi mó yán	53076	an-ang,ai-ei,n-l,r-l	1
冷面孔	lěng miàn kǒng	53077	en-eng,ian-iang,n-l,r-l	1
连裤袜	lián kù wà	53081	ian-iang,n-l,r-l	1
尥蹶子	liào juě zi	53084	z-zh,n-l,r-l,j-q-x	3
龙爪槐	lóng zhǎo huái	53086	ao-ou,z-zh,n-l,h-f,r-l	1
绿葱葱	lǜ cōng cōng	53090	c-ch,n-l,r-l	1
脉管炎	mài guǎn yán	53093	an-ang,uan-uang,ai-ei	1
满当当	mǎn dāng dāng	53094	an-ang	1
猫耳洞	māo ěr dòng	53095	ao-ou	1
毛南族	máo nán zú	53096	an-ang,ao-ou,z-zh,n-l	1
囊中物	náng zhōng wù	53108	an-ang,z-zh,n-l	1
脑充血	nǎo chōng xuè	53109	ao-ou,c-ch,n-l,j-q-x	1
内当家	nèi dāng jiā	53111	an-ang,ai-ei,ia-ie,n-l,j-q-x	1
内陆国	nèi lù guó	53112	ai-ei,ua-uo,n-l,r-l	1
暖乎乎	nuǎn hū hū	53117	uan-uang,n-l,h-f	1
排风扇	pái fēng shàn	53118	en-eng,an-ang,ai-ei,s-sh,h-f	1
炮筒子	pào tǒng zi	53121	ao-ou,z-zh	1
皮猴儿	pí hóu er	53128	ao-ou,h-f	1
婆婆嘴	pó po zuǐ	53134	z-zh	1
铺面房	pù miàn fáng	53137	an-ang,ian-iang,h-f	1
钱串子	qián chuàn zi	53142	ian-iang,uan-uang,z-zh,c-ch,j-q-x	1
潜水衣	qián shuǐ yī	53143	ian-iang,s-sh,j-q-x	1
墙头草	qiáng tóu cǎo	53145	ian-iang,ao-ou,c-ch,j-q-x	1
擎天柱	qíng tiān zhù	53149	in-ing,ian-iang,z-zh,j-q-x	1
去痛片	qù tòng piàn	53151	ian-iang,j-q-x	1
乳黄色	rǔ huáng sè	53159	uan-uang,s-sh,h-f,r-l	1
赛璐珞	sài lù luò	53161	ai-ei,ua-uo,s-sh,n-l,r-l	3
死扣儿	sǐ kòu er	53188	ao-ou,s-sh	1
速决战	sù jué zhàn	53191	an-ang,z-zh,s-sh,j-q-x	1
笋干儿	sǔn gān er	53194	an-ang,s-sh	1
缩水率	suō shuǐ lǜ	53195	ua-uo,s-sh,n-l,r-l	1
淘气鬼	táo qì guǐ	53200	ao-ou,j-q-x	1
套交情	tào jiāo qing	53201	in-ing,ao-ou,j-q-x	1
铁算盘	tiě suàn pán	53207	an-ang,uan-uang,ia-ie,s-sh	1
娃娃亲	wá wa qīn	53218	in-ing,j-q-x	1
碗碗腔	wǎn wǎn qiāng	53222	an-ang,ian-iang,j-q-x	1
午餐肉	wǔ cān ròu	53231	an-ang,ao-ou,c-ch,r-l	1
雾沉沉	wù chén chén	53232	en-eng,c-ch	1
洗衣板	xǐ yī bǎn	53236	an-ang,j-q-x	1
喜盈门	xǐ yíng mén	53237	en-eng,in-ing,j-q-x	1
下场门	xià chǎng mén	53241	en-eng,an-ang,ia-ie,c-ch,j-q-x	1
卸包袱	xiè bāo fu	53246	ao-ou,ia-ie,h-f,j-q-x	1
羊皮筏	yáng pí fá	53269	an-ang,h-f	1
仰八叉	yǎng ba chā	53272	an-ang,c-ch	1
花工夫	huā gōng fu	53297	ua-uo,h-f	1
鱼鳞坑	yú lín kēng	53302	en-eng,in-ing,n-l,r-l	1
月台票	yuè tái piào	53307	ai-ei	1
月头儿	yuè tóu er	53308	ao-ou	1
招女婿	zhāo nǚ xu	53315	ao-ou,z-zh,n-l,j-q-x	1
赭黄色	zhě huáng sè	53317	uan-uang,z-zh,s-sh,h-f	3
微电影	wēi diàn yǐng	53323	in-ing,ian-iang,ai-ei	1
中药房	zhōng yào fáng	53326	an-ang,ao-ou,z-zh,h-f	1
抓空儿	zhuā kòng er	53329	ua-uo,z-zh	1
自动门	zì dòng mén	53336	en-eng,z-zh	1
走读生	zǒu dú shēng	53338	en-eng,ao-ou,z-zh,s-sh	1
钻天杨	zuān tiān yáng	53341	an-ang,ian-iang,uan-uang,z-zh	1
八字脚	bā zì jiǎo	53349	z-zh,j-q-x	1
白斩鸡	bái zhǎn jī	53353	an-ang,ai-ei,z-zh,j-q-x	1
报幕员	bào mù yuán	53357	uan-uang,ao-ou	1
彩色片	cǎi sè piàn	53376	ian-iang,ai-ei,c-ch,s-sh	1
查号台	chá hào tái	53384	ai-ei,ao-ou,c-ch,h-f	1
吹冷风	chuī lěng fēng	53397	en-eng,c-ch,n-l,h-f,r-l	1
促进派	cù jìn pài	53401	in-ing,ai-ei,c-ch,j-q-x	1
醋坛子	cù tán zi	53402	an-ang,z-zh,c-ch	1
大概其	dà gài qí	53409	ai-ei,j-q-x	1
大染缸	dà rǎn gāng	53410	an-ang,r-l	1
代食品	dài shí pǐn	53411	in-ing,ai-ei,s-sh	1
带头羊	dài tóu yáng	53412	an-ang,ai-ei,ao-ou	1
单季稻	dān jì dào	53414	an-ang,ao-ou,j-q-x	1
点金术	diǎn jīn shù	53422	in-ing,ian-iang,s-sh,j-q-x	1
电烤箱	diàn kǎo xiāng	53423	ian-iang,ao-ou,j-q-x	1
叠罗汉	dié luó hàn	53424	an-ang,ia-ie,ua-uo,n-l,h-f,r-l	1
定盘星	dìng pán xīng	53425	in-ing,an-ang,j-q-x	1
冻豆腐	dòng dòu fu	53428	ao-ou,h-f	1
豆腐皮	dòu fu pí	53430	ao-ou,h-f	1
多面体	duō miàn tǐ	53433	ian-iang,ua-uo	1
二愣子	èr lèng zi	53436	en-eng,z-zh,n-l,r-l	1
防滑链	fáng huá liàn	53443	an-ang,ian-iang,ua-uo,n-l,h-f,r-l	1
防化服	fáng huà fú	53444	an-ang,ua-uo,h-f	1
废品站	fèi pǐn zhàn	53448	in-ing,an-ang,ai-ei,z-zh,h-f	1
分子式	fēn zǐ shì	53449	en-eng,z-zh,s-sh,h-f	1
风光片	fēng guāng piàn	53450	en-eng,ian-iang,uan-uang,h-f	1
功夫片	gōng fu piàn	53469	ian-iang,h-f	1
灌溉渠	guàn gài qú	53475	uan-uang,ai-ei,j-q-x	1
灌米汤	guàn mǐ tāng	53476	an-ang,uan-uang	1
狐步舞	hú bù wǔ	53487	h-f	1
话外音	huà wài yīn	53492	in-ing,ai-ei,ua-uo,h-f	1
怀鬼胎	huái guǐ tāi	53493	ai-ei,h-f	1
幻灯机	huàn dēng jī	53494	en-eng,uan-uang,h-f,j-q-x	1
活死人	huó sǐ rén	53501	en-eng,ua-uo,s-sh,h-f,r-l	1
货郎鼓	huò láng gǔ	53505	an-ang,ua-uo,n-l,h-f,r-l	1
集邮册	jí yóu cè	53509	ao-ou,c-ch,j-q-x	1
架子工	jià zi gōng	53511	ia-ie,z-zh,j-q-x	1
接生员	jiē shēng yuán	53521	en-eng,uan-uang,ia-ie,s-sh,j-q-x	1
金合欢	jīn hé huān	53524	in-ing,uan-uang,h-f,j-q-x	1
金盏花	jīn zhǎn huā	53525	in-ing,an-ang,ua-uo,z-zh,h-f,j-q-x	1
经纬线	jīng wěi xiàn	53528	in-ing,ian-iang,ai-ei,j-q-x	1
净水器	jìng shuǐ qì	53530	in-ing,s-sh,j-q-x	1
酒糟鼻	jiǔ zāo bí	53535	ao-ou,z-zh,j-q-x	1
开洋荤	kāi yáng hūn	53543	an-ang,ai-ei,h-f	1
蓝筹股	lán chóu gǔ	53557	an-ang,ao-ou,c-ch,n-l,r-l	1
老来俏	lǎo lái qiào	53559	ai-ei,ao-ou,n-l,r-l,j-q-x	1
连锅端	lián guō duān	53565	ian-iang,uan-uang,ua-uo,n-l,r-l	1
练功房	liàn gōng fáng	53567	an-ang,ian-iang,n-l,h-f,r-l	1
六弦琴	liù xián qín	53576	in-ing,ian-iang,n-l,r-l,j-q-x	1
龙须面	lóng xū miàn	53577	ian-iang,n-l,r-l,j-q-x	1
骆驼草	luò tuó cǎo	53584	ao-ou,ua-uo,c-ch,n-l,r-l	1
落地式	luò dì shì	53586	ua-uo,s-sh,n-l,r-l	1
玫瑰香	méi gui xiāng	53590	ian-iang,ai-ei,j-q-x	1
煤焦油	méi jiāo yóu	53591	ai-ei,ao-ou,j-q-x	1
煤气管	méi qì guǎn	53592	uan-uang,ai-ei,j-q-x	1
密封条	mì fēng tiáo	53594	en-eng,h-f	1
面神经	miàn shén jīng	53596	en-eng,in-ing,ian-iang,s-sh,j-q-x	1
磨嘴皮	mó zuǐ pí	53598	z-zh	1
闹意气	nào yì qì	53605	ao-ou,n-l,j-q-x	1
内聚力	nèi jù lì	53607	ai-ei,n-l,r-l,j-q-x	1
牛犊子	niú dú zǐ	53609	z-zh,n-l	3
牛性子	niú xìng zi	53610	in-ing,z-zh,n-l,j-q-x	1
暖风机	nuǎn fēng jī	53613	en-eng,uan-uang,n-l,h-f,j-q-x	1
跑圆场	pǎo yuán chǎng	53617	an-ang,uan-uang,ao-ou,c-ch	1
普及本	pǔ jí běn	53629	en-eng,j-q-x	1
起搏器	qǐ bó qì	53632	j-q-x	1
签到簿	qiān dào bù	53633	ian-iang,ao-ou,j-q-x	1
乔其纱	qiáo qí shā	53635	s-sh,j-q-x	1
巧劲儿	qiǎo jìn er	53636	in-ing,j-q-x	1
穷讲究	qióng jiǎng jiu	53645	ian-iang,j-q-x	1
人来疯	rén lái fēng	53652	en-eng,ai-ei,n-l,h-f,r-l	1
上坡路	shàng pō lù	53664	an-ang,s-sh,n-l,r-l	1
上元节	shàng yuán jié	53665	an-ang,uan-uang,ia-ie,s-sh,j-q-x	1
少东家	shào dōng jia	53667	ao-ou,ia-ie,s-sh,j-q-x	1
神道碑	shén dào bēi	53669	en-eng,ai-ei,ao-ou,s-sh	1
失语症	shī yǔ zhèng	53673	en-eng,z-zh,s-sh	1
石英表	shí yīng biǎo	53674	in-ing,s-sh	1
示波器	shì bō qì	53677	s-sh,j-q-x	1
耍手艺	shuǎ shǒu yì	53684	ao-ou,ua-uo,s-sh	1
耍态度	shuǎ tài du	53685	ai-ei,ua-uo,s-sh	1
说不着	shuō bu zháo	53689	ao-ou,ua-uo,z-zh,s-sh	1
宋体字	sòng tǐ zì	53692	z-zh,s-sh	1
速食面	sù shí miàn	53693	ian-iang,s-sh	1
碎嘴子	suì zuǐ zi	53694	z-zh,s-sh	1
太子参	tài zǐ shēn	53701	en-eng,ai-ei,z-zh,s-sh	1
梯恩梯	tī ēn tī	53708	en-eng	1
通勤车	tōng qín chē	53713	in-ing,c-ch,j-q-x	1
脱口秀	tuō kǒu xiù	53725	ao-ou,ua-uo,j-q-x	1
温吞水	wēn tun shuǐ	53738	en-eng,s-sh	1
刎颈交	wěn jǐng jiāo	53740	en-eng,in-ing,j-q-x	3
吸附剂	xī fù jì	53747	h-f,j-q-x	1
夏令时	xià lìng shí	53751	in-ing,ia-ie,s-sh,n-l,r-l,j-q-x	1
线手套	xiàn shǒu tào	53752	ian-iang,ao-ou,s-sh,j-q-x	1
小循环	xiǎo xún huán	53757	uan-uang,h-f,j-q-x	1
血红素	xuè hóng sù	53779	s-sh,h-f,j-q-x	1
百分号	bǎi fēn hào	53799	en-eng,ai-ei,ao-ou,h-f	1
釉面砖	yòu miàn zhuān	53803	ian-iang,uan-uang,ao-ou,z-zh	3
曾孙女	zēng sūn nǚ	53817	en-eng,z-zh,s-sh,n-l	1
珍珠霜	zhēn zhū shuāng	53824	en-eng,uan-uang,z-zh,s-sh	1
震天价	zhèn tiān jie	53827	en-eng,ian-iang,ia-ie,z-zh,j-q-x	1
正日子	zhèng rì zi	53828	en-eng,z-zh,r-l	1
直愣愣	zhí lèng lèng	53831	en-eng,z-zh,n-l,r-l	1
主权国	zhǔ quán guó	53838	uan-uang,ua-uo,z-zh,j-q-x	1
抓壮丁	zhuā zhuàng dīng	53840	in-ing,uan-uang,ua-uo,z-zh	1
总务长	zǒng wù zhǎng	53847	an-ang,z-zh	1
拉交情	lā jiāo qing	53854	in-ing,n-l,r-l,j-q-x	1
矮墩墩	ǎi dūn dūn	53859	ai-ei	1
八卦掌	bā guà zhǎng	53863	an-ang,ua-uo,z-zh	1
包身工	bāo shēn gōng	53873	en-eng,ao-ou,s-sh	1
保险灯	bǎo xiǎn dēng	53874	en-eng,ian-iang,ao-ou,j-q-x	1
不二价	bù èr jià	53889	ia-ie,j-q-x	1
长统袜	cháng tǒng wà	53901	an-ang,c-ch	1
窗格子	chuāng gé zi	53920	uan-uang,z-zh,c-ch	1
闯江湖	chuǎng jiāng hú	53921	ian-iang,uan-uang,c-ch,h-f,j-q-x	1
打不住	dǎ bu zhù	53933	z-zh	1
打秋风	dǎ qiū fēng	53934	en-eng,h-f,j-q-x	1
大肚汉	dà dù hàn	53935	an-ang,h-f	1
大撒把	dà sā bǎ	53936	s-sh	1
挡泥板	dǎng ní bǎn	53939	an-ang,n-l	1
刀把子	dāo bà zǐ	53940	ao-ou,z-zh	1
电褥子	diàn rù zǐ	53946	ian-iang,z-zh,r-l	1
电视柜	diàn shì guì	53947	ian-iang,s-sh	1
顶门杠	dǐng mén gàng	53954	en-eng,in-ing,an-ang	1
反比例	fǎn bǐ lì	53975	an-ang,n-l,h-f,r-l	1
方向舵	fāng xiàng duò	53977	an-ang,ian-iang,ua-uo,h-f,j-q-x	1
防沙林	fáng shā lín	53978	in-ing,an-ang,s-sh,n-l,h-f,r-l	1
仿宋体	fǎng sòng tǐ	53979	an-ang,s-sh,h-f	1
放大炮	fàng dà pào	53980	an-ang,ao-ou,h-f	1
痱子粉	fèi zi fěn	53983	en-eng,ai-ei,z-zh,h-f	3
缝合线	féng hé xiàn	53987	en-eng,ian-iang,h-f,j-q-x	1
概言之	gài yán zhī	53992	an-ang,ai-ei,z-zh	1
赶活儿	gǎn huó er	53994	an-ang,ua-uo,h-f	1
哈哈镜	hā hā jìng	54004	in-ing,h-f,j-q-x	1
哈喇子	hā lá zi	54005	z-zh,n-l,h-f,r-l	1
核试验	hé shì yàn	54013	an-ang,s-sh,h-f	1
后坐力	hòu zuò lì	54019	ao-ou,ua-uo,z-zh,n-l,h-f,r-l	1
黄豆芽	huáng dòu yá	54024	uan-uang,ao-ou,h-f	1
回头率	huí tóu lǜ	54025	ao-ou,n-l,h-f,r-l	1
火筷子	huǒ kuài zi	54032	ua-uo,z-zh,h-f	1
计算尺	jì suàn chǐ	54038	uan-uang,c-ch,s-sh,j-q-x	1
角膜炎	jiǎo mó yán	54051	an-ang,j-q-x	1
究其实	jiū qí shí	54067	s-sh,j-q-x	1
空欢喜	kōng huān xǐ	54079	uan-uang,h-f,j-q-x	1
两党制	liǎng dǎng zhì	54088	an-ang,ian-iang,z-zh,n-l,r-l	1
溜冰鞋	liū bīng xié	54093	in-ing,ia-ie,n-l,r-l,j-q-x	1
流失率	liú shī lǜ	54096	s-sh,n-l,r-l	1
猫儿眼	māo er yǎn	54104	an-ang,ao-ou	1
墨斗鱼	mò dǒu yú	54119	ao-ou	1
内陆湖	nèi lù hú	54124	ai-ei,n-l,h-f,r-l	1
尼龙布	ní lóng bù	54126	n-l,r-l	1
农机站	nóng jī zhàn	54130	an-ang,z-zh,n-l,j-q-x	1
暖水壶	nuǎn shuǐ hú	54131	uan-uang,s-sh,n-l,h-f	1
皮带轮	pí dài lún	54136	ai-ei,n-l,r-l	1
千里驹	qiān lǐ jū	54142	ian-iang,n-l,r-l,j-q-x	1
曲别针	qū bié zhēn	54148	en-eng,ia-ie,z-zh,j-q-x	1
驱逐令	qū zhú lìng	54149	in-ing,z-zh,n-l,r-l,j-q-x	1
去污粉	qù wū fěn	54150	en-eng,h-f,j-q-x	1
全武行	quán wǔ háng	54151	an-ang,uan-uang,h-f,j-q-x	1
热得快	rè dé kuài	54153	r-l	1
肉孜节	ròu zī jié	54156	ao-ou,ia-ie,z-zh,r-l,j-q-x	3
撒酒疯	sā jiǔ fēng	54160	en-eng,s-sh,h-f,j-q-x	1
三花脸	sān huā liǎn	54163	an-ang,ian-iang,ua-uo,s-sh,n-l,h-f,r-l	1
少白头	shào bái tóu	54168	ai-ei,ao-ou,s-sh	1
手写体	shǒu xiě tǐ	54179	ao-ou,ia-ie,s-sh,j-q-x	1
双肩挑	shuāng jiān tiāo	54183	ian-iang,uan-uang,s-sh,j-q-x	1
水洗布	shuǐ xǐ bù	54185	s-sh,j-q-x	1
死读书	sǐ dú shū	54192	s-sh	1
随风倒	suí fēng dǎo	54195	en-eng,ao-ou,s-sh,h-f	1
抬头纹	tái tóu wén	54198	en-eng,ai-ei,ao-ou	1
弹簧门	tán huáng mén	54199	en-eng,an-ang,uan-uang,h-f	1
挑错儿	tiāo cuò er	54203	ua-uo,c-ch	1
跳房子	tiào fáng zi	54204	an-ang,z-zh,h-f	1
贴本儿	tiē běn er	54206	en-eng,ia-ie	1
土腥气	tǔ xīng qì	54212	in-ing,j-q-x	1
团圆节	tuán yuán jié	54215	uan-uang,ia-ie,j-q-x	1
玩儿完	wán er wán	54225	an-ang	1
万能胶	wàn néng jiāo	54227	en-eng,an-ang,n-l,j-q-x	1
雾茫茫	wù máng máng	54238	an-ang	1
吸顶灯	xī dǐng dēng	54239	en-eng,in-ing,j-q-x	1
吸墨纸	xī mò zhǐ	54240	z-zh,j-q-x	1
洗发精	xǐ fā jīng	54242	in-ing,h-f,j-q-x	1
现成饭	xiàn chéng fàn	54246	en-eng,an-ang,ian-iang,c-ch,h-f,j-q-x	1
馅儿饼	xiàn er bǐng	54247	in-ing,ian-iang,j-q-x	1
消声器	xiāo shēng qì	54251	en-eng,s-sh,j-q-x	1
血糊糊	xiě hū hū	54257	ia-ie,h-f,j-q-x	1
泻肚子	xiè dù zi	54258	ia-ie,z-zh,j-q-x	1
行李房	xíng li fáng	54260	in-ing,an-ang,n-l,h-f,r-l,j-q-x	1
胸膜炎	xiōng mó yán	54264	an-ang,j-q-x	1
袖珍本	xiù zhēn běn	54268	en-eng,z-zh,j-q-x	1
虚飘飘	xū piāo piāo	54269	j-q-x	1
咽喉炎	yān hóu yán	54275	an-ang,ao-ou,h-f	1
验钞机	yàn chāo jī	54280	an-ang,ao-ou,c-ch,j-q-x	1
夜光表	yè guāng biǎo	54286	uan-uang	1
一锅端	yī guō duān	54288	uan-uang,ua-uo	1
找窍门	zhǎo qiào mén	54318	en-eng,ao-ou,z-zh,j-q-x	1
折叠床	zhé dié chuáng	54319	uan-uang,ia-ie,z-zh,c-ch	1
诊疗所	zhěn liáo suǒ	54320	en-eng,ua-uo,z-zh,s-sh,n-l,r-l	1
中提琴	zhōng tí qín	54325	in-ing,z-zh,j-q-x	1
钟鼎文	zhōng dǐng wén	54326	en-eng,in-ing,z-zh	1
猪倌儿	zhū guān er	54327	uan-uang,z-zh	3
著作人	zhù zuò rén	54330	en-eng,ua-uo,z-zh,r-l	1
宗主权	zōng zhǔ quán	54340	uan-uang,z-zh,j-q-x	1
钻劲儿	zuān jìn er	54343	in-ing,uan-uang,z-zh,j-q-x	1
挨边儿	āi biān er	54347	ian-iang,ai-ei	1
拜物教	bài wù jiào	54353	ai-ei,j-q-x	1
胞兄弟	bāo xiōng dì	54355	ao-ou,j-q-x	1
碧油油	bì yóu yóu	54368	ao-ou	1
变色镜	biàn sè jìng	54369	in-ing,ian-iang,s-sh,j-q-x	1
薄荷脑	bò he nǎo	54375	ao-ou,n-l,h-f	1
不成才	bù chéng cái	54377	en-eng,ai-ei,c-ch	1
不冻港	bù dòng gǎng	54379	an-ang	1
不老少	bù lǎo shǎo	54380	ao-ou,s-sh,n-l,r-l	1
残疾车	cán jí chē	54385	an-ang,c-ch,j-q-x	1
撑场面	chēng chǎng miàn	54400	en-eng,an-ang,ian-iang,c-ch	1
逞英雄	chěng yīng xióng	54403	en-eng,in-ing,c-ch,j-q-x	1
吃不来	chī bu lái	54404	ai-ei,c-ch,n-l,r-l	1
吃得来	chī de lái	54405	ai-ei,c-ch,n-l,r-l	1
冲浪板	chōng làng bǎn	54406	an-ang,c-ch,n-l,r-l	1
臭皮囊	chòu pí náng	54408	an-ang,ao-ou,c-ch,n-l	1
出份子	chū fèn zi	54409	en-eng,z-zh,c-ch,h-f	1
搭错车	dā cuò chē	54427	ua-uo,c-ch	1
大赦令	dà shè lìng	54432	in-ing,s-sh,n-l,r-l	1
地动仪	dì dòng yí	54446		1
电磁炉	diàn cí lú	54450	ian-iang,c-ch,n-l,r-l	1
电磁铁	diàn cí tiě	54451	ian-iang,ia-ie,c-ch	1
电功率	diàn gōng lǜ	54452	ian-iang,n-l,r-l	1
电教馆	diàn jiào guǎn	54453	ian-iang,uan-uang,j-q-x	1
电路图	diàn lù tú	54454	ian-iang,n-l,r-l	1
对胃口	duì wèi kǒu	54465	ai-ei,ao-ou	1
发疟子	fā yào zi	54474	ao-ou,z-zh,h-f	1
份儿菜	fèn er cài	54483	en-eng,ai-ei,c-ch,h-f	1
附属国	fù shǔ guó	54492	ua-uo,s-sh,h-f	1
感叹词	gǎn tàn cí	54496	an-ang,c-ch	1
橄榄色	gǎn lǎn sè	54497	an-ang,s-sh,n-l,r-l	1
高枝儿	gāo zhī er	54501	ao-ou,z-zh	1
工字钢	gōng zì gāng	54505	an-ang,z-zh	1
谷壳儿	gǔ ké er	54511		1
骨结核	gǔ jié hé	54513	ia-ie,h-f,j-q-x	1
管乐队	guǎn yuè duì	54516	uan-uang	1
航空信	háng kōng xìn	54523	in-ing,an-ang,h-f,j-q-x	1
核垄断	hé lǒng duàn	54527	uan-uang,n-l,h-f,r-l	1
黑板擦	hēi bǎn cā	54528	an-ang,ai-ei,c-ch,h-f	1
黑茫茫	hēi máng máng	54529	an-ang,ai-ei,h-f	1
坏点子	huài diǎn zi	54532	ian-iang,z-zh,h-f	1
鸡毛帚	jī máo zhǒu	54540	ao-ou,z-zh,j-q-x	1
鸡血石	jī xuè shí	54541	s-sh,j-q-x	1
见高低	jiàn gāo dī	54553	ian-iang,ao-ou,j-q-x	1
卷帘门	juǎn lián mén	54572	en-eng,ian-iang,uan-uang,n-l,r-l,j-q-x	1
开司米	kāi sī mǐ	54576	ai-ei,s-sh	1
看家戏	kān jiā xì	54578	an-ang,ia-ie,j-q-x	1
拉山头	lā shān tóu	54590	an-ang,ao-ou,s-sh,n-l,r-l	1
狼牙棒	láng yá bàng	54593	an-ang,n-l,r-l	1
乐悠悠	lè yōu yōu	54595	ao-ou,n-l,r-l	1
连环计	lián huán jì	54602	ian-iang,uan-uang,n-l,h-f,r-l,j-q-x	1
凉白开	liáng bái kāi	54603	ian-iang,ai-ei,n-l,r-l	1
流失生	liú shī shēng	54606	en-eng,s-sh,n-l,r-l	1
乱摊子	luàn tān zǐ	54612	an-ang,uan-uang,z-zh,n-l,r-l	1
马鞭子	mǎ biān zǐ	54617	ian-iang,z-zh	1
麦饭石	mài fàn shí	54619	an-ang,ai-ei,s-sh,h-f	1
慢性子	màn xìng zi	54623	in-ing,an-ang,z-zh,j-q-x	1
闷罐车	mèn guàn chē	54625	en-eng,uan-uang,c-ch	1
棉毛裤	mián máo kù	54627	ian-iang,ao-ou	1
男性病	nán xìng bìng	54636	in-ing,an-ang,n-l,j-q-x	1
派力司	pài lì sī	54642	ai-ei,s-sh,n-l,r-l	1
漆包线	qī bāo xiàn	54653	ian-iang,ao-ou,j-q-x	1
青田石	qīng tián shí	54666	in-ing,ian-iang,s-sh,j-q-x	1
轻悠悠	qīng yōu yōu	54667	in-ing,ao-ou,j-q-x	1
入味儿	rù wèi er	54681	ai-ei,r-l	1
三棱镜	sān léng jìng	54684	en-eng,in-ing,an-ang,s-sh,n-l,r-l,j-q-x	1
涮锅子	shuàn guō zi	54707	uan-uang,ua-uo,z-zh,s-sh	1
诉讼状	sù sòng zhuàng	54715	uan-uang,z-zh,s-sh	1
碎末儿	suì mò er	54717	s-sh	1
孙女婿	sūn nǚ xu	54718	s-sh,n-l,j-q-x	1
缩写本	suō xiě běn	54720	en-eng,ia-ie,ua-uo,s-sh,j-q-x	1
弹跳力	tán tiào lì	54722	an-ang,n-l,r-l	1
探口气	tàn kǒu qi	54724	an-ang,ao-ou,j-q-x	1
调皮鬼	tiáo pí guǐ	54732		1
通讯兵	tōng xùn bīng	54736	in-ing,j-q-x	1
偷汉子	tōu hàn zi	54738	an-ang,ao-ou,z-zh,h-f	1
头皮屑	tóu pí xiè	54739	ao-ou,ia-ie,j-q-x	1
脱脂棉	tuō zhī mián	54747	ian-iang,ua-uo,z-zh	1
无价宝	wú jià bǎo	54757	ao-ou,ia-ie,j-q-x	1
向阳花	xiàng yáng huā	54774	an-ang,ian-iang,ua-uo,h-f,j-q-x	1
橡皮擦	xiàng pí cā	54775	ian-iang,c-ch,j-q-x	1
小广播	xiǎo guǎng bō	54779	uan-uang,j-q-x	1
沐浴露	mù yù lù	54793	n-l,r-l	1
眼底下	yǎn dǐ xià	54803	an-ang,ia-ie,j-q-x	1
羊皮纸	yáng pí zhǐ	54810	an-ang,z-zh	1
曳光弹	yè guāng dàn	54813	an-ang,uan-uang	3
艺术照	yì shù zhào	54816	ao-ou,z-zh,s-sh	1
油票儿	yóu piào er	54828	ao-ou	1
鸳鸯楼	yuān yāng lóu	54839	an-ang,uan-uang,ao-ou,n-l,r-l	1
云片糕	yún piàn gāo	54843	ian-iang,ao-ou	1
侦探片	zhēn tàn piàn	54857	en-eng,an-ang,ian-iang,z-zh	1
真空管	zhēn kōng guǎn	54858	en-eng,uan-uang,z-zh	1
主力舰	zhǔ lì jiàn	54875	ian-iang,z-zh,n-l,r-l,j-q-x	1
着重号	zhuó zhòng hào	54880	ao-ou,ua-uo,z-zh,h-f	1
自来红	zì lái hóng	54882	ai-ei,z-zh,n-l,h-f,r-l	1
白费蜡	bái fèi là	54892	ai-ei,n-l,h-f,r-l	1
白木耳	bái mù ěr	54893	ai-ei	1
保险套	bǎo xiǎn tào	54901	ian-iang,ao-ou,j-q-x	1
菜墩子	cài dūn zi	54922	ai-ei,z-zh,c-ch	1
扯闲篇	chě xián piān	54931	ian-iang,c-ch,j-q-x	1
吃独食	chī dú shí	54934	c-ch,s-sh	1
抽壮丁	chōu zhuàng dīng	54939	in-ing,uan-uang,ao-ou,z-zh,c-ch	1
穿心莲	chuān xīn lián	54942	in-ing,ian-iang,uan-uang,c-ch,n-l,r-l,j-q-x	1
打卡机	dǎ kǎ jī	54954	j-q-x	1
打头炮	dǎ tóu pào	54956	ao-ou	1
大排行	dà pái háng	54958	an-ang,ai-ei,h-f	1
单放机	dān fàng jī	54963	an-ang,h-f,j-q-x	1
担担面	dàn dàn miàn	54965	an-ang,ian-iang	1
电烙铁	diàn lào tie	54976	ian-iang,ao-ou,ia-ie,n-l,r-l	1
电热杯	diàn rè bēi	54978	ian-iang,ai-ei,r-l	1
丁字街	dīng zì jiē	54982	in-ing,ia-ie,z-zh,j-q-x	1
对流层	duì liú céng	54992	en-eng,c-ch,n-l,r-l	1
多幕剧	duō mù jù	54993	ua-uo,j-q-x	1
凡尔丁	fán ěr dīng	54998	in-ing,an-ang,h-f	1
犯得上	fàn de shàng	55004	an-ang,s-sh,h-f	1
防护堤	fáng hù dī	55006	an-ang,h-f	1
非卖品	fēi mài pǐn	55010	in-ing,ai-ei,h-f	1
份子钱	fèn zǐ qián	55014	en-eng,ian-iang,z-zh,h-f,j-q-x	1
风火墙	fēng huǒ qiáng	55015	en-eng,ian-iang,ua-uo,h-f,j-q-x	1
腹膜炎	fù mó yán	55020	an-ang,h-f	1
高标号	gāo biāo hào	55023	ao-ou,h-f	1
鼓风炉	gǔ fēng lú	55028	en-eng,n-l,h-f,r-l	1
观音竹	guān yīn zhú	55034	in-ing,uan-uang,z-zh	1
过街楼	guò jiē lóu	55038	ao-ou,ia-ie,ua-uo,n-l,r-l,j-q-x	1
蛤蟆镜	há ma jìng	55039	in-ing,h-f,j-q-x	1
函授班	hán shòu bān	55042	an-ang,ao-ou,s-sh,h-f	1
河漫滩	hé màn tān	55045	an-ang,h-f	1
鹤嘴锄	hè zuǐ chú	55048	z-zh,c-ch,h-f	1
红小鬼	hóng xiǎo guǐ	55050	h-f,j-q-x	1
后臀尖	hòu tún jiān	55052	ian-iang,ao-ou,h-f,j-q-x	1
花池子	huā chí zi	55054	ua-uo,z-zh,c-ch,h-f	1
化学能	huà xué néng	55058	en-eng,ua-uo,n-l,h-f,j-q-x	1
挥发油	huī fā yóu	55060	ao-ou,h-f	1
活地狱	huó dì yù	55070	ua-uo,h-f	1
活动房	huó dòng fáng	55071	an-ang,ua-uo,h-f	1
鸡冠子	jī guān zi	55075	uan-uang,z-zh,j-q-x	1
鸡内金	jī nèi jīn	55076	in-ing,ai-ei,n-l,j-q-x	1
鸡血藤	jī xuè téng	55077	en-eng,j-q-x	1
急腹症	jí fù zhèng	55078	en-eng,z-zh,h-f,j-q-x	1
急救箱	jí jiù xiāng	55080	ian-iang,j-q-x	1
急口令	jí kǒu lìng	55081	in-ing,ao-ou,n-l,r-l,j-q-x	1
继子女	jì zǐ nǚ	55084	z-zh,n-l,j-q-x	1
架子花	jià zi huā	55086	ia-ie,ua-uo,z-zh,h-f,j-q-x	1
近体诗	jìn tǐ shī	55099	in-ing,s-sh,j-q-x	1
宽心丸	kuān xīn wán	55121	in-ing,an-ang,uan-uang,j-q-x	1
拉活儿	lā huó er	55124	ua-uo,n-l,h-f,r-l	1
拦洪坝	lán hóng bà	55126	an-ang,n-l,h-f,r-l	1
老本行	lǎo běn háng	55129	en-eng,an-ang,ao-ou,n-l,h-f,r-l	1
离心泵	lí xīn bèng	55130	en-eng,in-ing,n-l,r-l,j-q-x	1
良心话	liáng xīn huà	55136	in-ing,ian-iang,ua-uo,n-l,h-f,r-l,j-q-x	1
淋巴腺	lín bā xiàn	55143	in-ing,ian-iang,n-l,r-l,j-q-x	1
留尾巴	liú wěi ba	55145	ai-ei,n-l,r-l	1
炉箅子	lú bì zi	55146	z-zh,n-l,r-l	3
绿豆蝇	lǜ dòu yíng	55149	in-ing,ao-ou,n-l,r-l	1
绿松石	lǜ sōng shí	55150	s-sh,n-l,r-l	1
罗汉果	luó hàn guǒ	55152	an-ang,ua-uo,n-l,h-f,r-l	1
络腮胡	luò sāi hú	55153	ai-ei,ua-uo,s-sh,n-l,h-f,r-l	1
毛活儿	máo huó er	55159	ao-ou,ua-uo,h-f	1
门面话	mén mian huà	55164	en-eng,ian-iang,ua-uo,h-f	1
棉猴儿	mián hóu er	55166	ian-iang,ao-ou,h-f	1
棉毛衫	mián máo shān	55167	an-ang,ian-iang,ao-ou,s-sh	1
面码儿	miàn mǎ er	55168	ian-iang	1
摸门儿	mō mén er	55171	en-eng	1
拿大顶	ná dà dǐng	55174	in-ing,n-l	1
脑积水	nǎo jī shuǐ	55178	ao-ou,s-sh,n-l,j-q-x	1
农轻重	nóng qīng zhòng	55182	in-ing,z-zh,n-l,j-q-x	1
女儿墙	nǚ ér qiáng	55183	ian-iang,n-l,j-q-x	1
泡泡纱	pào pao shā	55189	ao-ou,s-sh	1
盆腔炎	pén qiāng yán	55190	en-eng,an-ang,ian-iang,j-q-x	1
骗腿儿	piàn tuǐ er	55193	ian-iang	1
翘辫子	qiào biàn zi	55208	ian-iang,z-zh,j-q-x	1
群言堂	qún yán táng	55222	an-ang,j-q-x	1
人造棉	rén zào mián	55223	en-eng,ian-iang,ao-ou,z-zh,r-l	1
三角铁	sān jiǎo tiě	55230	an-ang,ia-ie,s-sh,j-q-x	1
散摊子	sàn tān zi	55232	an-ang,z-zh,s-sh	1
珊瑚虫	shān hú chóng	55238	an-ang,c-ch,s-sh,h-f	3
是味儿	shì wèi er	55245	ai-ei,s-sh	1
收银台	shōu yín tái	55248	in-ing,ai-ei,ao-ou,s-sh	1
耍花样	shuǎ huā yàng	55253	an-ang,ua-uo,s-sh,h-f	1
水平仪	shuǐ píng yí	55256	in-ing,s-sh	1
随份子	suí fèn zi	55263	en-eng,z-zh,s-sh,h-f	1
太阳灯	tài yáng dēng	55266	en-eng,an-ang,ai-ei	1
堂姐妹	táng jiě mèi	55271	an-ang,ai-ei,ia-ie,j-q-x	1
捅娄子	tǒng lóu zi	55285	ao-ou,z-zh,n-l,r-l	1
托门子	tuō mén zi	55290	en-eng,ua-uo,z-zh	1
万用表	wàn yòng biǎo	55294	an-ang	1
维尼纶	wéi ní lún	55298	ai-ei,n-l,r-l	3
香干儿	xiāng gān er	55311	an-ang,ian-iang,j-q-x	1
象鼻虫	xiàng bí chóng	55312	ian-iang,c-ch,j-q-x	1
小抄儿	xiǎo chāo er	55313	ao-ou,c-ch,j-q-x	1
小苏打	xiǎo sū dá	55315	s-sh,j-q-x	1
小叶杨	xiǎo yè yáng	55316	an-ang,j-q-x	1
鞋拔子	xié bá zi	55319	ia-ie,z-zh,j-q-x	1
杏仁茶	xìng rén chá	55324	en-eng,in-ing,c-ch,r-l,j-q-x	1
叙事文	xù shì wén	55331	en-eng,s-sh,j-q-x	1
血栓病	xuè shuān bìng	55338	in-ing,uan-uang,s-sh,j-q-x	1
摇摆舞	yáo bǎi wǔ	55350	ai-ei,ao-ou	1
益母草	yì mǔ cǎo	55357	ao-ou,c-ch	1
应届生	yīng jiè shēng	55364	en-eng,in-ing,ia-ie,s-sh,j-q-x	1
油气流	yóu qì liú	55366	ao-ou,n-l,r-l,j-q-x	1
迂夫子	yū fū zǐ	55369	z-zh,h-f	1
娱乐厅	yú lè tīng	55371	in-ing,n-l,r-l	1
语气词	yǔ qì cí	55373	c-ch,j-q-x	1
玉兰片	yù lán piàn	55374	an-ang,ian-iang,n-l,r-l	1
远视眼	yuǎn shì yǎn	55378	an-ang,uan-uang,s-sh	1
月偏食	yuè piān shí	55379	ian-iang,s-sh	1
直贡呢	zhí gòng ní	55391	z-zh,n-l	1
重病号	zhòng bìng hào	55395	in-ing,ao-ou,z-zh,h-f	1
八音盒	bā yīn hé	55414	in-ing,h-f	1
八字形	bā zì xíng	55415	in-ing,z-zh,j-q-x	1
拔罐子	bá guàn zi	55417	uan-uang,z-zh	1
白化病	bái huà bìng	55419	in-ing,ai-ei,ua-uo,h-f	1
半瓶醋	bàn píng cù	55422	in-ing,an-ang,c-ch	1
背带裤	bēi dài kù	55429	ai-ei	1
标准语	biāo zhǔn yǔ	55439	z-zh	1
残次品	cán cì pǐn	55457	in-ing,an-ang,c-ch	1
茶褐色	chá hè sè	55464	c-ch,s-sh,h-f	1
唱双簧	chàng shuāng huáng	55471	an-ang,uan-uang,c-ch,s-sh,h-f	1
储备金	chǔ bèi jīn	55486	in-ing,ai-ei,c-ch,j-q-x	1
揣手儿	chuāi shǒu er	55487	ao-ou,c-ch,s-sh	1
打把式	dǎ bǎ shi	55497	s-sh	1
打寒战	dǎ hán zhàn	55500	an-ang,z-zh,h-f	1
打嘴仗	dǎ zuǐ zhàng	55503	an-ang,z-zh	1
大公国	dà gōng guó	55504	ua-uo	1
滴溜圆	dī liū yuán	55509	uan-uang,n-l,r-l	1
电水壶	diàn shuǐ hú	55517	ian-iang,s-sh,h-f	1
掉点儿	diào diǎn er	55522	ian-iang	1
服装师	fú zhuāng shī	55541	uan-uang,z-zh,s-sh,h-f	1
关东糖	guān dōng táng	55553	an-ang,uan-uang	1
广角镜	guǎng jiǎo jìng	55556	in-ing,uan-uang,j-q-x	1
果丹皮	guǒ dān pí	55558	an-ang,ua-uo	1
害人虫	hài rén chóng	55559	en-eng,ai-ei,c-ch,h-f,r-l	1
黑蒙蒙	hēi méng méng	55565	en-eng,ai-ei,h-f	1
猴头菌	hóu tóu jūn	55568	ao-ou,h-f,j-q-x	1
换气扇	huàn qì shàn	55571	an-ang,uan-uang,s-sh,h-f,j-q-x	1
集体照	jí tǐ zhào	55578	ao-ou,z-zh,j-q-x	1
监测器	jiān cè qì	55583	ian-iang,c-ch,j-q-x	1
箭靶子	jiàn bǎ zi	55585	ian-iang,z-zh,j-q-x	1
搅拌器	jiǎo bàn qì	55590	an-ang,j-q-x	1
金质奖	jīn zhì jiǎng	55598	in-ing,ian-iang,z-zh,j-q-x	1
拘留证	jū liú zhèng	55603	en-eng,z-zh,n-l,r-l,j-q-x	1
举手礼	jǔ shǒu lǐ	55604	ao-ou,s-sh,n-l,r-l,j-q-x	1
拉后腿	lā hòu tuǐ	55619	ao-ou,n-l,h-f,r-l	1
拉洋片	lā yáng piān	55620	an-ang,ian-iang,n-l,r-l	1
懒骨头	lǎn gǔ tou	55621	an-ang,ao-ou,n-l,r-l	1
烂泥塘	làn ní táng	55622	an-ang,n-l,r-l	1
冷丝丝	lěng sī sī	55624	en-eng,s-sh,n-l,r-l	1
利滚利	lì gǔn lì	55627	n-l,r-l	1
遛早儿	liù zǎo er	55632	ao-ou,z-zh,n-l,r-l	3
龙须草	lóng xū cǎo	55633	ao-ou,c-ch,n-l,r-l,j-q-x	1
罗汉豆	luó hàn dòu	55637	an-ang,ao-ou,ua-uo,n-l,h-f,r-l	1
铆劲儿	mǎo jìn er	55641	in-ing,ao-ou,j-q-x	3
没样儿	méi yàng er	55642	an-ang,ai-ei	1
梅干菜	méi gān cài	55643	an-ang,ai-ei,c-ch	1
米粉肉	mǐ fěn ròu	55645	en-eng,ao-ou,h-f,r-l	1
南味儿	nán wèi er	55653	an-ang,ai-ei,n-l	1
排气扇	pái qì shàn	55659	an-ang,ai-ei,s-sh,j-q-x	1
抱粗腿	bào cū tuǐ	55661	ao-ou,c-ch	1
配给制	pèi jǐ zhì	55662	ai-ei,z-zh,j-q-x	1
膨体纱	péng tǐ shā	55664	en-eng,s-sh	1
啤酒肚	pí jiǔ dù	55665	j-q-x	1
原装货	yuán zhuāng huò	55669	uan-uang,ua-uo,z-zh,h-f	1
平方根	píng fāng gēn	55670	en-eng,in-ing,an-ang,h-f	1
平装本	píng zhuāng běn	55673	en-eng,in-ing,uan-uang,z-zh	1
牵牛星	qiān niú xīng	55682	in-ing,ian-iang,n-l,j-q-x	1
抢镜头	qiǎng jìng tóu	55685	in-ing,ian-iang,ao-ou,j-q-x	1
三重唱	sān chóng chàng	55692	an-ang,c-ch,s-sh	1
三联单	sān lián dān	55693	an-ang,ian-iang,s-sh,n-l,r-l	1
傻劲儿	shǎ jìn er	55697	in-ing,s-sh,j-q-x	1
上眼药	shàng yǎn yào	55699	an-ang,ao-ou,s-sh	1
石花菜	shí huā cài	55704	ai-ei,ua-uo,c-ch,s-sh,h-f	1
受话器	shòu huà qì	55709	ao-ou,ua-uo,s-sh,h-f,j-q-x	1
碳素钢	tàn sù gāng	55719	an-ang,s-sh	1
童子鸡	tóng zǐ jī	55725	z-zh,j-q-x	1
豌豆黄	wān dòu huáng	55733	an-ang,uan-uang,ao-ou,h-f	1
卫生香	wèi shēng xiāng	55740	en-eng,ian-iang,ai-ei,s-sh,j-q-x	1
卫生衣	wèi shēng yī	55741	en-eng,ai-ei,s-sh	1
卫星站	wèi xīng zhàn	55742	in-ing,an-ang,ai-ei,z-zh,j-q-x	1
文教界	wén jiào jiè	55744	en-eng,ia-ie,j-q-x	1
捂盖子	wǔ gài zi	55749	ai-ei,z-zh	1
西番莲	xī fān lián	55751	an-ang,ian-iang,n-l,h-f,r-l,j-q-x	1
洗涤灵	xǐ dí líng	55753	in-ing,n-l,r-l,j-q-x	1
洗发剂	xǐ fà jì	55754	h-f,j-q-x	1
细溜溜	xì liū liū	55756	n-l,r-l,j-q-x	1
弦乐队	xián yuè duì	55760	ian-iang,j-q-x	1
信号枪	xìn hào qiāng	55768	in-ing,ian-iang,ao-ou,h-f,j-q-x	1
牙周炎	yá zhōu yán	55778	an-ang,ao-ou,z-zh	1
雅皮士	yǎ pí shì	55779	s-sh	1
药捻子	yào niǎn zi	55786	ian-iang,ao-ou,z-zh,n-l	1
野山参	yě shān cān	55788	an-ang,c-ch,s-sh	1
一顺儿	yī shùn er	55792	s-sh	1
阴阳人	yīn yáng rén	55800	en-eng,in-ing,an-ang,r-l	1
月黑天	yuè hēi tiān	55816	ian-iang,ai-ei,h-f	1
运动袜	yùn dòng wà	55819		1
砸饭碗	zá fàn wǎn	55820	an-ang,z-zh,h-f	1
砸牌子	zá pái zi	55821	ai-ei,z-zh	1
战斗舰	zhàn dòu jiàn	55825	an-ang,ian-iang,ao-ou,z-zh,j-q-x	1
遮阳篷	zhē yáng péng	55830	en-eng,an-ang,z-zh	1
蒸汽浴	zhēng qì yù	55834	en-eng,z-zh,j-q-x	1
支招儿	zhī zhāo er	55836	ao-ou,z-zh	1
直撅撅	zhí juē juē	55839	z-zh,j-q-x	3
助动词	zhù dòng cí	55842	z-zh,c-ch	1
专修科	zhuān xiū kē	55843	uan-uang,z-zh,j-q-x	1
转弯子	zhuǎn wān zi	55844	an-ang,uan-uang,z-zh	1
壮门面	zhuàng mén mian	55846	en-eng,ian-iang,uan-uang,z-zh	1
准谱儿	zhǔn pǔ er	55847	z-zh	1
钻井船	zuān jǐng chuán	55851	in-ing,uan-uang,z-zh,c-ch,j-q-x	1
八字眉	bā zì méi	55857	ai-ei,z-zh	1
巴儿狗	bā er gǒu	55858	ao-ou	1
掰腕子	bāi wàn zi	55860	an-ang,ai-ei,z-zh	1
白铁皮	bái tiě pí	55861	ai-ei,ia-ie	1
百分率	bǎi fēn lǜ	55863	en-eng,ai-ei,n-l,h-f,r-l	1
变电器	biàn diàn qì	55876	ian-iang,j-q-x	1
标准像	biāo zhǔn xiàng	55882	ian-iang,z-zh,j-q-x	1
彩牌楼	cǎi pái lou	55891	ai-ei,ao-ou,c-ch,n-l,r-l	1
车道沟	chē dào gōu	55899	ao-ou,c-ch	1
吃零嘴	chī líng zuǐ	55903	in-ing,z-zh,c-ch,n-l,r-l	1
吃偏饭	chī piān fàn	55904	an-ang,ian-iang,c-ch,h-f	1
重孙女	chóng sūn nǚ	55908	c-ch,s-sh,n-l	1
春秋衫	chūn qiū shān	55921	an-ang,c-ch,s-sh,j-q-x	1
粗花呢	cū huā ní	55924	ua-uo,c-ch,n-l,h-f	1
粗饲料	cū sì liào	55926	c-ch,s-sh,n-l,r-l	1
打字纸	dǎ zì zhǐ	55930	z-zh	1
单人舞	dān rén wǔ	55935	en-eng,an-ang,r-l	1
登山服	dēng shān fú	55940	en-eng,an-ang,s-sh,h-f	1
地震仪	dì zhèn yí	55944	en-eng,z-zh	1
定滑轮	dìng huá lún	55955	in-ing,ua-uo,n-l,h-f,r-l	1
多神教	duō shén jiào	55966	en-eng,ua-uo,s-sh,j-q-x	1
发货票	fā huò piào	55971	ua-uo,h-f	1
发酵粉	fā jiào fěn	55972	en-eng,h-f,j-q-x	1
翻旧账	fān jiù zhàng	55975	an-ang,z-zh,h-f,j-q-x	1
放射病	fàng shè bìng	55983	in-ing,an-ang,s-sh,h-f	1
凤尾鱼	fèng wěi yú	55989	en-eng,ai-ei,h-f	1
歌片儿	gē piān er	56000	ian-iang	1
公债券	gōng zhài quàn	56003	uan-uang,ai-ei,z-zh,j-q-x	1
刮胡刀	guā hú dāo	56006	ao-ou,ua-uo,h-f	1
滚刀肉	gǔn dāo ròu	56013	ao-ou,r-l	1
寒酸相	hán suān xiàng	56020	an-ang,ian-iang,uan-uang,s-sh,h-f,j-q-x	1
旱冰场	hàn bīng chǎng	56023	in-ing,an-ang,c-ch,h-f	1
横截面	héng jié miàn	56028	en-eng,ian-iang,ia-ie,h-f,j-q-x	1
横剖面	héng pōu miàn	56030	en-eng,ian-iang,ao-ou,h-f	1
红铃虫	hóng líng chóng	56032	in-ing,c-ch,n-l,h-f,r-l	1
蝴蝶花	hú dié huā	56036	ia-ie,ua-uo,h-f	1
糊墙纸	hú qiáng zhǐ	56037	ian-iang,z-zh,h-f,j-q-x	1
花点子	huā diǎn zi	56038	ian-iang,ua-uo,z-zh,h-f	1
滑雪衫	huá xuě shān	56041	an-ang,ua-uo,s-sh,h-f,j-q-x	1
灰指甲	huī zhǐ jiǎ	56046	ia-ie,z-zh,h-f,j-q-x	1
鸡毛菜	jī máo cài	56050	ai-ei,ao-ou,c-ch,j-q-x	1
急巴巴	jí bā bā	56053	j-q-x	1
计程表	jì chéng biǎo	56055	en-eng,c-ch,j-q-x	1
夹板气	jiā bǎn qì	56058	an-ang,ia-ie,j-q-x	1
江米酒	jiāng mǐ jiǔ	56061	ian-iang,j-q-x	1
焦圈儿	jiāo quān er	56068	uan-uang,j-q-x	1
脚踏板	jiǎo tà bǎn	56071	an-ang,j-q-x	1
揭疮疤	jiē chuāng bā	56074	uan-uang,ia-ie,c-ch,j-q-x	1
金刚砂	jīn gāng shā	56077	in-ing,an-ang,s-sh,j-q-x	1
金龙鱼	jīn lóng yú	56078	in-ing,n-l,r-l,j-q-x	1
禁得住	jīn de zhù	56080	in-ing,z-zh,j-q-x	1
究根儿	jiū gēn er	56087	en-eng,j-q-x	1
酒精灯	jiǔ jīng dēng	56089	en-eng,in-ing,j-q-x	1
局内人	jú nèi rén	56091	en-eng,ai-ei,n-l,r-l,j-q-x	1
瞌睡虫	kē shuì chóng	56100	c-ch,s-sh	3
劳动服	láo dòng fú	56119	ao-ou,n-l,h-f,r-l	1
老油条	lǎo yóu tiáo	56122	ao-ou,n-l,r-l	1
离格儿	lí gé er	56126	n-l,r-l	1
里脊肉	lǐ jǐ ròu	56127	ao-ou,n-l,r-l,j-q-x	1
里外里	lǐ wài lǐ	56128	ai-ei,n-l,r-l	1
立体图	lì tǐ tú	56129	n-l,r-l	1
露头角	lù tóu jiǎo	56148	ao-ou,n-l,r-l,j-q-x	1
马蹄袖	mǎ tí xiù	56152	j-q-x	1
门鼻儿	mén bí er	56156	en-eng	1
密封圈	mì fēng quān	56158	en-eng,uan-uang,h-f,j-q-x	1
绵白糖	mián bái táng	56159	an-ang,ian-iang,ai-ei	1
木化石	mù huà shí	56170	ua-uo,s-sh,h-f	1
难上难	nán shàng nán	56173	an-ang,s-sh,n-l	1
泥饭碗	ní fàn wǎn	56175	an-ang,n-l,h-f	1
暖水袋	nuǎn shuǐ dài	56178	uan-uang,ai-ei,s-sh,n-l	1
排卵期	pái luǎn qī	56180	uan-uang,ai-ei,n-l,r-l,j-q-x	1
派不是	pài bù shi	56182	ai-ei,s-sh	1
盘儿菜	pán er cài	56183	an-ang,ai-ei,c-ch	1
葡萄灰	pú tao huī	56190	ao-ou,h-f	1
气轮机	qì lún jī	56193	n-l,r-l,j-q-x	1
铅笔刀	qiān bǐ dāo	56197	ian-iang,ao-ou,j-q-x	1
前滚翻	qián gǔn fān	56198	an-ang,ian-iang,h-f,j-q-x	1
清真教	qīng zhēn jiào	56201	en-eng,in-ing,z-zh,j-q-x	1
晴雨伞	qíng yǔ sǎn	56203	in-ing,an-ang,s-sh,j-q-x	1
燃烧瓶	rán shāo píng	56208	in-ing,an-ang,ao-ou,s-sh,r-l	1
柔姿纱	róu zī shā	56210	ao-ou,z-zh,s-sh,r-l	1
山楂糕	shān zhā gāo	56213	an-ang,ao-ou,z-zh,s-sh	3
上贼船	shàng zéi chuán	56217	an-ang,uan-uang,ai-ei,z-zh,c-ch,s-sh	1
失学率	shī xué lǜ	56225	s-sh,n-l,r-l,j-q-x	1
是非窝	shì fēi wō	56227	ai-ei,s-sh,h-f	1
书名号	shū míng hào	56228	in-ing,ao-ou,s-sh,h-f	1
熟石灰	shú shí huī	56229	s-sh,h-f	1
数得上	shǔ de shàng	56231	an-ang,s-sh	1
水舀子	shuǐ yǎo zi	56233	ao-ou,z-zh,s-sh	1
水翼船	shuǐ yì chuán	56234	uan-uang,c-ch,s-sh	1
四脚蛇	sì jiǎo shé	56237	s-sh,j-q-x	1
松塔儿	sōng tǎ er	56239	s-sh	1
酥油花	sū yóu huā	56242	ao-ou,ua-uo,s-sh,h-f	1
淘气包	táo qì bāo	56250	ao-ou,j-q-x	1
贴心话	tiē xīn huà	56253	in-ing,ia-ie,ua-uo,h-f,j-q-x	1
通用字	tōng yòng zì	56255	z-zh	1
玩儿票	wán er piào	56259	an-ang	1
胃穿孔	wèi chuān kǒng	56260	uan-uang,ai-ei,c-ch	1
窝里反	wō li fǎn	56262	an-ang,n-l,h-f,r-l	1
窝里横	wō li hèng	56263	en-eng,n-l,h-f,r-l	1
乌拉草	wù la cǎo	56266	ao-ou,c-ch,n-l,r-l	1
匣子枪	xiá zi qiāng	56267	ian-iang,ia-ie,z-zh,j-q-x	1
平流层	píng liú céng	56269	en-eng,in-ing,c-ch,n-l,r-l	1
相思豆	xiāng sī dòu	56275	ian-iang,ao-ou,s-sh,j-q-x	1
信号旗	xìn hào qí	56285	in-ing,ao-ou,h-f,j-q-x	1
牙花子	yá huā zi	56295	ua-uo,z-zh,h-f	1
夜盲症	yè máng zhèng	56301	en-eng,an-ang,z-zh	1
衣帽间	yī mào jiān	56303	ian-iang,ao-ou,j-q-x	1
便利贴	biàn lì tiē	56306	ian-iang,ia-ie,n-l,r-l	1
游戏卡	yóu xì kǎ	56312	ao-ou,j-q-x	1
珍珠贝	zhēn zhū bèi	56319	en-eng,ai-ei,z-zh	1
中山狼	zhōng shān láng	56325	an-ang,z-zh,s-sh,n-l,r-l	1
艾窝窝	ài wō wo	56336	ai-ei	1
白条猪	bái tiáo zhū	56341	ai-ei,z-zh	1
半脱产	bàn tuō chǎn	56343	an-ang,ua-uo,c-ch	1
包圆儿	bāo yuán er	56346	uan-uang,ao-ou	1
保鲜袋	bǎo xiān dài	56347	ian-iang,ai-ei,ao-ou,j-q-x	1
爆破手	bào pò shǒu	56348	ao-ou,s-sh	1
背带裙	bēi dài qún	56349	ai-ei,j-q-x	1
北温带	běi wēn dài	56351	en-eng,ai-ei	1
备不住	bèi bu zhù	56352	ai-ei,z-zh	1
笨活儿	bèn huó er	56355	en-eng,ua-uo,h-f	1
表面光	biǎo miàn guāng	56360	ian-iang,uan-uang	1
不摸头	bù mō tóu	56364	ao-ou	1
掺沙子	chān shā zi	56369	an-ang,z-zh,c-ch,s-sh	1
朝阳花	cháo yáng huā	56371	an-ang,ao-ou,ua-uo,c-ch,h-f	1
吃鸭蛋	chī yā dàn	56375	an-ang,c-ch	1
穿堂门	chuān táng mén	56378	en-eng,an-ang,uan-uang,c-ch	1
串味儿	chuàn wèi er	56379	uan-uang,ai-ei,c-ch	1
寸劲儿	cùn jìn er	56388	in-ing,c-ch,j-q-x	1
大姨子	dà yí zi	56390	z-zh	1
倒插笔	dào chā bǐ	56393	ao-ou,c-ch	1
对比色	duì bǐ sè	56416	s-sh	1
多音字	duō yīn zì	56418	in-ing,ua-uo,z-zh	1
费手脚	fèi shǒu jiǎo	56427	ai-ei,ao-ou,s-sh,h-f,j-q-x	1
覆盆子	fù pén zǐ	56433	en-eng,z-zh,h-f	1
高祖父	gāo zǔ fù	56437	ao-ou,z-zh,h-f	1
果子酱	guǒ zi jiàng	56443	ian-iang,ua-uo,z-zh,j-q-x	1
过劳死	guò láo sǐ	56444	ao-ou,ua-uo,s-sh,n-l,r-l	1
过堂风	guò táng fēng	56445	en-eng,an-ang,ua-uo,h-f	1
横坐标	héng zuò biāo	56458	en-eng,ua-uo,z-zh,h-f	1
蝴蝶斑	hú dié bān	56466	an-ang,ia-ie,h-f	1
踝子骨	huái zi gǔ	56472	z-zh,h-f	3
活扣儿	huó kòu er	56476	ao-ou,ua-uo,h-f	1
间奏曲	jiān zòu qǔ	56479	ian-iang,ao-ou,z-zh,j-q-x	1
净产值	jìng chǎn zhí	56489	in-ing,an-ang,z-zh,c-ch,j-q-x	1
绝缘性	jué yuán xìng	56498	in-ing,uan-uang,j-q-x	1
掘土机	jué tǔ jī	56499	j-q-x	1
矿泉壶	kuàng quán hú	56518	uan-uang,h-f,j-q-x	1
老板桌	lǎo bǎn zhuō	56520	an-ang,ao-ou,ua-uo,z-zh,n-l,r-l	1
老油子	lǎo yóu zi	56521	ao-ou,z-zh,n-l,r-l	1
连脚裤	lián jiǎo kù	56523	ian-iang,n-l,r-l,j-q-x	1
炼铁炉	liàn tiě lú	56525	ian-iang,ia-ie,n-l,r-l	1
两分法	liǎng fēn fǎ	56526	en-eng,ian-iang,n-l,h-f,r-l	1
两面光	liǎng miàn guāng	56527	ian-iang,uan-uang,n-l,r-l	1
麻织品	má zhī pǐn	56535	in-ing,z-zh	1
马海毛	mǎ hǎi máo	56536	ai-ei,ao-ou,h-f	1
马蹄表	mǎ tí biǎo	56537		1
骂大街	mà dà jiē	56538	ia-ie,j-q-x	1
毛烘烘	máo hōng hōng	56541	ao-ou,h-f	1
闷罐子	mèn guàn zǐ	56545	en-eng,uan-uang,z-zh	1
米豆腐	mǐ dòu fu	56546	ao-ou,h-f	1
蜜罐儿	mì guàn er	56547	uan-uang	1
哪会儿	nǎ huì er	56557	n-l,h-f	1
奶豆腐	nǎi dòu fu	56558	ai-ei,ao-ou,n-l,h-f	1
凝固剂	níng gù jì	56563	in-ing,n-l,j-q-x	1
牛肝菌	niú gān jùn	56564	an-ang,n-l,j-q-x	1
泡蘑菇	pào mó gu	56568	ao-ou	1
片儿汤	piàn er tāng	56572	an-ang,ian-iang	1
轻金属	qīng jīn shǔ	56583	in-ing,s-sh,j-q-x	1
驱虫剂	qū chóng jì	56585	c-ch,j-q-x	1
取景器	qǔ jǐng qì	56586	in-ing,j-q-x	1
卫生球	wèi shēng qiú	56602	en-eng,ai-ei,s-sh,j-q-x	1
洗染店	xǐ rǎn diàn	56605	an-ang,ian-iang,r-l,j-q-x	1
橡皮圈	xiàng pí quān	56606	ian-iang,uan-uang,j-q-x	1
橡皮糖	xiàng pí táng	56607	an-ang,ian-iang,j-q-x	1
语料库	yǔ liào kù	56614	n-l,r-l	1
乘务长	chéng wù zhǎng	56626	en-eng,an-ang,z-zh,c-ch	1
吃劳保	chī láo bǎo	56627	ao-ou,c-ch,n-l,r-l	1
打边鼓	dǎ biān gǔ	56629	ian-iang	1
订书机	dìng shū jī	56632	in-ing,s-sh,j-q-x	1
独奏曲	dú zòu qǔ	56633	ao-ou,z-zh,j-q-x	1
华氏度	huá shì dù	56643	ua-uo,s-sh,h-f	1
黄昏恋	huáng hūn liàn	56644	ian-iang,uan-uang,n-l,h-f,r-l	1
回车键	huí chē jiàn	56645	ian-iang,c-ch,h-f,j-q-x	1
留后手	liú hòu shǒu	56657	ao-ou,s-sh,n-l,h-f,r-l	1
耍手段	shuǎ shǒu duàn	56669	uan-uang,ao-ou,ua-uo,s-sh	1
随大溜	suí dà liù	56671	s-sh,n-l,r-l	1
太空步	tài kōng bù	56672	ai-ei	1
太空棉	tài kōng mián	56673	ian-iang,ai-ei	1
万年历	wàn nián lì	56675	an-ang,ian-iang,n-l,r-l	1
泄洪闸	xiè hóng zhá	56678	ia-ie,z-zh,h-f,j-q-x	1
性价比	xìng jià bǐ	56680	in-ing,ia-ie,j-q-x	1
引申义	yǐn shēn yì	56683	en-eng,in-ing,s-sh	1
差等生	chā děng shēng	56687	en-eng,c-ch,s-sh	1
跌打丸	diē dǎ wán	56692	an-ang,ia-ie	1
脊髓炎	jǐ suǐ yán	56699	an-ang,s-sh,j-q-x	1
将军肚	jiāng jūn dù	56700	ian-iang,j-q-x	1
落地扇	luò dì shàn	56708	an-ang,ua-uo,s-sh,n-l,r-l	1
马屁精	mǎ pì jīng	56709	in-ing,j-q-x	1
马尾辫	mǎ wěi biàn	56710	ian-iang,ai-ei	1
十进制	shí jìn zhì	56719	in-ing,z-zh,s-sh,j-q-x	1
下三烂	xià sān làn	56723	an-ang,ia-ie,s-sh,n-l,r-l,j-q-x	1
产褥期	chǎn rù qī	56728	an-ang,c-ch,r-l,j-q-x	1
长筒靴	cháng tǒng xuē	56729	an-ang,c-ch,j-q-x	1
扯后腿	chě hòu tuǐ	56730	ao-ou,c-ch,h-f	1
多义词	duō yì cí	56733	ua-uo,c-ch	1
盖浇饭	gài jiāo fàn	56734	an-ang,ai-ei,h-f,j-q-x	1
猴儿急	hóu er jí	56736	ao-ou,h-f,j-q-x	1
精子库	jīng zǐ kù	56738	in-ing,z-zh,j-q-x	1
弹簧秤	tán huáng chèng	56749	en-eng,an-ang,uan-uang,c-ch,h-f	1
羊角风	yáng jiǎo fēng	56751	en-eng,an-ang,h-f,j-q-x	1
遮阳镜	zhē yáng jìng	56754	in-ing,an-ang,z-zh,j-q-x	1
婚外孕	hūn wài yùn	56762	ai-ei,h-f	1
节育环	jié yù huán	56763	uan-uang,ia-ie,h-f,j-q-x	1
开心丸	kāi xīn wán	56767	in-ing,an-ang,ai-ei,j-q-x	1
烈性子	liè xìng zi	56769	in-ing,ia-ie,z-zh,n-l,r-l,j-q-x	1
零杂工	líng zá gōng	56770	in-ing,z-zh,n-l,r-l	1
闽方言	mǐn fāng yán	56777	in-ing,an-ang,h-f	1
拟声词	nǐ shēng cí	56778	en-eng,c-ch,s-sh,n-l	1
湘方言	xiāng fāng yán	56785	an-ang,ian-iang,h-f,j-q-x	1
正方体	zhèng fāng tǐ	56789	en-eng,an-ang,z-zh,h-f	1
南温带	nán wēn dài	56790	en-eng,an-ang,ai-ei,n-l	1
