一个劲	yí gè jìn	12	in-ing,j-q-x	1
一令纸	yī lǐng zhǐ	42	in-ing,z-zh,n-l,r-l	1
一元论	yī yuán lùn	64	uan-uang,n-l,r-l	1
一出戏	yì chū xì	66	c-ch,j-q-x	1
一分子	yī fèn zǐ	72	en-eng,z-zh,h-f	1
一分钟	yì fēn zhōng	74	en-eng,z-zh,h-f	1
一匹马	yì pǐ mǎ	88		1
一回儿	yì huí er	129	h-f	1
一场梦	yì cháng mèng	133	en-eng,an-ang,c-ch	1
一场雨	yī cháng yǔ	135	an-ang,c-ch	1
一夜情	yí yè qíng	147	in-ing,j-q-x	1
一大半	yī dà bàn	149	an-ang	1
一大堆	yī dà duī	150		1
一大把	yī dà bǎ	152		1
一头热	yī tóu rè	161	ao-ou,r-l	1
一年级	yì nián jí	217	ian-iang,n-l,j-q-x	1
一把子	yī bà zi	249	z-zh	1
一抹黑	yī mǒ hēi	256	ai-ei,h-f	1
一掊土	yī póu tǔ	259	ao-ou	3
一服药	yī fù yào	303	ao-ou,h-f	1
一枝香	yī zhī xiāng	325	ian-iang,z-zh,j-q-x	1
一步步	yí bù bù	338		1
一沓纸	yì dá zhǐ	349	z-zh	3
一溜风	yī liù fēng	367	en-eng,n-l,h-f,r-l	1
一点钟	yì diǎn zhōng	369	ian-iang,z-zh	1
一百亿	yì bǎi yì	393	ai-ei	1
一直走	yì zhí zǒu	401	ao-ou,z-zh	1
一神教	yī shén jiào	412	en-eng,s-sh,j-q-x	1
一窝风	yī wō fēng	417	en-eng,h-f	1
一等奖	yì děng jiǎng	429	en-eng,ian-iang,j-q-x	1
一而再	yì ér zài	443	ai-ei,z-zh	1
一股劲	yì gǔ jìn	445	in-ing,j-q-x	1
一艘船	yì sōu chuán	460	uan-uang,ao-ou,c-ch,s-sh	1
一行人	yī xíng rén	467	en-eng,in-ing,r-l,j-q-x	1
一长串	yī cháng chuàn	542	an-ang,uan-uang,c-ch	1
一霎那	yī shà nà	553	s-sh,n-l	1
一面倒	yí miàn dǎo	557	ian-iang,ao-ou	1
一驮粮	yí duò liáng	564	ian-iang,ua-uo,n-l,r-l	1
丁公藤	dīng gōng téng	582	en-eng,in-ing	1
七叶树	qī yè shù	605	s-sh,j-q-x	1
七大洲	qī dà zhōu	608	ao-ou,z-zh,j-q-x	1
万应锭	wàn yìng dìng	700	in-ing,an-ang	3
三不知	sān bù zhī	770	an-ang,z-zh,s-sh	1
三八节	sān bā jié	785	an-ang,ia-ie,s-sh,j-q-x	1
三十儿	sān shí er	792	an-ang,s-sh	1
三十六	sān shí liù	793	an-ang,s-sh,n-l,r-l	1
三叶虫	sān yè chóng	804	an-ang,c-ch,s-sh	1
三合会	sān hé huì	807	an-ang,s-sh,h-f	1
三合房	sān hé fáng	809	an-ang,s-sh,h-f	1
三家村	sān jiā cūn	840	an-ang,ia-ie,c-ch,s-sh,j-q-x	1
三折肱	sān zhé gōng	857	an-ang,z-zh,s-sh	3
三结合	sān jié hé	895	an-ang,ia-ie,s-sh,h-f,j-q-x	1
三脚猫	sān jiǎo māo	900	an-ang,ao-ou,s-sh,j-q-x	1
三色堇	sān sè jǐn	902	in-ing,an-ang,s-sh,j-q-x	3
三角学	sān jiǎo xué	915	an-ang,s-sh,j-q-x	1
三连冠	sān lián guàn	928	an-ang,ian-iang,uan-uang,s-sh,n-l,r-l	1
上下床	shàng xià chuáng	950	an-ang,uan-uang,ia-ie,c-ch,s-sh,j-q-x	1
上半晌	shàng bàn shǎng	986	an-ang,s-sh	1
上半身	shàng bàn shēn	988	en-eng,an-ang,s-sh	1
上场门	shàng chǎng mén	1006	en-eng,an-ang,c-ch,s-sh	1
上方剑	shàng fāng jiàn	1066	an-ang,ian-iang,s-sh,h-f,j-q-x	1
上等兵	shàng děng bīng	1113	en-eng,in-ing,an-ang,s-sh	1
上西天	shàng xī tiān	1142	an-ang,ian-iang,s-sh,j-q-x	1
下工夫	xià gōng fū	1214	ia-ie,h-f,j-q-x	1
下巴颏	xià bā kē	1215	ia-ie,j-q-x	3
不一定	bù yí dìng	1255	in-ing	1
不一样	bù yí yàng	1256	an-ang	1
不中用	bù zhōng yòng	1266	z-zh	1
不争气	bù zhēng qì	1290	en-eng,z-zh,j-q-x	1
不人道	bù rén dào	1300	en-eng,ao-ou,r-l	1
不介意	bù jiè yì	1304	ia-ie,j-q-x	1
不做声	bù zuò shēng	1348	en-eng,ua-uo,z-zh,s-sh	1
不切题	bú qiè tí	1382	ia-ie,j-q-x	1
不到位	bú dào wèi	1389	ai-ei,ao-ou	1
不及格	bù jí gé	1411	j-q-x	1
不可分	bù kě fēn	1424	en-eng,h-f	1
不名誉	bù míng yù	1476	in-ing	1
不含糊	bù hán hù	1482	an-ang,h-f	1
不周延	bù zhōu yán	1485	an-ang,ao-ou,z-zh	1
不在乎	bù zài hū	1497	ai-ei,z-zh,h-f	1
不在意	bù zài yì	1498	ai-ei,z-zh	1
不夜城	bù yè chéng	1518	en-eng,c-ch	1
不大离	bù dà lí	1522	n-l,r-l	1
不好看	bù hǎo kàn	1532	an-ang,ao-ou,h-f	1
不好过	bù hǎo guò	1533	ao-ou,ua-uo,h-f	1
不如意	bù rú yì	1536	r-l	1
不安分	bù ān fèn	1553	en-eng,an-ang,h-f	1
不客气	bú kè qì	1559	j-q-x	1
不屑意	bú xiè yì	1583	ia-ie,j-q-x	1
不得劲	bù dé jìn	1621	in-ing,j-q-x	1
不得志	bù dé zhì	1627	z-zh	1
不打紧	bù dǎ jǐn	1685	in-ing,j-q-x	1
不方便	bù fāng biàn	1740	an-ang,ian-iang,h-f	1
不旋踵	bù xuán zhǒng	1741	uan-uang,z-zh,j-q-x	3
不服气	bù fú qì	1765	h-f,j-q-x	1
不来梅	bù lái méi	1775	ai-ei,n-l,r-l	1
不正常	bú zhèng cháng	1792	en-eng,an-ang,z-zh,c-ch	1
不犯着	bù fàn zháo	1826	an-ang,ao-ou,z-zh,h-f	1
不甘心	bù gān xīn	1833	in-ing,an-ang,j-q-x	1
不相干	bù xiāng gān	1858	an-ang,ian-iang,j-q-x	1
不相称	bù xiāng chèn	1859	en-eng,ian-iang,c-ch,j-q-x	1
不等号	bù děng hào	1928	en-eng,ao-ou,h-f	1
不耐烦	bù nài fán	1962	an-ang,ai-ei,n-l,h-f	1
不能不	bù néng bù	1980	en-eng,n-l	1
不自在	bù zì zài	1990	ai-ei,z-zh	1
不舒服	bù shū fú	1998	s-sh,h-f	1
不要怕	bú yào pà	2018	ao-ou	1
不见了	bú jiàn le	2023	ian-iang,n-l,r-l,j-q-x	1
不记得	bú jì dé	2045	j-q-x	1
不象话	bù xiàng huà	2074	ian-iang,ua-uo,h-f,j-q-x	1
不起诉	bù qǐ sù	2086	s-sh,j-q-x	1
不适合	bú shì hé	2129	s-sh,h-f	1
不透明	bú tòu míng	2131	in-ing,ao-ou	1
不道德	bù dào dé	2145	ao-ou	1
不重要	bú zhòng yào	2156	ao-ou,z-zh	1
专名号	zhuān míng hào	2242	in-ing,uan-uang,ao-ou,z-zh,h-f	1
世纪末	shì jì mò	2289	s-sh,j-q-x	1
东北虎	dōng běi hǔ	2311	ai-ei,h-f	1
东南欧	dōng nán ōu	2321	an-ang,ao-ou,n-l	1
东洋车	dōng yáng chē	2359	an-ang,c-ch	1
丝瓜络	sī guā luò	2403	ua-uo,s-sh,n-l,r-l	1
两头蛇	liǎng tóu shé	2428	ian-iang,ao-ou,s-sh,n-l,r-l	1
两栖类	liǎng qī lèi	2439	ian-iang,ai-ei,n-l,r-l,j-q-x	1
两边倒	liǎng biān dǎo	2452	ian-iang,ao-ou,n-l,r-l	1
丧气话	sàng qì huà	2495	an-ang,ua-uo,s-sh,h-f,j-q-x	1
丧葬费	sāng zàng fèi	2503	an-ang,ai-ei,z-zh,s-sh,h-f	1
丧门神	sàng mén shén	2509	en-eng,an-ang,s-sh	1
个旧市	gè jiù shì	2532	s-sh,j-q-x	1
中国人	zhōng guó rén	2566	en-eng,ua-uo,z-zh,r-l	1
中国字	zhōng guó zì	2572	ua-uo,z-zh	1
中国海	zhōng guó hǎi	2578	ai-ei,ua-uo,z-zh,h-f	1
串并联	chuàn bìng lián	2696	in-ing,ian-iang,uan-uang,c-ch,n-l,r-l	1
临界角	lín jiè jiǎo	2718	in-ing,ia-ie,n-l,r-l,j-q-x	1
义和拳	yì hé quán	2917	uan-uang,h-f,j-q-x	1
乌压压	wū yā yā	2933		1
乌拉圭	wū la guī	2941	n-l,r-l	3
乌梢蛇	wū shāo shé	2946	ao-ou,s-sh	1
乌骨鸡	wū gǔ jī	2951	j-q-x	1
乐亭县	lào tíng xiàn	2969	in-ing,ian-iang,ao-ou,n-l,r-l,j-q-x	1
乐府诗	yuè fǔ shī	3000	s-sh,h-f	1
乐颠颠	lè diān diān	3057	ian-iang,n-l,r-l	1
九回肠	jiǔ huí cháng	3138	an-ang,c-ch,h-f,j-q-x	1
九尾狐	jiǔ wěi hú	3144	ai-ei,h-f,j-q-x	1
九折臂	jiǔ zhé bì	3145	z-zh,j-q-x	1
九重关	jiǔ chóng guān	3160	uan-uang,c-ch,j-q-x	1
九重城	jiǔ chóng chéng	3161	en-eng,c-ch,j-q-x	1
九重墙	jiǔ chóng qiáng	3162	ian-iang,c-ch,j-q-x	1
九重天	jiǔ chóng tiān	3163	ian-iang,c-ch,j-q-x	1
九重宫	jiǔ chóng gōng	3164	c-ch,j-q-x	1
九重泉	jiǔ chóng quán	3165	uan-uang,c-ch,j-q-x	1
九重锁	jiǔ chóng suǒ	3166	ua-uo,c-ch,s-sh,j-q-x	1
九重闺	jiǔ chóng guī	3167	c-ch,j-q-x	1
九重阁	jiǔ chóng gé	3168	c-ch,j-q-x	1
九重霄	jiǔ chóng xiāo	3169	c-ch,j-q-x	1
习字帖	xí zì tiè	3187	ia-ie,z-zh,j-q-x	1
习字簿	xí zì bù	3188	z-zh,j-q-x	1
买关节	mǎi guān jié	3239	uan-uang,ai-ei,ia-ie,j-q-x	1
买得起	mǎi de qǐ	3242	ai-ei,j-q-x	1
了望台	liào wàng tái	3290	an-ang,ai-ei,n-l,r-l	1
事务员	shì wù yuán	3342	uan-uang,s-sh	1
事实上	shì shí shàng	3347	an-ang,s-sh	1
二人台	èr rén tái	3360	en-eng,ai-ei,r-l	1
二化螟	èr huà míng	3368	in-ing,ua-uo,h-f	3
二地主	èr dì zhǔ	3371	z-zh	1
二重根	èr chóng gēn	3392	en-eng,c-ch	1
二面角	èr miàn jiǎo	3394	ian-iang,j-q-x	1
互助组	hù zhù zǔ	3491	z-zh,h-f	1
五台山	wǔ tái shān	3519	an-ang,ai-ei,s-sh	1
五金行	wǔ jīn háng	3573	in-ing,an-ang,h-f,j-q-x	1
交叉点	jiāo chā diǎn	3666	ian-iang,c-ch,j-q-x	1
交换台	jiāo huàn tái	3687	uan-uang,ai-ei,h-f,j-q-x	1
交通员	jiāo tōng yuán	3709	uan-uang,j-q-x	1
京片子	jīng piàn zi	3738	in-ing,ian-iang,z-zh,j-q-x	1
亲兄弟	qīn xiōng dì	3761	in-ing,j-q-x	1
人参果	rén shēn guǒ	3856	en-eng,ua-uo,s-sh,r-l	1
人性论	rén xìng lùn	3889	en-eng,in-ing,n-l,r-l,j-q-x	1
人轧人	rén gá rén	3943	en-eng,r-l	1
什么事	shén me shì	3959	en-eng,s-sh	1
什件儿	shí jiàn ér	3962	ian-iang,s-sh,j-q-x	1
仅次于	jǐn cì yú	3985	in-ing,c-ch,j-q-x	1
今儿个	jīn ér gè	4007	in-ing,j-q-x	1
仕女图	shì nǚ tú	4107	s-sh,n-l	3
他们俩	tā men liǎ	4112	en-eng,ia-ie,n-l,r-l	1
他们的	tā men de	4113	en-eng	1
代数和	dài shù hé	4146	ai-ei,s-sh,h-f	1
代数学	dài shù xué	4147	ai-ei,s-sh,j-q-x	1
代数式	dài shù shì	4148	ai-ei,s-sh	1
代数数	dài shù shù	4149	ai-ei,s-sh	1
任意球	rèn yì qiú	4382	en-eng,r-l,j-q-x	1
休耕地	xiū gēng dì	4471	en-eng,j-q-x	1
众生相	zhòng shēng xiàng	4496	en-eng,ian-iang,z-zh,s-sh,j-q-x	1
优待券	yōu dài quàn	4510	uan-uang,ai-ei,ao-ou,j-q-x	1
优惠券	yōu huì quàn	4511	uan-uang,ao-ou,h-f,j-q-x	1
会议室	huì yì shì	4576	s-sh,h-f	1
传令兵	chuán lìng bīng	4612	in-ing,uan-uang,c-ch,n-l,r-l	1
传动带	chuán dòng dài	4615	uan-uang,ai-ei,c-ch	1
传声器	chuán shēng qì	4626	en-eng,uan-uang,c-ch,s-sh,j-q-x	1
传纸条	chuán zhǐ tiáo	4666	uan-uang,z-zh,c-ch	1
伯利兹	bó lì zī	4726	z-zh,n-l,r-l	1
伯尔尼	bó ěr ní	4731	n-l	1
伯祖母	bó zǔ mǔ	4739	z-zh	1
估堆儿	gū duī ér	4743		1
伸缩性	shēn suō xìng	4760	en-eng,in-ing,ua-uo,s-sh,j-q-x	1
伸舌头	shēn shé tou	4761	en-eng,ao-ou,s-sh	1
伽利略	jiā lì lüè	4786	ia-ie,n-l,r-l,j-q-x	3
住一宿	zhù yì xiǔ	4838	z-zh,j-q-x	1
住宅区	zhù zhái qū	4841	ai-ei,z-zh,j-q-x	1
体态语	tǐ tài yǔ	4872	ai-ei	1
体温表	tǐ wēn biǎo	4888	en-eng	1
何仙姑	hé xiān gū	4926	ian-iang,h-f,j-q-x	1
何许人	hé xǔ rén	4957	en-eng,h-f,r-l,j-q-x	1
佛光寺	fó guāng sì	4988	uan-uang,s-sh,h-f	1
佛山市	fó shān shì	5001	an-ang,s-sh,h-f	1
佛手柑	fó shǒu gān	5007	an-ang,ao-ou,s-sh,h-f	1
佛教徒	fó jiào tú	5009	h-f,j-q-x	1
佛甲草	fó jiǎ cǎo	5015	ao-ou,ia-ie,c-ch,h-f,j-q-x	1
你们俩	nǐ men liǎ	5064	en-eng,ia-ie,n-l,r-l	1
你们的	nǐ men de	5065	en-eng,n-l	1
侄女儿	zhí nǚ ér	5111	z-zh,n-l	1
侍应生	shì yìng shēng	5132	en-eng,in-ing,s-sh	1
侏儒症	zhū rú zhèng	5137	en-eng,z-zh,r-l	3
供欣赏	gōng xīn shǎng	5158	in-ing,an-ang,s-sh,j-q-x	1
便宜货	pián yí huò	5253	ian-iang,ua-uo,h-f	1
便步走	biàn bù zǒu	5266	ian-iang,ao-ou,z-zh	1
俎上肉	zǔ shàng ròu	5289	an-ang,ao-ou,z-zh,s-sh,r-l	3
俗体字	sú tǐ zì	5302	z-zh,s-sh	1
保不齐	bǎo bù qí	5315	ao-ou,j-q-x	1
保得住	bǎo de zhù	5322	ao-ou,z-zh	1
保真度	bǎo zhēn dù	5326	en-eng,ao-ou,z-zh	1
倒不是	dào bú shì	5482	ao-ou,s-sh	1
倒不错	dào bú cuò	5483	ao-ou,ua-uo,c-ch	1
倒儿爷	dǎo er yé	5491	ao-ou	1
倒出去	dào chū qù	5496	ao-ou,c-ch,j-q-x	1
倒出来	dào chū lái	5497	ai-ei,ao-ou,c-ch,n-l,r-l	1
倒卵形	dào luǎn xíng	5503	in-ing,uan-uang,ao-ou,n-l,r-l,j-q-x	1
倒垃圾	dào lā jī	5518	ao-ou,n-l,r-l,j-q-x	1
倒带键	dào dài jiàn	5528	ian-iang,ai-ei,ao-ou,j-q-x	1
倒憋气	dào biē qì	5539	ao-ou,ia-ie,j-q-x	1
倒数式	dào shù shì	5566	ao-ou,s-sh	1
倒数比	dào shù bǐ	5567	ao-ou,s-sh	1
倒片机	dào piàn jī	5587	ian-iang,ao-ou,j-q-x	1
倒牌子	dǎo pái zi	5588	ai-ei,ao-ou,z-zh	1
倒背手	dào bèi shǒu	5604	ai-ei,ao-ou,s-sh	1
倒脉冲	dào mài chōng	5605	ai-ei,ao-ou,c-ch	1
倒苦水	dào kǔ shuǐ	5607	ao-ou,s-sh	1
倒血霉	dǎo xuè méi	5611	ai-ei,ao-ou,j-q-x	1
倒装句	dào zhuāng jù	5615	uan-uang,ao-ou,z-zh,j-q-x	1
倒读数	dào dú shù	5619	ao-ou,s-sh	1
倒踏门	dào tà mén	5624	en-eng,ao-ou	1
倒轮闸	dào lún zhá	5628	ao-ou,z-zh,n-l,r-l	1
倒过儿	dào guò ér	5630	ao-ou,ua-uo	1
倒过去	dào guò qù	5631	ao-ou,ua-uo,j-q-x	1
倒过来	dào guò lái	5632	ai-ei,ao-ou,ua-uo,n-l,r-l	1
倡议书	chàng yì shū	5707	an-ang,c-ch,s-sh	1
倾斜度	qīng xié dù	5732	in-ing,ia-ie,j-q-x	1
假分数	jiǎ fēn shù	5756	en-eng,ia-ie,s-sh,h-f,j-q-x	1
假慈悲	jiǎ cí bēi	5761	ai-ei,ia-ie,c-ch,j-q-x	1
做好事	zuò hǎo shì	5809	ao-ou,ua-uo,z-zh,s-sh,h-f	1
做衣服	zuò yī fú	5812	ua-uo,z-zh,h-f	1
偶函数	ǒu hán shù	5832	an-ang,ao-ou,s-sh,h-f	1
傅立叶	fù lì yè	5845	n-l,h-f,r-l	1
催吐剂	cuī tǔ jì	5868	c-ch,j-q-x	1
儿女债	ér nǚ zhài	5923	ai-ei,z-zh,n-l	1
先验论	xiān yàn lùn	5997	an-ang,ian-iang,n-l,r-l,j-q-x	1
克分子	kè fēn zǐ	6044	en-eng,z-zh,h-f	1
克格勃	kè gé bó	6051		1
兑换券	duì huàn quàn	6069	uan-uang,h-f,j-q-x	1
入口处	rù kǒu chù	6117	ao-ou,c-ch,r-l	1
八卦教	bā guà jiào	6188	ua-uo,j-q-x	1
八斗才	bā dǒu cái	6198	ai-ei,ao-ou,c-ch	1
八行书	bā háng shū	6207	an-ang,s-sh,h-f	1
八达岭	bā dá lǐng	6211	in-ing,n-l,r-l	1
公休日	gōng xiū rì	6221	r-l,j-q-x	1
公倍数	gōng bèi shù	6224	ai-ei,s-sh	1
公共课	gōng gòng kè	6238		1
公分子	gōng fēn zǐ	6240	en-eng,z-zh,h-f	1
公切线	gōng qiē xiàn	6241	ian-iang,ia-ie,j-q-x	1
公约数	gōng yuē shù	6280	s-sh	1
六六六	liù liù liù	6297	n-l,r-l	1
六指儿	liù zhǐ ér	6311	z-zh,n-l,r-l	1
六月雪	liù yuè xuě	6313	n-l,r-l,j-q-x	1
六盘山	liù pán shān	6325	an-ang,s-sh,n-l,r-l	1
兰陵王	lán líng wáng	6356	in-ing,an-ang,n-l,r-l	1
共价键	gòng jià jiàn	6367	ian-iang,ia-ie,j-q-x	1
共同社	gòng tóng shè	6375	s-sh	1
共和党	gòng hé dǎng	6380	an-ang,h-f	1
共存亡	gòng cún wáng	6386	an-ang,c-ch	1
共振器	gòng zhèn qì	6393	en-eng,z-zh,j-q-x	1
共生矿	gòng shēng kuàng	6401	en-eng,uan-uang,s-sh	1
共聚物	gòng jù wù	6407	j-q-x	1
共进会	gòng jìn huì	6415	in-ing,h-f,j-q-x	1
共鸣器	gòng míng qì	6421	in-ing,j-q-x	1
关系学	guān xì xué	6432	uan-uang,j-q-x	1
关节点	guān jié diǎn	6437	ian-iang,uan-uang,ia-ie,j-q-x	1
关节痛	guān jié tòng	6438	uan-uang,ia-ie,j-q-x	1
关键期	guān jiàn qī	6439	ian-iang,uan-uang,j-q-x	1
兴中会	xīng zhōng huì	6445	in-ing,z-zh,h-f,j-q-x	1
内侄女	nèi zhí nǚ	6617	ai-ei,z-zh,n-l	1
内切圆	nèi qiē yuán	6627	uan-uang,ai-ei,ia-ie,n-l,j-q-x	1
内心里	nèi xīn lǐ	6667	in-ing,ai-ei,n-l,r-l,j-q-x	1
内斜视	nèi xié shì	6678	ai-ei,ia-ie,s-sh,n-l,j-q-x	1
内果皮	nèi guǒ pí	6681	ai-ei,ua-uo,n-l	1
内陆海	nèi lù hǎi	6732	ai-ei,n-l,h-f,r-l	1
再一次	zài yí cì	6741	ai-ei,z-zh,c-ch	1
冒尖户	mào jiān hù	6776	ian-iang,ao-ou,h-f,j-q-x	1
冒险家	mào xiǎn jiā	6791	ian-iang,ao-ou,ia-ie,j-q-x	1
军工厂	jūn gōng chǎng	6828	an-ang,c-ch,j-q-x	1
军机处	jūn jī chù	6832	c-ch,j-q-x	1
冰川期	bīng chuān qī	6944	in-ing,uan-uang,c-ch,j-q-x	1
冰河期	bīng hé qī	6952	in-ing,h-f,j-q-x	1
冰淇淋	bīng qí lín	6957	in-ing,n-l,r-l,j-q-x	3
冰雪节	bīng xuě jié	6973	in-ing,ia-ie,j-q-x	1
冲天炮	chōng tiān pào	6998	ian-iang,ao-ou,c-ch	1
冲盹儿	chòng dǔn er	7021	c-ch	1
冲锋号	chōng fēng hào	7032	en-eng,ao-ou,c-ch,h-f	1
冲锋队	chōng fēng duì	7034	en-eng,c-ch,h-f	1
决定论	jué dìng lùn	7046	in-ing,n-l,r-l,j-q-x	1
准高速	zhǔn gāo sù	7132	ao-ou,z-zh,s-sh	1
凉一凉	liàng yī liàng	7133	ian-iang,n-l,r-l	1
凝血酶	níng xuè méi	7180	in-ing,ai-ei,n-l,j-q-x	3
几乎不	jī hū bù	7185	h-f,j-q-x	1
几何学	jǐ hé xué	7187	h-f,j-q-x	1
凤尾草	fèng wěi cǎo	7222	en-eng,ai-ei,ao-ou,c-ch,h-f	1
凹透镜	āo tòu jìng	7272	in-ing,ao-ou,j-q-x	1
凹面镜	āo miàn jìng	7276	in-ing,ian-iang,ao-ou,j-q-x	1
出差错	chū chā cuò	7333	ua-uo,c-ch	1
分子力	fēn zǐ lì	7479	en-eng,z-zh,n-l,h-f,r-l	1
分子筛	fēn zǐ shāi	7487	en-eng,ai-ei,z-zh,s-sh,h-f	1
分子量	fēn zǐ liàng	7491	en-eng,ian-iang,z-zh,n-l,h-f,r-l	1
分子钟	fēn zǐ zhōng	7492	en-eng,z-zh,h-f	1
分析语	fēn xī yǔ	7563	en-eng,h-f,j-q-x	1
分水线	fēn shuǐ xiàn	7579	en-eng,ian-iang,s-sh,h-f,j-q-x	1
分理处	fēn lǐ chù	7592	en-eng,c-ch,n-l,h-f,r-l	1
分类学	fēn lèi xué	7610	en-eng,ai-ei,n-l,h-f,r-l,j-q-x	1
分角器	fēn jiǎo qì	7631	en-eng,h-f,j-q-x	1
分解者	fēn jiě zhě	7633	en-eng,ia-ie,z-zh,h-f,j-q-x	1
分身术	fēn shēn shù	7647	en-eng,s-sh,h-f	1
分配律	fēn pèi lǜ	7656	en-eng,ai-ei,n-l,h-f,r-l	1
分销店	fēn xiāo diàn	7664	en-eng,ian-iang,h-f,j-q-x	1
切片机	qiē piàn jī	7723	ian-iang,ia-ie,j-q-x	1
列车长	liè chē zhǎng	7818	an-ang,ia-ie,z-zh,c-ch,n-l,r-l	1
创世纪	chuàng shì jì	7837	uan-uang,c-ch,s-sh,j-q-x	1
创业史	chuàng yè shǐ	7839	uan-uang,c-ch,s-sh	1
创刊词	chuàng kān cí	7850	an-ang,uan-uang,c-ch	1
创造力	chuàng zào lì	7877	uan-uang,ao-ou,z-zh,c-ch,n-l,r-l	1
初中生	chū zhōng shēng	7885	en-eng,z-zh,c-ch,s-sh	1
删节号	shān jié hào	7914	an-ang,ao-ou,ia-ie,s-sh,h-f,j-q-x	1
判别式	pàn bié shì	7917	an-ang,ia-ie,s-sh	1
刨木板	bào mù bǎn	7935	an-ang,ao-ou	1
利息率	lì xī lǜ	7952	n-l,r-l,j-q-x	1
制服呢	zhì fú ne	8077	z-zh,n-l,h-f	1
制糖厂	zhì táng chǎng	8081	an-ang,z-zh,c-ch	1
制药厂	zhì yào chǎng	8083	an-ang,ao-ou,z-zh,c-ch	1
制造厂	zhì zào chǎng	8084	an-ang,ao-ou,z-zh,c-ch	1
制革厂	zhì gé chǎng	8085	an-ang,z-zh,c-ch	1
刹不住	shā bù zhù	8093	z-zh,s-sh	1
刺激性	cì jī xìng	8123	in-ing,c-ch,j-q-x	1
刺激素	cì jī sù	8124	c-ch,s-sh,j-q-x	1
削铅笔	xiāo qiān bǐ	8198	ian-iang,j-q-x	1
剥削者	bō xuē zhě	8261	z-zh,j-q-x	1
剥花生	bāo huā shēng	8278	en-eng,ao-ou,ua-uo,s-sh,h-f	1
剥苹果	bāo píng guǒ	8279	in-ing,ao-ou,ua-uo	1
剧作家	jù zuò jiā	8285	ia-ie,ua-uo,z-zh,j-q-x	1
副产物	fù chǎn wù	8299	an-ang,c-ch,h-f	1
副油箱	fù yóu xiāng	8310	ian-iang,ao-ou,h-f,j-q-x	1
副行长	fù háng zhǎng	8316	an-ang,z-zh,h-f	1
副食品	fù shí pǐn	8319	in-ing,s-sh,h-f	1
割尾巴	gē wěi bā	8325	ai-ei	1
劈木头	pī mù tou	8356	ao-ou	1
劝业场	quàn yè chǎng	8395	an-ang,uan-uang,c-ch,j-q-x	1
办不到	bàn bú dào	8405	an-ang,ao-ou	1
办得到	bàn dé dào	8411	an-ang,ao-ou	1
功劳簿	gōng láo bù	8414	ao-ou,n-l,r-l	1
加农炮	jiā nóng pào	8434	ao-ou,ia-ie,n-l,j-q-x	1
动脉弓	dòng mài gōng	8475	ai-ei	1
努劲儿	nǔ jìn er	8521	in-ing,n-l,j-q-x	1
劳什子	láo shí zi	8548	ao-ou,z-zh,s-sh,n-l,r-l	1
勤务员	qín wù yuán	8614	in-ing,uan-uang,j-q-x	1
包乘制	bāo chéng zhì	8661	en-eng,ao-ou,z-zh,c-ch	1
包乘组	bāo chéng zǔ	8662	en-eng,ao-ou,z-zh,c-ch	1
包头市	bāo tóu shì	8668	ao-ou,s-sh	1
包干制	bāo gān zhì	8672	an-ang,ao-ou,z-zh	1
包馄饨	bāo hún tún	8691	ao-ou,h-f	3
化铁炉	huà tiě lú	8743	ia-ie,ua-uo,n-l,h-f,r-l	1
北京人	běi jīng rén	8752	en-eng,in-ing,ai-ei,r-l,j-q-x	1
北京市	běi jīng shì	8755	in-ing,ai-ei,s-sh,j-q-x	1
北京话	běi jīng huà	8762	in-ing,ai-ei,ua-uo,h-f,j-q-x	1
北伐军	běi fá jūn	8765	ai-ei,h-f,j-q-x	1
北大荒	běi dà huāng	8772	uan-uang,ai-ei,h-f	1
北寒带	běi hán dài	8776	an-ang,ai-ei,h-f	1
北戴河	běi dài hé	8779	ai-ei,h-f	1
北方人	běi fāng rén	8787	en-eng,an-ang,ai-ei,h-f,r-l	1
北海市	běi hǎi shì	8803	ai-ei,s-sh,h-f	1
北海道	běi hǎi dào	8804	ai-ei,ao-ou,h-f	1
北部湾	běi bù wān	8821	an-ang,ai-ei	1
区公所	qū gōng suǒ	8873	ua-uo,s-sh,j-q-x	1
区政府	qū zhèng fǔ	8887	en-eng,z-zh,h-f,j-q-x	1
十一月	shí yī yuè	8898	s-sh	1
十一点	shí yì diǎn	8899	ian-iang,s-sh	1
十二个	shí èr gè	8908	s-sh	1
十二属	shí èr shǔ	8910	s-sh	1
十里堡	shí lǐ pù	8949	s-sh,n-l,r-l	1
千分尺	qiān fēn chǐ	8973	en-eng,ian-iang,c-ch,h-f,j-q-x	1
千夫指	qiān fū zhǐ	8990	ian-iang,z-zh,h-f,j-q-x	1
千日红	qiān rì hóng	9014	ian-iang,h-f,r-l,j-q-x	1
升降舵	shēng jiàng duò	9084	en-eng,ian-iang,ua-uo,s-sh,j-q-x	1
半拉子	bàn lǎ zǐ	9111	an-ang,z-zh,n-l,r-l	1
半空中	bàn kōng zhōng	9127	an-ang,z-zh	1
半衰期	bàn shuāi qī	9130	an-ang,s-sh,j-q-x	1
华严宗	huá yán zōng	9144	an-ang,ua-uo,z-zh,h-f	1
华阴市	huá yīn shì	9191	in-ing,ua-uo,s-sh,h-f	1
单个儿	dān gè ér	9233	an-ang	1
单峰驼	dān fēng tuó	9269	en-eng,an-ang,ua-uo,h-f	1
单晶硅	dān jīng guī	9287	in-ing,an-ang,j-q-x	1
单纯词	dān chún cí	9305	an-ang,c-ch	1
单色光	dān sè guāng	9307	an-ang,uan-uang,s-sh	1
单音词	dān yīn cí	9326	in-ing,an-ang,c-ch	1
卖关节	mài guān jié	9335	uan-uang,ai-ei,ia-ie,j-q-x	1
卖大号	mài dà hào	9337	ai-ei,ao-ou,h-f	1
南天竹	nán tiān zhú	9373	an-ang,ian-iang,z-zh,n-l	1
南天门	nán tiān mén	9374	en-eng,an-ang,ian-iang,n-l	1
南柯梦	nán kē mèng	9403	en-eng,an-ang,n-l	3
南泥湾	nán ní wān	9410	an-ang,n-l	1
南瓜子	nán guā zǐ	9417	an-ang,ua-uo,z-zh,n-l	1
南阳市	nán yáng shì	9449	an-ang,s-sh,n-l	1
占优势	zhàn yōu shì	9492	an-ang,ao-ou,z-zh,s-sh	1
占多数	zhàn duō shù	9499	an-ang,ua-uo,z-zh,s-sh	1
占有权	zhàn yǒu quán	9506	an-ang,uan-uang,ao-ou,z-zh,j-q-x	1
卡拉奇	kǎ lā qí	9528	n-l,r-l,j-q-x	1
卡路里	kǎ lù lǐ	9534	n-l,r-l	1
印刷业	yìn shuā yè	9563	in-ing,ua-uo,s-sh	1
印刷所	yìn shuā suǒ	9566	in-ing,ua-uo,s-sh	1
印相纸	yìn xiàng zhǐ	9577	in-ing,ian-iang,z-zh,j-q-x	1
卷地皮	juàn dì pí	9629	uan-uang,j-q-x	1
卷子本	juǎn zi běn	9631	en-eng,uan-uang,z-zh,j-q-x	1
卷层云	juàn céng yún	9634	en-eng,uan-uang,c-ch,j-q-x	1
卷积云	juàn jī yún	9651	uan-uang,j-q-x	1
卷笔刀	juǎn bǐ dāo	9652	uan-uang,ao-ou,j-q-x	1
卷筒纸	juàn tǒng zhǐ	9653	uan-uang,z-zh,j-q-x	1
卷舌音	juǎn shé yīn	9657	in-ing,uan-uang,s-sh,j-q-x	1
卿大夫	qīng dà fū	9668	in-ing,h-f,j-q-x	1
压台戏	yā tái xì	9715	ai-ei,j-q-x	1
原线圈	yuán xiàn quān	9803	ian-iang,uan-uang,j-q-x	1
县知事	xiàn zhī shì	9833	ian-iang,z-zh,s-sh,j-q-x	1
参政党	cān zhèng dǎng	9863	en-eng,an-ang,z-zh,c-ch	1
参议院	cān yì yuàn	9884	an-ang,uan-uang,c-ch	1
双宾语	shuāng bīn yǔ	9931	in-ing,uan-uang,s-sh	1
双挂号	shuāng guà hào	9936	uan-uang,ao-ou,ua-uo,s-sh,h-f	1
双曲线	shuāng qū xiàn	9937	ian-iang,uan-uang,s-sh,j-q-x	1
双飞燕	shuāng fēi yàn	9950	an-ang,uan-uang,ai-ei,s-sh,h-f	1
反冲力	fǎn chōng lì	9955	an-ang,c-ch,n-l,h-f,r-l	1
反对票	fǎn duì piào	9966	an-ang,h-f	1
反射角	fǎn shè jiǎo	9969	an-ang,s-sh,h-f,j-q-x	1
反应器	fǎn yìng qì	9973	in-ing,an-ang,h-f,j-q-x	1
反应式	fǎn yìng shì	9975	in-ing,an-ang,s-sh,h-f	1
反映论	fǎn yìng lùn	9986	in-ing,an-ang,n-l,h-f,r-l	1
反气旋	fǎn qì xuán	9992	an-ang,uan-uang,h-f,j-q-x	1
反转片	fǎn zhuǎn piàn	10009	an-ang,ian-iang,uan-uang,z-zh,h-f	1
反间谍	fǎn jiàn dié	10013	an-ang,ian-iang,ia-ie,h-f,j-q-x	1
发牢骚	fā láo sāo	10154	ao-ou,s-sh,n-l,h-f,r-l	1
发电厂	fā diàn chǎng	10163	an-ang,ian-iang,c-ch,h-f	1
发端词	fā duān cí	10188	uan-uang,c-ch,h-f	1
发芽率	fā yá lǜ	10212	n-l,h-f,r-l	1
发行人	fā xíng rén	10226	en-eng,in-ing,h-f,r-l,j-q-x	1
发行量	fā xíng liàng	10227	in-ing,ian-iang,n-l,h-f,r-l,j-q-x	1
发语词	fā yǔ cí	10236	c-ch,h-f	1
发高烧	fā gāo shāo	10276	ao-ou,s-sh,h-f	1
变分法	biàn fēn fǎ	10327	en-eng,ian-iang,h-f	1
变奏曲	biàn zòu qǔ	10344	ian-iang,ao-ou,z-zh,j-q-x	1
口角炎	kǒu jué yán	10415	an-ang,ao-ou,j-q-x	1
口语体	kǒu yǔ tǐ	10419	ao-ou	1
古北口	gǔ běi kǒu	10432	ai-ei,ao-ou	1
另一面	lìng yí miàn	10467	in-ing,ian-iang,n-l,r-l	1
只不过	zhǐ bù guò	10492	ua-uo,z-zh	1
可可豆	kě kě dòu	10563	ao-ou	1
可怜相	kě lián xiàng	10578	ian-iang,n-l,r-l,j-q-x	1
可的松	kě dì sōng	10606	s-sh	1
可见度	kě jiàn dù	10618	ian-iang,j-q-x	1
可靠性	kě kào xìng	10629	in-ing,ao-ou,j-q-x	1
台南市	tái nán shì	10633	an-ang,ai-ei,s-sh,n-l	1
台湾省	tái wān shěng	10647	en-eng,an-ang,ai-ei,s-sh	1
台湾话	tāi wān huà	10648	an-ang,ai-ei,ua-uo,h-f	1
右侍郎	yòu shì láng	10678	an-ang,ao-ou,s-sh,n-l,r-l	1
叶斑病	yè bān bìng	10688	in-ing,an-ang	1
叶甜菜	yè tián cài	10693	ian-iang,ai-ei,c-ch	1
叶红素	yè hóng sù	10695	s-sh,h-f	1
叶黄素	yè huáng sù	10709	uan-uang,s-sh,h-f	1
号志灯	hào zhì dēng	10726	en-eng,ao-ou,z-zh,h-f	1
号码机	hào mǎ jī	10734	ao-ou,h-f,j-q-x	1
司务长	sī wù zhǎng	10745	an-ang,z-zh,s-sh	1
吃不了	chī bù liǎo	10767	c-ch,n-l,r-l	1
吃不服	chī bù fú	10772	c-ch,h-f	1
吃偏食	chī piān shí	10777	ian-iang,c-ch,s-sh	1
吃得下	chī de xià	10793	ia-ie,c-ch,j-q-x	1
吃得住	chī de zhù	10794	z-zh,c-ch	1
吃空额	chī kòng é	10807	c-ch	1
合伙人	hé huǒ rén	10885	en-eng,ua-uo,h-f,r-l	1
合并症	hé bìng zhèng	10914	en-eng,in-ing,z-zh,h-f	1
合成词	hé chéng cí	10927	en-eng,c-ch,h-f	1
合法性	hé fǎ xìng	10939	in-ing,h-f,j-q-x	1
合议制	hé yì zhì	10973	z-zh,h-f	1
吉卜赛	jí bǔ sài	10991	ai-ei,s-sh,j-q-x	1
同一律	tóng yī lǜ	11007	n-l,r-l	1
同一性	tóng yī xìng	11008	in-ing,j-q-x	1
同义字	tóng yì zì	11013	z-zh	1
同乐会	tóng lè huì	11016	n-l,h-f,r-l	1
同呼吸	tóng hū xī	11043	h-f,j-q-x	1
同情心	tóng qíng xīn	11120	in-ing,j-q-x	1
同温层	tóng wēn céng	11150	en-eng,c-ch	1
同盟国	tóng méng guó	11164	en-eng,ua-uo	1
同音词	tóng yīn cí	11203	in-ing,c-ch	1
吐口水	tù kǒu shuǐ	11299	ao-ou,s-sh	1
吐绶鸡	tǔ shòu jī	11314	ao-ou,s-sh,j-q-x	3
吐谷浑	tǔ yù hún	11320	h-f	1
含水量	hán shuǐ liàng	11392	an-ang,ian-iang,s-sh,n-l,h-f,r-l	1
听不懂	tīng bù dǒng	11419	in-ing	1
听不清	tīng bù qīng	11420	in-ing,j-q-x	1
听得到	tīng de dào	11431	in-ing,ao-ou	1
听得懂	tīng de dǒng	11432	in-ing	1
听得见	tīng de jiàn	11433	in-ing,ian-iang,j-q-x	1
呒淘成	wǔ táo chéng	11547	en-eng,ao-ou,c-ch	3
呼啦啦	hū lā lā	11632	n-l,h-f,r-l	1
命令句	mìng lìng jù	11653	in-ing,n-l,r-l,j-q-x	1
和事老	hé shì lǎo	11675	ao-ou,s-sh,n-l,h-f,r-l	1
和氏璧	hé shì bì	11703	s-sh,h-f	1
咖啡店	kā fēi diàn	11754	ian-iang,ai-ei,h-f	1
咽下去	yàn xià qù	11793	an-ang,ia-ie,j-q-x	1
咽口水	yàn kǒu shuǐ	11794	an-ang,ao-ou,s-sh	1
咽峡炎	yān xiá yán	11798	an-ang,ia-ie,j-q-x	1
哄孩子	hǒng hái zi	11843	ai-ei,z-zh,h-f	1
哄小孩	hǒng xiǎo hái	11844	ai-ei,h-f,j-q-x	1
哈什蚂	hà shí mǎ	11858	s-sh,h-f	1
哗啦啦	huā lā lā	11918	ua-uo,n-l,h-f,r-l	1
哥儿俩	gē er liǎ	11926	ia-ie,n-l,r-l	1
哪里都	nǎ li dōu	11945	ao-ou,n-l,r-l	1
哪门子	nǎ mén zi	11946	en-eng,z-zh,n-l	1
哺乳假	bǔ rǔ jià	11957	ia-ie,r-l,j-q-x	1
唯理论	wéi lǐ lùn	12004	ai-ei,n-l,r-l	1
唱片儿	chàng piān er	12012	an-ang,ian-iang,c-ch	1
喘嘘嘘	chuǎn xū xū	12114	uan-uang,c-ch,j-q-x	3
喜冲冲	xǐ chōng chōng	12125	c-ch,j-q-x	1
喝墨水	hē mò shuǐ	12140	s-sh,h-f	1
喝醉酒	hē zuì jiǔ	12148	z-zh,h-f,j-q-x	1
喷火器	pēn huǒ qì	12184	en-eng,ua-uo,h-f,j-q-x	1
喷鼻息	pēn bí xī	12196	en-eng,j-q-x	1
嘉兴市	jiā xīng shì	12234	in-ing,ia-ie,s-sh,j-q-x	1
嘎嘣脆	gā bēng cuì	12244	en-eng,c-ch	3
嘎渣儿	gā zhā ér	12248	z-zh	3
噬菌体	shì jūn tǐ	12297	s-sh,j-q-x	3
嚼舌头	jiáo shé tou	12313	ao-ou,s-sh,j-q-x	1
嚼舌根	jiáo shé gēn	12314	en-eng,s-sh,j-q-x	1
四六文	sì liù wén	12343	en-eng,s-sh,n-l,r-l	1
四合房	sì hé fáng	12351	an-ang,s-sh,h-f	1
四重唱	sì chóng chàng	12377	an-ang,c-ch,s-sh	1
回头见	huí tóu jiàn	12391	ian-iang,ao-ou,h-f,j-q-x	1
回旋曲	huí xuán qǔ	12407	uan-uang,h-f,j-q-x	1
回老家	huí lǎo jiā	12417	ao-ou,ia-ie,n-l,h-f,r-l,j-q-x	1
固体潮	gù tǐ cháo	12497	ao-ou,c-ch	1
国子监	guó zǐ jiàn	12526	ian-iang,ua-uo,z-zh,j-q-x	1
国统区	guó tǒng qū	12553	ua-uo,j-q-x	1
圆括号	yuán kuò hào	12590	uan-uang,ao-ou,ua-uo,h-f	1
圆柱体	yuán zhù tǐ	12591	uan-uang,z-zh	1
土地税	tǔ dì shuì	12612	s-sh	1
土耳其	tǔ ěr qí	12634	j-q-x	1
在理会	zài lǐ huì	12666	ai-ei,z-zh,n-l,h-f,r-l	1
地上茎	dì shàng jīng	12682	in-ing,an-ang,s-sh,j-q-x	1
地下河	dì xià hé	12690	ia-ie,h-f,j-q-x	1
地下茎	dì xià jīng	12691	in-ing,ia-ie,j-q-x	1
地下街	dì xià jiē	12692	ia-ie,j-q-x	1
地中海	dì zhōng hǎi	12696	ai-ei,z-zh,h-f	1
地价税	dì jià shuì	12706	ia-ie,s-sh,j-q-x	1
地图册	dì tú cè	12723	c-ch	1
地图学	dì tú xué	12724	j-q-x	1
地层学	dì céng xué	12749	en-eng,c-ch,j-q-x	1
地带性	dì dài xìng	12754	in-ing,ai-ei,j-q-x	1
地心说	dì xīn shuō	12766	in-ing,ua-uo,s-sh,j-q-x	1
地摊儿	dì tān er	12769	an-ang	1
地方时	dì fāng shí	12777	an-ang,s-sh,h-f	1
地沥青	dì lì qīng	12800	in-ing,n-l,r-l,j-q-x	1
地滚球	dì gǔn qiú	12804	j-q-x	1
地理学	dì lǐ xué	12823	n-l,r-l,j-q-x	1
地藏寺	dì zàng sì	12857	an-ang,z-zh,s-sh	1
地貌学	dì mào xué	12865	ao-ou,j-q-x	1
地质学	dì zhì xué	12869	z-zh,j-q-x	1
地道战	dì dào zhàn	12874	an-ang,ao-ou,z-zh	1
地雷战	dì léi zhàn	12880	an-ang,ai-ei,z-zh,n-l,r-l	1
地震学	dì zhèn xué	12883	en-eng,z-zh,j-q-x	1
地面水	dì miàn shuǐ	12891	ian-iang,s-sh	1
地骨皮	dì gǔ pí	12895		1
场面人	chǎng miàn rén	12909	en-eng,an-ang,ian-iang,c-ch,r-l	1
坎帕拉	kǎn pà lā	12919	an-ang,n-l,r-l	1
坏兆头	huài zhào tou	12925	ao-ou,z-zh,h-f	1
坏脾气	huài pí qì	12935	h-f,j-q-x	1
坐台子	zuò tái zi	12956	ai-ei,ua-uo,z-zh	1
坐标轴	zuò biāo zhóu	12967	ao-ou,ua-uo,z-zh	1
坐禁闭	zuò jìn bì	12970	in-ing,ua-uo,z-zh,j-q-x	1
坐起来	zuò qǐ lái	12981	ai-ei,ua-uo,z-zh,n-l,r-l,j-q-x	1
坤角儿	kūn jué ér	13024	j-q-x	1
坦克车	tǎn kè chē	13025	an-ang,c-ch	1
垫底儿	diàn dǐ ér	13065	ian-iang	1
塌鼻子	tā bí zi	13145	z-zh	1
塔什干	tǎ shí gàn	13149	an-ang,s-sh	1
塔夫绸	tǎ fū chóu	13151	ao-ou,c-ch,h-f	1
塞擦音	sè cā yīn	13166	in-ing,c-ch,s-sh	1
塞纳河	sāi nà hé	13168	ai-ei,s-sh,n-l,h-f	1
墙有耳	qiáng yǒu ěr	13209	ian-iang,ao-ou,j-q-x	1
壳郎猪	ké láng zhū	13293	an-ang,z-zh,n-l,r-l	1
复合物	fù hé wù	13361	h-f	1
复合词	fù hé cí	13363	c-ch,h-f	1
复名数	fù míng shù	13365	in-ing,s-sh,h-f	1
外出血	wài chū xuè	13412	ai-ei,c-ch,j-q-x	1
外分泌	wài fēn mì	13413	en-eng,ai-ei,h-f	1
外行人	wài háng rén	13459	en-eng,an-ang,ai-ei,h-f,r-l	1
多一点	duō yì diǎn	13481	ian-iang,ua-uo	1
多倍体	duō bèi tǐ	13484	ai-ei,ua-uo	1
多弹头	duō dàn tóu	13502	an-ang,ao-ou,ua-uo	1
多晶体	duō jīng tǐ	13509	in-ing,ua-uo,j-q-x	1
多棱镜	duō léng jìng	13511	en-eng,in-ing,ua-uo,n-l,r-l,j-q-x	1
多角形	duō jiǎo xíng	13527	in-ing,ua-uo,j-q-x	1
多面角	duō miàn jiǎo	13539	ian-iang,ua-uo,j-q-x	1
夜尿症	yè niào zhèng	13550	en-eng,z-zh,n-l	1
夜礼服	yè lǐ fú	13557	n-l,h-f,r-l	1
夜行军	yè xíng jūn	13562	in-ing,j-q-x	1
大世界	dà shì jiè	13585	ia-ie,s-sh,j-q-x	1
大个子	dà gè zi	13587	z-zh	1
大五金	dà wǔ jīn	13605	in-ing,j-q-x	1
大公报	dà gōng bào	13631	ao-ou	1
大别山	dà bié shān	13651	an-ang,ia-ie,s-sh	1
大包干	dà bāo gān	13672	an-ang,ao-ou	1
大半天	dà bàn tiān	13679	an-ang,ian-iang	1
大司马	dà sī mǎ	13700	s-sh	1
大同市	dà tóng shì	13709	s-sh	1
大同江	dà tóng jiāng	13710	ian-iang,j-q-x	1
大后年	dà hòu nián	13715	ian-iang,ao-ou,n-l,h-f	1
大哥大	dà gē dà	13730		1
大城市	dà chéng shì	13753	en-eng,c-ch,s-sh	1
大堡礁	dà pù jiāo	13756	j-q-x	1
大姑娘	dà gū niáng	13786	ian-iang,n-l	1
大学士	dà xué shì	13801	s-sh,j-q-x	1
大客车	dà kè chē	13809	c-ch	1
大家伙	dà jiā huo	13811	ia-ie,ua-uo,h-f,j-q-x	1
大将军	dà jiāng jūn	13820	ian-iang,j-q-x	1
大庆市	dà qìng shì	13848	in-ing,s-sh,j-q-x	1
大总统	dà zǒng tǒng	13869	z-zh	1
大手术	dà shǒu shù	13884	ao-ou,s-sh	1
大教堂	dà jiào táng	13915	an-ang,j-q-x	1
大昭寺	dà zhāo sì	13928	ao-ou,z-zh,s-sh	1
大板车	dà bǎn chē	13965	an-ang,c-ch	1
大气圈	dà qì quān	13990	uan-uang,j-q-x	1
大渡河	dà dù hé	14016	h-f	1
大熊座	dà xióng zuò	14028	ua-uo,z-zh,j-q-x	1
大理寺	dà lǐ sì	14042	s-sh,n-l,r-l	1
大理市	dà lǐ shì	14043	s-sh,n-l,r-l	1
大白鼠	dà bái shǔ	14054	ai-ei,s-sh	1
大碗茶	dà wǎn chá	14063	an-ang,c-ch	1
大约摸	dà yuē mō	14088		1
大茴香	dà huí xiāng	14132	ian-iang,h-f,j-q-x	3
大藏经	dà zàng jīng	14141	in-ing,an-ang,z-zh,j-q-x	1
大路活	dà lù huó	14180	ua-uo,n-l,h-f,r-l	1
大轴子	dà zhòu zǐ	14188	ao-ou,z-zh	1
大运河	dà yùn hé	14194	h-f	1
大连市	dà lián shì	14196	ian-iang,s-sh,n-l,r-l	1
大部分	dà bù fèn	14207	en-eng,h-f	1
大都会	dà dū huì	14210	h-f	1
大陆坡	dà lù pō	14223	n-l,r-l	1
大雪山	dà xuě shān	14243	an-ang,s-sh,j-q-x	1
大颊鼠	dà jiá shǔ	14251	ia-ie,s-sh,j-q-x	1
大风歌	dà fēng gē	14256	en-eng,h-f	1
天地会	tiān dì huì	14316	ian-iang,h-f	1
天姥山	tiān mǔ shān	14334	an-ang,ian-iang,s-sh	1
天才论	tiān cái lùn	14358	ian-iang,ai-ei,c-ch,n-l,r-l	1
天理教	tiān lǐ jiào	14396	ian-iang,n-l,r-l,j-q-x	1
太和殿	tài hé diàn	14446	ian-iang,ai-ei,h-f	1
太夫人	tài fū rén	14447	en-eng,ai-ei,h-f,r-l	1
太子港	tài zǐ gǎng	14449	an-ang,ai-ei,z-zh	1
太行山	tài háng shān	14463	an-ang,ai-ei,s-sh,h-f	1
太过分	tài guò fèn	14465	en-eng,ai-ei,ua-uo,h-f	1
夫子庙	fū zǐ miào	14484	z-zh,h-f	1
失落感	shī luò gǎn	14521	an-ang,ua-uo,s-sh,n-l,r-l	1
奇函数	jī hán shù	14724	an-ang,s-sh,h-f,j-q-x	1
套中人	tào zhōng rén	14863	en-eng,ao-ou,z-zh,r-l	1
套口供	tào kǒu gòng	14864	ao-ou	1
奥克兰	ào kè lán	14887	an-ang,ao-ou,n-l,r-l	1
奥地利	ào dì lì	14890	ao-ou,n-l,r-l	1
奥斯陆	ào sī lù	14898	ao-ou,s-sh,n-l,r-l	1
女主角	nǚ zhǔ jué	14907	z-zh,n-l,j-q-x	1
女人气	nǚ rén qì	14909	en-eng,n-l,r-l,j-q-x	1
女佣人	nǚ yōng rén	14914	en-eng,n-l,r-l	1
女博士	nǚ bó shì	14920	s-sh,n-l	1
女厕所	nǚ cè suǒ	14921	ua-uo,c-ch,s-sh,n-l	1
女孩子	nǚ hái zi	14939	ai-ei,z-zh,n-l,h-f	1
女教师	nǚ jiào shī	14952	s-sh,n-l,j-q-x	1
女校长	nǚ xiào zhǎng	14957	an-ang,z-zh,n-l,j-q-x	1
女歌手	nǚ gē shǒu	14958	ao-ou,s-sh,n-l	1
女管家	nǚ guǎn jiā	14970	uan-uang,ia-ie,n-l,j-q-x	1
好不好	hǎo bù hǎo	15005	ao-ou,h-f	1
好事者	hào shì zhě	15018	ao-ou,z-zh,s-sh,h-f	1
好兆头	hǎo zhào tou	15027	ao-ou,z-zh,h-f	1
好吹牛	hào chuī niú	15038	ao-ou,c-ch,n-l,h-f	1
好好儿	hǎo hǎo ér	15056	ao-ou,h-f	1
好得很	hǎo de hěn	15066	en-eng,ao-ou,h-f	1
好望角	hǎo wàng jiǎo	15089	an-ang,ao-ou,h-f,j-q-x	1
好极了	hǎo jí le	15091	ao-ou,n-l,h-f,r-l,j-q-x	1
好消息	hǎo xiāo xī	15102	ao-ou,h-f,j-q-x	1
好莱坞	hǎo lái wù	15119	ai-ei,ao-ou,n-l,h-f,r-l	3
好读书	hào dú shū	15131	ao-ou,s-sh,h-f	1
如来佛	rú lái fó	15183	ai-ei,n-l,h-f,r-l	1
姨姥姥	yí lǎo lao	15363	ao-ou,n-l,r-l	1
娘们儿	niáng men er	15392	en-eng,ian-iang,n-l	1
娱乐圈	yú lè quān	15398	uan-uang,n-l,r-l,j-q-x	1
娱乐场	yú lè chǎng	15399	an-ang,c-ch,n-l,r-l	1
媳妇儿	xí fù er	15426	h-f,j-q-x	1
孔雀绿	kǒng què lǜ	15493	n-l,r-l,j-q-x	1
孔雀舞	kǒng què wǔ	15494	j-q-x	1
字帖儿	zì tiě ér	15502	ia-ie,z-zh	1
字眼儿	zì yǎn er	15510	an-ang,z-zh	1
存车处	cún chē chù	15533	c-ch	1
孩子头	hái zi tóu	15627	ai-ei,ao-ou,z-zh,h-f	1
宁馨儿	níng xīn ér	15657	in-ing,n-l,j-q-x	1
安哥拉	ān gē lā	15711	an-ang,n-l,r-l	1
安徽省	ān huī shěng	15735	en-eng,an-ang,s-sh,h-f	1
安魂曲	ān hún qǔ	15762	an-ang,h-f,j-q-x	1
官能团	guān néng tuán	15811	en-eng,uan-uang,n-l	1
定冠词	dìng guàn cí	15820	in-ing,uan-uang,c-ch	1
定名为	dìng míng wéi	15822	in-ing,ai-ei	1
定场白	dìng chǎng bái	15825	in-ing,an-ang,ai-ei,c-ch	1
定场诗	dìng chǎng shī	15826	in-ing,an-ang,c-ch,s-sh	1
定货单	dìng huò dān	15839	in-ing,an-ang,ua-uo,h-f	1
宝盖头	bǎo gài tóu	15862	ai-ei,ao-ou	1
实体词	shí tǐ cí	15871	c-ch,s-sh	1
审美观	shěn měi guān	15911	en-eng,uan-uang,ai-ei,s-sh	1
客家话	kè jiā huà	15919	ia-ie,ua-uo,h-f,j-q-x	1
客观上	kè guān shàng	15923	an-ang,uan-uang,s-sh	1
宣传弹	xuān chuán dàn	15931	an-ang,uan-uang,c-ch,j-q-x	1
家务事	jiā wù shì	16005	ia-ie,s-sh,j-q-x	1
家务活	jiā wù huó	16006	ia-ie,ua-uo,h-f,j-q-x	1
家常话	jiā cháng huà	16035	an-ang,ia-ie,ua-uo,c-ch,h-f,j-q-x	1
家底儿	jiā dǐ er	16039	ia-ie,j-q-x	1
家雀儿	jiā qiǎo ér	16130	ia-ie,j-q-x	1
富强粉	fù qiáng fěn	16210	en-eng,ian-iang,h-f,j-q-x	1
寒武纪	hán wǔ jì	16226	an-ang,h-f,j-q-x	1
对得数	duì dé shù	16337	s-sh	1
对称性	duì chèn xìng	16352	en-eng,in-ing,c-ch,j-q-x	1
对称轴	duì chèn zhóu	16353	en-eng,ao-ou,z-zh,c-ch	1
导弹艇	dǎo dàn tǐng	16389	in-ing,an-ang,ao-ou	1
将进酒	qiāng jìn jiǔ	16491	in-ing,ian-iang,j-q-x	1
小不点	xiǎo bù diǎn	16513	ian-iang,j-q-x	1
小便池	xiǎo biàn chí	16530	ian-iang,c-ch,j-q-x	1
小前提	xiǎo qián tí	16538	ian-iang,j-q-x	1
小合唱	xiǎo hé chàng	16546	an-ang,c-ch,h-f,j-q-x	1
小女子	xiǎo nǚ zǐ	16556	z-zh,n-l,j-q-x	1
小学校	xiǎo xué xiào	16559	j-q-x	1
小孩子	xiǎo hái zi	16560	ai-ei,z-zh,h-f,j-q-x	1
小家子	xiǎo jiā zǐ	16564	ia-ie,z-zh,j-q-x	1
小尕子	xiǎo gǎ zi	16572	z-zh,j-q-x	3
小手指	xiǎo shǒu zhǐ	16591	ao-ou,z-zh,s-sh,j-q-x	1
小毛头	xiǎo máo tóu	16605	ao-ou,j-q-x	1
小流域	xiǎo liú yù	16607	n-l,r-l,j-q-x	1
小王子	xiǎo wáng zǐ	16611	an-ang,z-zh,j-q-x	1
小老头	xiǎo lǎo tóu	16615	ao-ou,n-l,r-l,j-q-x	1
小说家	xiǎo shuō jiā	16630	ia-ie,ua-uo,s-sh,j-q-x	1
小钱柜	xiǎo qián guì	16639	ian-iang,j-q-x	1
小鬼头	xiǎo guǐ tóu	16646	ao-ou,j-q-x	1
少一点	shǎo yì diǎn	16649	ian-iang,ao-ou,s-sh	1
少先队	shào xiān duì	16657	ian-iang,ao-ou,s-sh,j-q-x	1
少女装	shào nǚ zhuāng	16665	uan-uang,ao-ou,z-zh,s-sh,n-l	1
少年行	shào nián xíng	16686	in-ing,ian-iang,ao-ou,s-sh,n-l,j-q-x	1
少林寺	shào lín sì	16697	in-ing,ao-ou,s-sh,n-l,r-l	1
少而精	shǎo ér jīng	16710	in-ing,ao-ou,s-sh,j-q-x	1
尕驴儿	gǎ lǘ er	16719	n-l,r-l	3
尽义务	jìn yì wù	16804	in-ing,j-q-x	1
尽人事	jìn rén shì	16805	en-eng,in-ing,s-sh,r-l,j-q-x	1
尽全力	jìn quán lì	16811	in-ing,uan-uang,n-l,r-l,j-q-x	1
尽可能	jǐn kě néng	16818	en-eng,in-ing,n-l,j-q-x	1
尽里头	jǐn lǐ tou	16854	in-ing,ao-ou,n-l,r-l,j-q-x	1
尿崩症	niào bēng zhèng	16879	en-eng,z-zh,n-l	1
尿道炎	niào dào yán	16891	an-ang,ao-ou,n-l	1
局中人	jú zhōng rén	16895	en-eng,z-zh,r-l,j-q-x	1
屈光度	qū guāng dù	16936	uan-uang,j-q-x	1
屋上乌	wū shàng wū	16946	an-ang,s-sh	1
屯田客	tún tián kè	17021	ian-iang	1
山坡地	shān pō dì	17042	an-ang,s-sh	1
工具钢	gōng jù gāng	17201	an-ang,j-q-x	1
左不过	zuǒ bù guò	17232	ua-uo,z-zh	1
差一点	chà yì diǎn	17283	ian-iang,c-ch	1
差人去	chāi rén qù	17292	en-eng,ai-ei,c-ch,r-l,j-q-x	1
差得远	chà de yuǎn	17310	uan-uang,c-ch	1
已知数	yǐ zhī shù	17331	z-zh,s-sh	1
巴拉圭	bā lā guī	17342	n-l,r-l	3
布拉吉	bù lā jí	17376	n-l,r-l,j-q-x	1
布拉格	bù lā gé	17378	n-l,r-l	1
带菌者	dài jūn zhě	17430	ai-ei,z-zh,j-q-x	1
幂级数	mì jí shù	17470	s-sh,j-q-x	3
干什么	gàn shén me	17486	en-eng,an-ang,s-sh	1
干性油	gān xìng yóu	17525	in-ing,an-ang,ao-ou,j-q-x	1
干燥剂	gān zào jì	17554	an-ang,ao-ou,z-zh,j-q-x	1
干燥器	gān zào qì	17555	an-ang,ao-ou,z-zh,j-q-x	1
干酵母	gān jiào mǔ	17596	an-ang,j-q-x	1
平假名	píng jiǎ míng	17606	in-ing,ia-ie,j-q-x	1
平均差	píng jūn chà	17622	in-ing,c-ch,j-q-x	1
平头数	píng tóu shù	17625	in-ing,ao-ou,s-sh	1
平射炮	píng shè pào	17628	in-ing,ao-ou,s-sh	1
平衡觉	píng héng jué	17646	en-eng,in-ing,h-f,j-q-x	1
平面角	píng miàn jiǎo	17654	in-ing,ian-iang,j-q-x	1
年产量	nián chǎn liàng	17658	an-ang,ian-iang,c-ch,n-l,r-l	1
年休假	nián xiū jià	17660	ian-iang,ia-ie,n-l,j-q-x	1
庆功会	qìng gōng huì	17815	in-ing,h-f,j-q-x	1
序数词	xù shù cí	17831	c-ch,s-sh,j-q-x	1
应名儿	yìng míng ér	17853	in-ing	1
底片儿	dǐ piān er	17936	ian-iang	1
度蜜月	dù mì yuè	17993		1
廓大镜	kuò dà jìng	18018	in-ing,ua-uo,j-q-x	1
建筑学	jiàn zhù xué	18036	ian-iang,z-zh,j-q-x	1
张靓颖	zhāng liàng yǐng	18281	in-ing,an-ang,ian-iang,z-zh,n-l,r-l	3
弦切角	xián qiē jiǎo	18307	ian-iang,ia-ie,j-q-x	1
弹劾案	tán hé àn	18338	an-ang,h-f	3
弹性体	tán xìng tǐ	18348	in-ing,an-ang,j-q-x	1
强壮剂	qiáng zhuàng jì	18397	ian-iang,uan-uang,z-zh,j-q-x	1
当事者	dāng shì zhě	18520	an-ang,z-zh,s-sh	1
当出去	dàng chū qù	18533	an-ang,c-ch,j-q-x	1
影片儿	yǐng piān er	18690	in-ing,ian-iang	1
影调剧	yǐng diào jù	18694	in-ing,j-q-x	1
很不错	hěn bú cuò	18750	en-eng,ua-uo,c-ch,h-f	1
得了吧	dé le ba	18771	n-l,r-l	1
循环论	xún huán lùn	18840	uan-uang,n-l,h-f,r-l,j-q-x	1
微积分	wēi jī fēn	18850	en-eng,ai-ei,h-f,j-q-x	1
德兴市	dé xīng shì	18859	in-ing,s-sh,j-q-x	1
急救车	jí jiù chē	19213	c-ch,j-q-x	1
性关系	xìng guān xì	19235	in-ing,uan-uang,j-q-x	1
总罢工	zǒng bà gōng	19289	z-zh	1
恢复期	huī fù qī	19319	h-f,j-q-x	1
恨不能	hèn bù néng	19334	en-eng,n-l,h-f	1
恶凶凶	è xiōng xiōng	19402	j-q-x	1
恶势力	è shì lì	19404	s-sh,n-l,r-l	1
悄没声	qiǎo méi shēng	19485	en-eng,ai-ei,s-sh,j-q-x	1
悬钩子	xuán gōu zi	19533	uan-uang,ao-ou,z-zh,j-q-x	1
惠更斯	huì gēng sī	19627	en-eng,s-sh,h-f	1
感光片	gǎn guāng piàn	19720	an-ang,ian-iang,uan-uang	1
感叹句	gǎn tàn jù	19725	an-ang,j-q-x	1
感应圈	gǎn yìng quān	19730	in-ing,an-ang,uan-uang,j-q-x	1
憋闷气	biē mèn qì	19790	en-eng,ia-ie,j-q-x	1
戏报子	xì bào zi	19821	ao-ou,z-zh,j-q-x	1
戏班子	xì bān zi	19834	an-ang,z-zh,j-q-x	1
戏馆子	xì guǎn zǐ	19850	uan-uang,z-zh,j-q-x	1
成绩单	chéng jì dān	19888	en-eng,an-ang,c-ch,j-q-x	1
成都市	chéng dū shì	19902	en-eng,c-ch,s-sh	1
我们俩	wǒ men liǎ	19909	en-eng,ia-ie,n-l,r-l	1
我们的	wǒ men de	19910	en-eng	1
戚家军	qī jiā jūn	19949	ia-ie,j-q-x	1
扁平足	biǎn píng zú	20013	in-ing,ian-iang,z-zh	1
扁桃腺	biǎn táo xiàn	20021	ian-iang,ao-ou,j-q-x	1
扇风机	shān fēng jī	20043	en-eng,an-ang,s-sh,h-f,j-q-x	1
扇骨子	shàn gǔ zi	20046	an-ang,z-zh,s-sh	1
扎猛子	zhā měng zi	20134	en-eng,z-zh	1
扎耳朵	zhā ěr duo	20137	ua-uo,z-zh	1
打一折	dǎ yì zhé	20161	z-zh	1
打光棍	dǎ guāng gùn	20177	uan-uang	1
打冲锋	dǎ chōng fēng	20181	en-eng,c-ch,h-f	1
打呵欠	dǎ hē qiàn	20205	ian-iang,h-f,j-q-x	1
打喷嚏	dǎ pēn tì	20212	en-eng	3
打圈子	dǎ quān zi	20217	uan-uang,z-zh,j-q-x	1
打头风	dǎ tóu fēng	20229	en-eng,ao-ou,h-f	1
打底子	dǎ dǐ zi	20251	z-zh	1
打手势	dǎ shǒu shì	20264	ao-ou,s-sh	1
打手式	dǎ shǒu shì	20265	ao-ou,s-sh	1
打把势	dǎ bǎ shì	20269	s-sh	1
打桩船	dǎ zhuāng chuán	20309	uan-uang,z-zh,c-ch	1
打死虎	dǎ sǐ hǔ	20312	s-sh,h-f	1
打毛衣	dǎ máo yī	20316	ao-ou	1
打滚儿	dǎ gǔn er	20329		1
打灯谜	dǎ dēng mí	20333	en-eng	1
打电报	dǎ diàn bào	20346	ian-iang,ao-ou	1
打电话	dǎ diàn huà	20347	ian-iang,ua-uo,h-f	1
打耳光	dǎ ěr guāng	20372	uan-uang	1
打赤膊	dǎ chì bó	20394	c-ch	1
打趸儿	dǎ dǔn ér	20396		3
打问号	dǎ wèn hào	20414	en-eng,ao-ou,h-f	1
打雪仗	dǎ xuě zhàng	20417	an-ang,z-zh,j-q-x	1
打靶场	dǎ bǎ chǎng	20420	an-ang,c-ch	1
扛得住	káng de zhù	20445	an-ang,z-zh	1
扛长工	káng cháng gōng	20447	an-ang,c-ch	1
执政府	zhí zhèng fǔ	20465	en-eng,z-zh,h-f	1
扫堂腿	sǎo táng tuǐ	20499	an-ang,ao-ou,s-sh	1
扫雷舰	sǎo léi jiàn	20525	ian-iang,ai-ei,ao-ou,s-sh,n-l,r-l,j-q-x	1
批发商	pī fā shāng	20577	an-ang,s-sh,h-f	1
批评家	pī píng jiā	20586	in-ing,ia-ie,j-q-x	1
找乐子	zhǎo lè zi	20601	ao-ou,z-zh,n-l,r-l	1
找得到	zhǎo de dào	20604	ao-ou,z-zh	1
把马子	bǎ mǎ zi	20683	z-zh	1
抓工夫	zhuā gōng fu	20692	ua-uo,z-zh,h-f	1
投票站	tóu piào zhàn	20724	an-ang,ao-ou,z-zh	1
折射线	zhé shè xiàn	20777	ian-iang,z-zh,s-sh,j-q-x	1
折跟头	zhē gēn tou	20815	en-eng,ao-ou,z-zh	1
抢劫案	qiǎng jié àn	20849	an-ang,ian-iang,ia-ie,j-q-x	1
抢劫犯	qiǎng jié fàn	20850	an-ang,ian-iang,ia-ie,h-f,j-q-x	1
护士长	hù shì zhǎng	20883	an-ang,z-zh,s-sh,h-f	1
抹下来	mā xià lái	20975	ai-ei,ia-ie,n-l,r-l,j-q-x	1
抹桌子	mā zhuō zi	20983	ua-uo,z-zh	1
抽功夫	chōu gōng fū	21002	ao-ou,c-ch,h-f	1
担不是	dān bú shì	21036	an-ang,s-sh	1
担架队	dān jià duì	21052	an-ang,ia-ie,j-q-x	1
拆墙脚	chāi qiáng jiǎo	21065	ian-iang,ai-ei,c-ch,j-q-x	1
拉买卖	lā mǎi mài	21101	ai-ei,n-l,r-l	1
拉亏空	lā kuī kōng	21102	n-l,r-l	1
拉力器	lā lì qì	21109	n-l,r-l,j-q-x	1
拉近乎	lā jìn hū	21150	in-ing,n-l,h-f,r-l,j-q-x	1
拉马克	lā mǎ kè	21157	n-l,r-l	1
拍片儿	pāi piān er	21176	ian-iang,ai-ei	1
拍纸簿	pāi zhǐ bù	21177	ai-ei,z-zh	1
拗口令	ào kǒu lìng	21241	in-ing,ao-ou,n-l,r-l	1
招待员	zhāo dài yuán	21279	uan-uang,ai-ei,ao-ou,z-zh	1
拟人化	nǐ rén huà	21313	en-eng,ua-uo,n-l,h-f,r-l	1
拦不住	lán bú zhù	21324	an-ang,z-zh,n-l,r-l	1
拧一把	níng yì bǎ	21329	in-ing,n-l	1
拧毛巾	níng máo jīn	21331	in-ing,ao-ou,n-l,j-q-x	1
拧脾气	nìng pí qì	21333	in-ing,n-l,j-q-x	1
拧衣服	níng yī fú	21334	in-ing,n-l,h-f	1
择不开	zhái bù kāi	21355	ai-ei,z-zh	1
括约肌	kuò yuē jī	21376	ua-uo,j-q-x	1
括起来	kuò qǐ lái	21377	ai-ei,ua-uo,n-l,r-l,j-q-x	1
拿得起	ná de qǐ	21439	n-l,j-q-x	1
拿摩温	ná mó wēn	21443	en-eng,n-l	1
指南车	zhǐ nán chē	21499	an-ang,z-zh,c-ch,n-l	1
指甲盖	zhǐ jiǎ gài	21524	ai-ei,ia-ie,z-zh,j-q-x	1
挡土墙	dǎng tǔ qiáng	21621	an-ang,ian-iang,j-q-x	1
挥发性	huī fā xìng	21646	in-ing,h-f,j-q-x	1
挨日子	ái rì zi	21664	ai-ei,z-zh,r-l	1
挨时间	ái shí jiān	21665	ian-iang,ai-ei,s-sh,j-q-x	1
挨闷雷	ái mèn léi	21677	en-eng,ai-ei,n-l,r-l	1
捋胡子	lǚ hú zǐ	21714	z-zh,n-l,h-f,r-l	3
捋虎须	luō hǔ xū	21715	ua-uo,n-l,h-f,r-l,j-q-x	3
捋袖子	luō xiù zi	21716	ua-uo,z-zh,n-l,r-l,j-q-x	3
捡起来	jiǎn qǐ lái	21746	ian-iang,ai-ei,n-l,r-l,j-q-x	1
换发球	huàn fā qiú	21749	uan-uang,h-f,j-q-x	1
换衣服	huàn yī fú	21764	uan-uang,h-f	1
掖进去	yē jìn qù	21884	in-ing,j-q-x	3
掴耳光	guāi ěr guāng	21943	uan-uang	3
掷骰子	zhì tóu zi	21949	ao-ou,z-zh	3
掸桌子	dǎn zhuō zi	21951	an-ang,ua-uo,z-zh	3
掸衣服	dǎn yī fú	21952	an-ang,h-f	3
揭盖子	jiē gài zi	22094	ai-ei,ia-ie,z-zh,j-q-x	1
搁得住	gé de zhù	22121	z-zh	1
搪差使	táng chāi shǐ	22162	an-ang,ai-ei,c-ch,s-sh	3
搭街坊	dā jiē fāng	22177	an-ang,ia-ie,h-f,j-q-x	1
摁钉儿	èn dīng ér	22188	en-eng,in-ing	3
摄像管	shè xiàng guǎn	22192	ian-iang,uan-uang,s-sh,j-q-x	1
摄护腺	shè hù xiàn	22202	ian-iang,s-sh,h-f,j-q-x	1
摄政王	shè zhèng wáng	22204	en-eng,an-ang,z-zh,s-sh	1
摩天楼	mó tiān lóu	22272	ian-iang,ao-ou,n-l,r-l	1
摸不着	mō bù zháo	22293	ao-ou,z-zh	1
撂挑子	liào tiāo zi	22308	z-zh,n-l,r-l	3
撒丫子	sā yā zǐ	22325	z-zh,s-sh	1
撒呓挣	sā yì zhēng	22327	en-eng,z-zh,s-sh	3
撒鸭子	sā yā zǐ	22358	z-zh,s-sh	1
播种机	bō zhǒng jī	22398	z-zh,j-q-x	1
操作台	cāo zuò tái	22433	ai-ei,ao-ou,ua-uo,z-zh,c-ch	1
攀枝花	pān zhī huā	22479	an-ang,ua-uo,z-zh,h-f	1
支着儿	zhī zhāo ér	22528	ao-ou,z-zh	1
收藏家	shōu cáng jiā	22562	an-ang,ao-ou,ia-ie,c-ch,s-sh,j-q-x	1
收起来	shōu qǐ lái	22564	ai-ei,ao-ou,s-sh,n-l,r-l,j-q-x	1
放冷风	fàng lěng fēng	22643	en-eng,an-ang,n-l,h-f,r-l	1
放大率	fàng dà lǜ	22649	an-ang,n-l,h-f,r-l	1
放大纸	fàng dà zhǐ	22650	an-ang,z-zh,h-f	1
放射形	fàng shè xíng	22653	in-ing,an-ang,s-sh,h-f,j-q-x	1
放空气	fàng kōng qì	22676	an-ang,h-f,j-q-x	1
教中文	jiāo zhōng wén	22771	en-eng,z-zh,j-q-x	1
教音乐	jiāo yīn yuè	22786	in-ing,j-q-x	1
数不清	shǔ bù qīng	22904	in-ing,s-sh,j-q-x	1
数不着	shǔ bù zháo	22905	ao-ou,z-zh,s-sh	1
数量词	shù liàng cí	22943	ian-iang,c-ch,s-sh,n-l,r-l	1
文明戏	wén míng xì	23042	en-eng,in-ing,j-q-x	1
文曲星	wén qǔ xīng	23043	en-eng,in-ing,j-q-x	1
文艺家	wén yì jiā	23057	en-eng,ia-ie,j-q-x	1
斗争性	dòu zhēng xìng	23080	en-eng,in-ing,ao-ou,z-zh,j-q-x	1
斗牛场	dòu niú chǎng	23110	an-ang,ao-ou,c-ch,n-l	1
斗蟋蟀	dòu xī shuài	23130	ao-ou,s-sh,j-q-x	1
斗鸡眼	dòu jī yǎn	23144	an-ang,ao-ou,j-q-x	1
新天地	xīn tiān dì	23223	in-ing,ian-iang,j-q-x	1
新技术	xīn jì shù	23229	in-ing,s-sh,j-q-x	1
新文化	xīn wén huà	23231	en-eng,in-ing,ua-uo,h-f,j-q-x	1
方位角	fāng wèi jiǎo	23255	an-ang,ai-ei,h-f,j-q-x	1
方括号	fāng kuò hào	23273	an-ang,ao-ou,ua-uo,h-f	1
方解石	fāng jiě shí	23281	an-ang,ia-ie,s-sh,h-f,j-q-x	1
施工缝	shī gōng fèng	23293	en-eng,s-sh,h-f	1
旁压力	páng yā lì	23304	an-ang,n-l,r-l	1
旁听席	páng tīng xí	23307	in-ing,an-ang,j-q-x	1
旁岔儿	páng chà ér	23310	an-ang,c-ch	1
旅差费	lǚ chà fèi	23350	ai-ei,c-ch,n-l,h-f,r-l	1
旅游区	lǚ yóu qū	23351	ao-ou,n-l,r-l,j-q-x	1
无名帖	wú míng tiě	23465	in-ing,ia-ie	1
无声片	wú shēng piàn	23476	en-eng,ian-iang,s-sh	1
无拘束	wú jū shù	23556	s-sh,j-q-x	1
无理数	wú lǐ shù	23576	s-sh,n-l,r-l	1
无穷大	wú qióng dà	23595	j-q-x	1
无穷尽	wú qióng jìn	23596	in-ing,j-q-x	1
无节制	wú jié zhì	23619	ia-ie,z-zh,j-q-x	1
无限大	wú xiàn dà	23654	ian-iang,j-q-x	1
日射病	rì shè bìng	23706	in-ing,s-sh,r-l	1
日环食	rì huán shí	23743	uan-uang,s-sh,h-f,r-l	1
日记簿	rì jì bù	23767	r-l,j-q-x	1
旧大陆	jiù dà lù	23797	n-l,r-l,j-q-x	1
早上好	zǎo shàng hǎo	23824	an-ang,ao-ou,z-zh,s-sh,h-f	1
时令病	shí lìng bìng	23855	in-ing,s-sh,n-l,r-l	1
昌都县	chāng dōu xiàn	23913	an-ang,ian-iang,ao-ou,c-ch,j-q-x	1
明儿个	míng ér gè	23920	in-ing	1
明角灯	míng jiǎo dēng	23967	en-eng,in-ing,j-q-x	1
星期日	xīng qī rì	24011	in-ing,r-l,j-q-x	1
星条旗	xīng tiáo qí	24012	in-ing,j-q-x	1
春大麦	chūn dà mài	24043	ai-ei,c-ch	1
昨儿个	zuó ér gè	24074	ua-uo,z-zh	1
晕乎乎	yūn hū hū	24124	h-f	1
晕过去	yùn guò qù	24136	ua-uo,j-q-x	1
晕高儿	yūn gāo ér	24139	ao-ou	1
晚一点	wǎn yì diǎn	24140	an-ang,ian-iang	1
景德镇	jǐng dé zhèn	24177	en-eng,in-ing,z-zh,j-q-x	1
景阳冈	jǐng yáng gāng	24196	in-ing,an-ang,j-q-x	1
晾衣服	liàng yī fú	24224	ian-iang,n-l,h-f,r-l	1
曝光表	bào guāng biǎo	24335	uan-uang,ao-ou	1
曲线图	qū xiàn tú	24377	ian-iang,j-q-x	1
曲线板	qū xiàn bǎn	24378	an-ang,ian-iang,j-q-x	1
曲颈甑	qū jǐng zèng	24393	en-eng,in-ing,z-zh,j-q-x	3
月份牌	yuè fèn pái	24476	en-eng,ai-ei,h-f	1
月月红	yuè yuè hóng	24496	h-f	1
有一些	yǒu yī xiē	24514	ao-ou,ia-ie,j-q-x	1
有一只	yǒu yī zhī	24516	ao-ou,z-zh	1
有一天	yǒu yī tiān	24517	ian-iang,ao-ou	1
有产者	yǒu chǎn zhě	24529	an-ang,ao-ou,z-zh,c-ch	1
有会子	yǒu huì zǐ	24534	ao-ou,z-zh,h-f	1
有光纸	yǒu guāng zhǐ	24543	uan-uang,ao-ou,z-zh	1
有巢氏	yǒu cháo shì	24611	ao-ou,c-ch,s-sh	1
有心力	yǒu xīn lì	24626	in-ing,ao-ou,n-l,r-l,j-q-x	1
有机质	yǒu jī zhì	24683	ao-ou,z-zh,j-q-x	1
有机酸	yǒu jī suān	24684	uan-uang,ao-ou,s-sh,j-q-x	1
有理式	yǒu lǐ shì	24710	ao-ou,s-sh,n-l,r-l	1
有理数	yǒu lǐ shù	24711	ao-ou,s-sh,n-l,r-l	1
有盼儿	yǒu pàn ér	24728	an-ang,ao-ou	1
有神论	yǒu shén lùn	24737	en-eng,ao-ou,s-sh,n-l,r-l	1
有蹄类	yǒu tí lèi	24776	ai-ei,ao-ou,n-l,r-l	1
有道是	yǒu dào shì	24783	ao-ou,s-sh	1
服差役	fú chāi yì	24812	ai-ei,c-ch,h-f	1
朝阳区	cháo yáng qū	24952	an-ang,ao-ou,c-ch,j-q-x	1
木偶片	mù ǒu piàn	24990	ian-iang,ao-ou	1
木头人	mù tou rén	24995	en-eng,ao-ou,r-l	1
木头屑	mù tou xiè	24996	ao-ou,ia-ie,j-q-x	1
本世纪	běn shì jì	25057	en-eng,s-sh,j-q-x	1
本地人	běn dì rén	25067	en-eng,r-l	1
本年度	běn nián dù	25070	en-eng,ian-iang,n-l	1
机关车	jī guān chē	25157	uan-uang,c-ch,j-q-x	1
机械论	jī xiè lùn	25165	ia-ie,n-l,r-l,j-q-x	1
机要员	jī yào yuán	25170	uan-uang,ao-ou,j-q-x	1
杀时间	shā shí jiān	25195	ian-iang,s-sh,j-q-x	1
杀菌剂	shā jūn jì	25198	s-sh,j-q-x	1
杀风景	shā fēng jǐng	25200	en-eng,in-ing,s-sh,h-f,j-q-x	1
来回票	lái huí piào	25367	ai-ei,n-l,h-f,r-l	1
极乐鸟	jí lè niǎo	25439	n-l,r-l,j-q-x	1
极大值	jí dà zhí	25445	z-zh,j-q-x	1
构筑物	gòu zhù wù	25472	ao-ou,z-zh	1
枕头风	zhěn tou fēng	25496	en-eng,ao-ou,z-zh,h-f	1
林务员	lín wù yuán	25525	in-ing,uan-uang,n-l,r-l	1
林荫道	lín yīn dào	25531	in-ing,ao-ou,n-l,r-l	1
柏拉图	bó lā tú	25637	n-l,r-l	1
柏油纸	bó yóu zhǐ	25640	ao-ou,z-zh	1
柞丝绸	zuò sī chóu	25681	ao-ou,ua-uo,z-zh,c-ch,s-sh	3
柳叶眉	liǔ yè méi	25740	ai-ei,n-l,r-l	1
柳子戏	liǔ zi xì	25742	z-zh,n-l,r-l,j-q-x	1
柳条帽	liǔ tiáo mào	25747	ao-ou,n-l,r-l	1
柴沟堡	chái gōu bǔ	25760	ai-ei,ao-ou,c-ch	1
树行子	shù hàng zi	25827	an-ang,z-zh,s-sh,h-f	1
栓皮栎	shuān pí lì	25831	uan-uang,s-sh,n-l,r-l	3
校对员	jiào duì yuán	25857	uan-uang,j-q-x	1
核桃凹	hé táo wā	25912	ao-ou,h-f	1
核爆炸	hé bào zhà	25916	ao-ou,z-zh,h-f	1
核蛋白	hé dàn bái	25924	an-ang,ai-ei,h-f	1
根指数	gēn zhǐ shù	25939	en-eng,z-zh,s-sh	1
桃花扇	táo huā shàn	25999	an-ang,ao-ou,ua-uo,s-sh,h-f	1
桑葚儿	sāng rèn er	26031	en-eng,an-ang,s-sh,r-l	3
桡动脉	ráo dòng mài	26040	ai-ei,ao-ou,r-l	3
梆子腔	bāng zi qiāng	26057	an-ang,ian-iang,z-zh,j-q-x	1
梵哑铃	fàn yǎ líng	26083	in-ing,an-ang,n-l,h-f,r-l	3
棉大衣	mián dà yī	26086	ian-iang	1
棍儿茶	gùn ér chá	26099	c-ch	1
椰子树	yē zi shù	26146	z-zh,s-sh	1
楼梯间	lóu tī jiān	26189	ian-iang,ao-ou,n-l,r-l,j-q-x	1
概率论	gài lǜ lùn	26199	ai-ei,n-l,r-l	1
榨油厂	zhà yóu chǎng	26225	an-ang,ao-ou,z-zh,c-ch	1
榴霰弹	liú xiàn dàn	26232	an-ang,ian-iang,n-l,r-l,j-q-x	3
横切面	héng qiē miàn	26285	en-eng,ian-iang,ia-ie,h-f,j-q-x	1
横纹肌	héng wén jī	26358	en-eng,h-f,j-q-x	1
橄榄石	gǎn lǎn shí	26402	an-ang,s-sh,n-l,r-l	1
橘子汁	jú zi zhī	26407	z-zh,j-q-x	1
歌于斯	gē yú sī	26509	s-sh	1
歌仔戏	gē zǐ xì	26510	z-zh,j-q-x	1
歌舞伎	gē wǔ jì	26519	j-q-x	3
止血剂	zhǐ xuè jì	26531	z-zh,j-q-x	1
正义性	zhèng yì xìng	26538	en-eng,in-ing,z-zh,j-q-x	1
正字法	zhèng zì fǎ	26581	en-eng,z-zh,h-f	1
正电荷	zhèng diàn hè	26647	en-eng,ian-iang,z-zh,h-f	1
正规战	zhèng guī zhàn	26673	en-eng,an-ang,z-zh	1
正音法	zhèng yīn fǎ	26699	en-eng,in-ing,z-zh,h-f	1
武当山	wǔ dāng shān	26734	an-ang,s-sh	1
毒瓦斯	dú wǎ sī	26927	s-sh	1
毒辣辣	dú là là	26945	n-l,r-l	1
毛利率	máo lì lǜ	26992	ao-ou,n-l,r-l	1
毛地黄	máo dì huáng	27005	uan-uang,ao-ou,h-f	1
毛泽东	máo zé dōng	27014	ao-ou,z-zh	1
气不公	qì bù gōng	27090	j-q-x	1
气压表	qì yā biǎo	27103	j-q-x	1
氧化汞	yǎng huà gǒng	27141	an-ang,ua-uo,h-f	1
氧化铜	yǎng huà tóng	27143	an-ang,ua-uo,h-f	1
氯化物	lǜ huà wù	27146	ua-uo,n-l,h-f,r-l	1
氯化钠	lǜ huà nà	27147	ua-uo,n-l,h-f,r-l	1
氯化钾	lǜ huà jiǎ	27148	ia-ie,ua-uo,n-l,h-f,r-l,j-q-x	1
氰化钾	qíng huà jiǎ	27150	in-ing,ia-ie,ua-uo,h-f,j-q-x	3
水刷石	shuǐ shuā shí	27161	ua-uo,s-sh	1
水合物	shuǐ hé wù	27169	s-sh,h-f	1
水浒传	shuǐ hǔ zhuàn	27216	uan-uang,z-zh,s-sh,h-f	3
水漂儿	shuǐ piǎo ér	27223	s-sh	1
水火棍	shuǐ huǒ gùn	27229	ua-uo,s-sh,h-f	1
水落管	shuǐ luò guǎn	27248	uan-uang,ua-uo,s-sh,n-l,r-l	1
汉学家	hàn xué jiā	27314	an-ang,ia-ie,h-f,j-q-x	1
汕头市	shàn tóu shì	27323	an-ang,ao-ou,s-sh	3
汗渍渍	hàn zì zì	27347	an-ang,z-zh,h-f	3
汗褂儿	hàn guà er	27359	an-ang,ua-uo,h-f	1
汞溴红	gǒng xiù hóng	27370	h-f,j-q-x	3
江泽民	jiāng zé mín	27380	in-ing,ian-iang,z-zh,j-q-x	1
江苏省	jiāng sū shěng	27386	en-eng,ian-iang,s-sh,j-q-x	1
池中物	chí zhōng wù	27390	z-zh,c-ch	1
汤头歌	tāng tóu gē	27406	an-ang,ao-ou	1
汤婆子	tāng pó zi	27407	an-ang,z-zh	1
汽化热	qì huà rè	27429	ua-uo,h-f,r-l,j-q-x	1
沉降缝	chén jiàng fèng	27468	en-eng,ian-iang,c-ch,h-f,j-q-x	1
沙沙声	shā shā shēng	27513	en-eng,s-sh	1
没事儿	méi shì ér	27557	ai-ei,s-sh	1
没出息	méi chū xī	27562	ai-ei,c-ch,j-q-x	1
没多少	méi duō shǎo	27569	ai-ei,ao-ou,ua-uo,s-sh	1
没头脑	méi tóu nǎo	27574	ai-ei,ao-ou,n-l	1
没有空	méi yǒu kòng	27592	ai-ei,ao-ou	1
没来头	méi lái tou	27593	ai-ei,ao-ou,n-l,r-l	1
没来由	méi lái yóu	27594	ai-ei,ao-ou,n-l,r-l	1
没面子	méi miàn zi	27633	ian-iang,ai-ei,z-zh	1
沦陷区	lún xiàn qū	27654	ian-iang,n-l,r-l,j-q-x	1
河北省	hé běi shěng	27666	en-eng,ai-ei,s-sh,h-f	1
油炸果	yóu zhá guǒ	27718	ao-ou,ua-uo,z-zh	1
油炸鬼	yóu zhá guǐ	27719	ao-ou,z-zh	1
沿条儿	yán tiáo ér	27758	an-ang	1
法国号	fǎ guó hào	27790	ao-ou,ua-uo,h-f	1
法拉第	fǎ lā dì	27803	n-l,h-f,r-l	1
泛神论	fàn shén lùn	27817	en-eng,an-ang,s-sh,n-l,h-f,r-l	1
泡病号	pào bìng hào	27834	in-ing,ao-ou,h-f	1
泡罩塔	pào zhào tǎ	27835	ao-ou,z-zh	1
泥娃娃	ní wá wá	27876	n-l	1
洋地黄	yáng dì huáng	27963	an-ang,uan-uang,h-f	1
洋葱头	yáng cōng tóu	27973	an-ang,ao-ou,c-ch	1
洒狗血	sǎ gǒu xiě	27986	ao-ou,ia-ie,s-sh,j-q-x	1
洗煤厂	xǐ méi chǎng	28029	an-ang,ai-ei,c-ch,j-q-x	1
洗脸盆	xǐ liǎn pén	28041	en-eng,ian-iang,n-l,r-l,j-q-x	1
洗衣服	xǐ yī fú	28044	h-f,j-q-x	1
洪泽湖	hóng zé hú	28073	z-zh,h-f	1
活阎王	huó yán wáng	28106	an-ang,ua-uo,h-f	1
活鲜鲜	huó xiān xiān	28109	ian-iang,ua-uo,h-f,j-q-x	1
流通券	liú tōng quàn	28173	uan-uang,n-l,r-l,j-q-x	1
浅浮雕	qiǎn fú diāo	28194	ian-iang,h-f,j-q-x	1
测量学	cè liáng xué	28236	ian-iang,c-ch,n-l,r-l,j-q-x	1
济南市	jǐ nán shì	28250	an-ang,s-sh,n-l,j-q-x	1
浑球儿	hún qiú er	28273	h-f,j-q-x	1
浒墅关	xǔ shù guān	28277	uan-uang,s-sh,j-q-x	3
浙江省	zhè jiāng shěng	28292	en-eng,ian-iang,z-zh,s-sh,j-q-x	1
海南岛	hǎi nán dǎo	28343	an-ang,ai-ei,ao-ou,n-l,h-f	1
海南省	hǎi nán shěng	28344	en-eng,an-ang,ai-ei,s-sh,n-l,h-f	1
海参崴	hǎi shēn wēi	28346	en-eng,ai-ei,s-sh,h-f	3
消化腺	xiāo huà xiàn	28402	ian-iang,ua-uo,h-f,j-q-x	1
消化酶	xiāo huà méi	28404	ai-ei,ua-uo,h-f,j-q-x	3
消炎片	xiāo yán piàn	28410	an-ang,ian-iang,j-q-x	1
消石灰	xiāo shí huī	28411	s-sh,h-f,j-q-x	1
液压油	yè yā yóu	28465	ao-ou	1
混球儿	hùn qiú er	28612	h-f,j-q-x	1
清君侧	qīng jūn cè	28631	in-ing,c-ch,j-q-x	1
渎职罪	dú zhí zuì	28679	z-zh	3
温度表	wēn dù biǎo	28705	en-eng	1
港务局	gǎng wù jú	28717	an-ang,j-q-x	1
湘夫人	xiāng fū rén	28782	en-eng,ian-iang,h-f,r-l,j-q-x	1
湿度计	shī dù jì	28797	s-sh,j-q-x	1
溜旱冰	liū hàn bīng	28845	in-ing,an-ang,n-l,h-f,r-l	1
溜溜转	liū liū zhuàn	28848	uan-uang,z-zh,n-l,r-l	1
溜肩膀	liū jiān bǎng	28851	an-ang,ian-iang,n-l,r-l,j-q-x	1
溶解度	róng jiě dù	28873	ia-ie,r-l,j-q-x	1
满江红	mǎn jiāng hóng	28942	an-ang,ian-iang,h-f,j-q-x	1
滨海区	bīn hǎi qū	28963	in-ing,ai-ei,h-f,j-q-x	1
滴溜儿	dī liù ér	28972	n-l,r-l	1
漫反射	màn fǎn shè	29038	an-ang,s-sh,h-f	1
潘多拉	pān duō lā	29068	an-ang,ua-uo,n-l,r-l	1
炉甘石	lú gān shí	29275	an-ang,s-sh,n-l,r-l	1
炒地皮	chǎo dì pí	29289	ao-ou,c-ch	1
炒股票	chǎo gǔ piào	29291	ao-ou,c-ch	1
炮子儿	pào zǐ er	29314	ao-ou,z-zh	1
炸丸子	zhá wán zǐ	29338	an-ang,z-zh	1
炸元宵	zhá yuán xiāo	29339	uan-uang,z-zh,j-q-x	1
炸弹坑	zhà dàn kēng	29342	en-eng,an-ang,z-zh	1
炸油条	zhá yóu tiáo	29344	ao-ou,z-zh	1
炸油饼	zhá yóu bǐng	29345	in-ing,ao-ou,z-zh	1
炸鸡蛋	zhá jī dàn	29360	an-ang,z-zh,j-q-x	1
炼油厂	liàn yóu chǎng	29386	an-ang,ian-iang,ao-ou,c-ch,n-l,r-l	1
炼金术	liàn jīn shù	29388	in-ing,ian-iang,s-sh,n-l,r-l,j-q-x	1
烘干机	hōng gān jī	29409	an-ang,h-f,j-q-x	1
烟雾弹	yān wù dàn	29442	an-ang	1
热传导	rè chuán dǎo	29457	uan-uang,ao-ou,c-ch,r-l	1
热哄哄	rè hǒng hǒng	29464	h-f,r-l	1
热水澡	rè shuǐ zǎo	29474	ao-ou,z-zh,s-sh,r-l	1
热辐射	rè fú shè	29487	s-sh,h-f,r-l	1
照相版	zhào xiàng bǎn	29566	an-ang,ian-iang,ao-ou,z-zh,j-q-x	1
照相纸	zhào xiàng zhǐ	29568	ian-iang,ao-ou,z-zh,j-q-x	1
熊爪子	xióng zhuǎ zi	29579	ua-uo,z-zh,j-q-x	1
熏蒸剂	xūn zhēng jì	29592	en-eng,z-zh,j-q-x	1
熏蚊子	xūn wén zi	29593	en-eng,z-zh,j-q-x	1
熏豆腐	xūn dòu fǔ	29594	ao-ou,h-f,j-q-x	1
熟石膏	shú shí gāo	29612	ao-ou,s-sh	1
燕麦粥	yàn mài zhōu	29710	an-ang,ai-ei,ao-ou,z-zh	1
爪尖儿	zhuǎ jiān er	29723	ian-iang,ua-uo,z-zh,j-q-x	1
父亲节	fù qīn jié	29756	in-ing,ia-ie,h-f,j-q-x	1
父权制	fù quán zhì	29764	uan-uang,z-zh,h-f,j-q-x	1
片假名	piàn jiǎ míng	29777	in-ing,ian-iang,ia-ie,j-q-x	1
片面性	piàn miàn xìng	29811	in-ing,ian-iang,j-q-x	1
牛头刨	niú tóu bào	29848	ao-ou,n-l	1
牛毛雨	niú máo yǔ	29854	ao-ou,n-l	1
牛蒡子	niú bàng zi	29860	an-ang,z-zh,n-l	3
牧羊人	mù yáng rén	29894	en-eng,an-ang,r-l	1
物理量	wù lǐ liàng	29910	ian-iang,n-l,r-l	1
特大号	tè dà hào	29949	ao-ou,h-f	1
犯节气	fàn jié qì	30000	an-ang,ia-ie,h-f,j-q-x	1
独脚戏	dú jiǎo xì	30113	j-q-x	1
狭心症	xiá xīn zhèng	30124	en-eng,in-ing,ia-ie,z-zh,j-q-x	1
狮子会	shī zi huì	30129	z-zh,s-sh,h-f	1
猪笼草	zhū lóng cǎo	30178	ao-ou,z-zh,c-ch,n-l,r-l	1
猫爪子	māo zhuǎ zi	30186	ao-ou,ua-uo,z-zh	1
玉米片	yù mǐ piàn	30271	ian-iang	1
王八蛋	wáng bā dàn	30288	an-ang	1
王天下	wàng tiān xià	30297	an-ang,ian-iang,ia-ie,j-q-x	1
王老五	wáng lǎo wǔ	30319	an-ang,ao-ou,n-l,r-l	1
玻璃杯	bō lí bēi	30375	ai-ei,n-l,r-l	1
玻璃碴	bō lí chá	30376	c-ch,n-l,r-l	3
玻璃窗	bō lí chuāng	30377	uan-uang,c-ch,n-l,r-l	1
琵琶行	pí pá xíng	30446	in-ing,j-q-x	3
琵琶骨	pí pá gǔ	30447		3
瓦岗军	wǎ gāng jūn	30510	an-ang,j-q-x	1
瓦楞子	wǎ léng zǐ	30518	en-eng,z-zh,n-l,r-l	5
瓦楞纸	wǎ léng zhǐ	30519	en-eng,z-zh,n-l,r-l	5
瓦窑堡	wǎ yáo bǔ	30528	ao-ou	1
生石膏	shēng shí gāo	30645	en-eng,ao-ou,s-sh	1
生育率	shēng yù lǜ	30651	en-eng,s-sh,n-l,r-l	1
生还者	shēng huán zhě	30657	en-eng,uan-uang,z-zh,s-sh,h-f	1
用工夫	yòng gōng fū	30680	h-f	1
电位差	diàn wèi chà	30724	ian-iang,ai-ei,c-ch	1
电冰柜	diàn bīng guì	30728	in-ing,ian-iang	1
电势差	diàn shì chà	30734	ian-iang,c-ch,s-sh	1
电压表	diàn yā biǎo	30741	ian-iang	1
电压计	diàn yā jì	30742	ian-iang,j-q-x	1
电气石	diàn qì shí	30776	ian-iang,s-sh,j-q-x	1
电石气	diàn shí qì	30791	ian-iang,s-sh,j-q-x	1
电能表	diàn néng biǎo	30801	en-eng,ian-iang,n-l	1
电解质	diàn jiě zhì	30818	ian-iang,ia-ie,z-zh,j-q-x	1
电阻率	diàn zǔ lǜ	30826	ian-iang,z-zh,n-l,r-l	1
男中音	nán zhōng yīn	30829	in-ing,an-ang,z-zh,n-l	1
男傧相	nán bīn xiàng	30832	in-ing,an-ang,ian-iang,n-l,j-q-x	3
男孩子	nán hái zi	30848	an-ang,ai-ei,z-zh,n-l,h-f	1
画片儿	huà piàn er	30881	ian-iang,ua-uo,h-f	1
画肖像	huà xiào xiàng	30885	ian-iang,ua-uo,h-f,j-q-x	1
畜牧场	xù mù chǎng	30944	an-ang,c-ch,j-q-x	1
番木瓜	fān mù guā	30959	an-ang,ua-uo,h-f	1
番石榴	fān shí liú	30963	an-ang,s-sh,n-l,h-f,r-l	1
番红花	fān hóng huā	30966	an-ang,ua-uo,h-f	1
疑问句	yí wèn jù	31015	en-eng,j-q-x	1
病原体	bìng yuán tǐ	31071	in-ing,uan-uang	1
瘌痢头	là lì tóu	31117	ao-ou,n-l,r-l	3
白云观	bái yún guàn	31159	uan-uang,ai-ei	1
白令海	bái lìng hǎi	31160	in-ing,ai-ei,n-l,h-f,r-l	1
白刷刷	bái shuā shuā	31166	ai-ei,ua-uo,s-sh	1
白条子	bái tiáo zi	31202	ai-ei,z-zh	1
白毛女	bái máo nǚ	31204	ai-ei,ao-ou,n-l	1
白纸坊	bái zhǐ fāng	31217	an-ang,ai-ei,z-zh,h-f	1
白莲教	bái lián jiào	31223	ian-iang,ai-ei,n-l,r-l,j-q-x	1
百叶箱	bǎi yè xiāng	31297	ian-iang,ai-ei,j-q-x	1
百夫长	bǎi fū zhǎng	31306	an-ang,ai-ei,z-zh,h-f	1
百家饭	bǎi jiā fàn	31311	an-ang,ai-ei,ia-ie,h-f,j-q-x	1
皮夹子	pí jiā zi	31401	ia-ie,z-zh,j-q-x	1
皱眉头	zhòu méi tou	31414	ai-ei,ao-ou,z-zh	1
目的论	mù dì lùn	31562	n-l,r-l	1
直溜溜	zhí liū liū	31625	z-zh,n-l,r-l	1
直觉性	zhí jué xìng	31634	in-ing,z-zh,j-q-x	1
直角尺	zhí jiǎo chǐ	31637	z-zh,c-ch,j-q-x	1
相反数	xiāng fǎn shù	31685	an-ang,ian-iang,s-sh,h-f,j-q-x	1
相对论	xiāng duì lùn	31712	ian-iang,n-l,r-l,j-q-x	1
相思子	xiāng sī zǐ	31740	ian-iang,z-zh,s-sh,j-q-x	1
相思树	xiāng sī shù	31741	ian-iang,s-sh,j-q-x	1
相片儿	xiàng piān er	31782	ian-iang,j-q-x	1
相结合	xiāng jié hé	31799	ian-iang,ia-ie,h-f,j-q-x	1
省油灯	shěng yóu dēng	31863	en-eng,ao-ou,s-sh	1
看不清	kàn bù qīng	31886	in-ing,an-ang,j-q-x	1
看不见	kàn bú jiàn	31887	an-ang,ian-iang,j-q-x	1
看不过	kàn bù guò	31889	an-ang,ua-uo	1
看得懂	kàn de dǒng	31920	an-ang	1
看得清	kàn de qīng	31921	in-ing,an-ang,j-q-x	1
看财奴	kān cái nú	31953	an-ang,ai-ei,c-ch,n-l	1
看门狗	kān mén gǒu	31960	en-eng,an-ang,ao-ou	1
真分数	zhēn fēn shù	31974	en-eng,z-zh,s-sh,h-f	1
真空泵	zhēn kōng bèng	31992	en-eng,z-zh	1
真菌界	zhēn jùn jiè	31995	en-eng,ia-ie,z-zh,j-q-x	1
瞎琢磨	xiā zuó mó	32083	ia-ie,ua-uo,z-zh,j-q-x	1
瞥一眼	piē yì yǎn	32102	an-ang,ia-ie	3
瞭望台	liào wàng tái	32113	an-ang,ai-ei,n-l,r-l	1
瞭望哨	liào wàng shào	32114	an-ang,ao-ou,s-sh,n-l,r-l	1
瞿塘峡	qú táng xiá	32117	an-ang,ia-ie,j-q-x	3
矛盾论	máo dùn lùn	32121	ao-ou,n-l,r-l	1
矢车菊	shǐ chē jú	32151	c-ch,s-sh,j-q-x	1
知识化	zhī shí huà	32225	ua-uo,z-zh,s-sh,h-f	1
知识库	zhī shí kù	32231	z-zh,s-sh	1
短歌行	duǎn gē xíng	32296	in-ing,uan-uang,j-q-x	1
矮个子	ǎi gè zi	32311	ai-ei,z-zh	1
石决明	shí jué míng	32319	in-ing,s-sh,j-q-x	1
石头城	shí tou chéng	32336	en-eng,ao-ou,c-ch,s-sh	1
石尤风	shí yóu fēng	32345	en-eng,ao-ou,s-sh,h-f	1
石榴花	shí liú huā	32372	ua-uo,s-sh,n-l,h-f,r-l	1
石灰岩	shí huī yán	32389	an-ang,s-sh,h-f	1
石灰水	shí huī shuǐ	32390	s-sh,h-f	1
石狮子	shí shī zi	32396	z-zh,s-sh	1
石狮市	shí shī shì	32397	s-sh	1
石脑油	shí nǎo yóu	32413	ao-ou,s-sh,n-l	1
石菖蒲	shí chāng pú	32421	an-ang,c-ch,s-sh	3
石鼓文	shí gǔ wén	32434	en-eng,s-sh	1
砖瓦厂	zhuān wǎ chǎng	32490	an-ang,uan-uang,z-zh,c-ch	1
破体字	pò tǐ zì	32511	z-zh	1
破衣服	pò yī fú	32546	h-f	1
硫化物	liú huà wù	32574	ua-uo,n-l,h-f,r-l	1
碘化物	diǎn huà wù	32627	ian-iang,ua-uo,h-f	1
碱金属	jiǎn jīn shǔ	32645	in-ing,ian-iang,s-sh,j-q-x	1
碳化物	tàn huà wù	32647	an-ang,ua-uo,h-f	1
碳化硅	tàn huà guī	32648	an-ang,ua-uo,h-f	1
磕头虫	kē tóu chóng	32683	ao-ou,c-ch	1
磨不开	mó bù kāi	32685	ai-ei	1
磨豆腐	mó dòu fǔ	32743	ao-ou,h-f	1
社会学	shè huì xué	32780	s-sh,h-f,j-q-x	1
祈使句	qí shǐ jù	32798	s-sh,j-q-x	1
神仙会	shén xiān huì	32830	en-eng,ian-iang,s-sh,h-f,j-q-x	1
神女峰	shén nǚ fēng	32848	en-eng,s-sh,n-l,h-f	1
禁卫军	jìn wèi jūn	32937	in-ing,ai-ei,j-q-x	1
禁闭室	jìn bì shì	32976	in-ing,s-sh,j-q-x	1
福建省	fú jiàn shěng	33009	en-eng,ian-iang,s-sh,h-f,j-q-x	1
离不开	lí bù kāi	33014	ai-ei,n-l,r-l	1
私底下	sī dǐ xià	33064	ia-ie,s-sh,j-q-x	1
种子田	zhǒng zi tián	33117	ian-iang,z-zh	1
种牛痘	zhòng niú dòu	33126	ao-ou,z-zh,n-l	1
科教片	kē jiào piàn	33158	ian-iang,j-q-x	1
科研所	kē yán suǒ	33160	an-ang,ua-uo,s-sh	1
租庸调	zū yōng diào	33183	z-zh	1
积雨云	jī yǔ yún	33240	j-q-x	1
税务员	shuì wù yuán	33356	uan-uang,s-sh	1
税务官	shuì wù guān	33357	uan-uang,s-sh	1
稗子面	bài zi miàn	33370	ian-iang,ai-ei,z-zh	3
空包弹	kōng bāo dàn	33452	an-ang,ao-ou	1
空气浴	kōng qì yù	33501	j-q-x	1
空洞洞	kōng dòng dòng	33505		1
穿衣服	chuān yī fú	33577	uan-uang,c-ch,h-f	1
窝窝头	wō wō tóu	33610	ao-ou	1
站起来	zhàn qǐ lái	33659	an-ang,ai-ei,z-zh,n-l,r-l,j-q-x	1
竹枝词	zhú zhī cí	33716	z-zh,c-ch	1
竹篓子	zhú lǒu zi	33723	ao-ou,z-zh,n-l,r-l	1
笑咧咧	xiào liē liē	33748	ia-ie,n-l,r-l,j-q-x	1
符号论	fú hào lùn	33784	ao-ou,n-l,h-f,r-l	1
第一名	dì yì míng	33791	in-ing	1
等一下	děng yí xià	33806	en-eng,ia-ie,j-q-x	1
等压线	děng yā xiàn	33814	en-eng,ian-iang,j-q-x	1
答茬儿	dá chá ér	33858	c-ch	1
简分数	jiǎn fēn shù	33894	en-eng,ian-iang,s-sh,h-f,j-q-x	1
管儿灯	guǎn er dēng	33938	en-eng,uan-uang	1
篆刻家	zhuàn kè jiā	33970	uan-uang,ia-ie,z-zh,j-q-x	3
类毒素	lèi dú sù	34003	ai-ei,s-sh,n-l,r-l	1
粗活儿	cū huó er	34039	ua-uo,c-ch,h-f	1
粘信封	zhān xìn fēng	34048	en-eng,in-ing,an-ang,z-zh,h-f,j-q-x	1
粘合剂	nián hé jì	34049	ian-iang,n-l,h-f,j-q-x	1
糊涂蛋	hú tú dàn	34120	an-ang,h-f	1
糖萝卜	táng luó bo	34137	an-ang,ua-uo,n-l,r-l	1
系列剧	xì liè jù	34150	ia-ie,n-l,r-l,j-q-x	1
系绳子	jì shéng zǐ	34163	en-eng,z-zh,s-sh,j-q-x	1
系鞋带	jì xié dài	34168	ai-ei,ia-ie,j-q-x	1
紫石英	zǐ shí yīng	34200	in-ing,z-zh,s-sh	1
紫阳观	zǐ yáng guān	34207	an-ang,uan-uang,z-zh	1
累垮了	lèi kuǎ le	34220	ai-ei,ua-uo,n-l,r-l	1
累活儿	lèi huó er	34229	ai-ei,ua-uo,n-l,h-f,r-l	1
红楼梦	hóng lóu mèng	34362	en-eng,ao-ou,n-l,h-f,r-l	1
红殷殷	hóng yīn yīn	34365	in-ing,h-f	1
红水河	hóng shuǐ hé	34366	s-sh,h-f	1
红澄澄	hóng chéng chéng	34372	en-eng,c-ch,h-f	1
红豆蔻	hóng dòu kòu	34427	ao-ou,h-f	3
红通通	hóng tōng tōng	34430	h-f	1
纤毛虫	xiān máo chóng	34455	ian-iang,ao-ou,c-ch,j-q-x	1
纪念堂	jì niàn táng	34511	an-ang,ian-iang,n-l,j-q-x	1
纳闷儿	nà mèn ér	34555	en-eng,n-l	1
纵剖面	zòng pōu miàn	34559	ian-iang,ao-ou,z-zh	1
纵坐标	zòng zuò biāo	34561	ua-uo,z-zh	1
纵断面	zòng duàn miàn	34565	ian-iang,uan-uang,z-zh	1
纵横家	zòng héng jiā	34571	en-eng,ia-ie,z-zh,h-f,j-q-x	1
线坯子	xiàn pī zi	34631	ian-iang,z-zh,j-q-x	1
线粒体	xiàn lì tǐ	34637	ian-iang,n-l,r-l,j-q-x	1
练习曲	liàn xí qǔ	34645	ian-iang,n-l,r-l,j-q-x	1
组织学	zǔ zhī xué	34662	z-zh,j-q-x	1
组织法	zǔ zhī fǎ	34665	z-zh,h-f	1
组织液	zǔ zhī yè	34666	z-zh	1
细屑子	xì xiè zi	34676	ia-ie,z-zh,j-q-x	1
细菌域	xì jùn yù	34689	j-q-x	1
细菌界	xì jùn jiè	34691	ia-ie,j-q-x	1
织布机	zhī bù jī	34703	z-zh,j-q-x	1
绍兴戏	shào xīng xì	34733	in-ing,ao-ou,s-sh,j-q-x	1
绍兴酒	shào xīng jiǔ	34734	in-ing,ao-ou,s-sh,j-q-x	1
给水器	jǐ shuǐ qì	34863	s-sh,j-q-x	1
给水站	jǐ shuǐ zhàn	34865	an-ang,z-zh,s-sh,j-q-x	1
给水管	jǐ shuǐ guǎn	34866	uan-uang,s-sh,j-q-x	1
给水箱	jǐ shuǐ xiāng	34867	ian-iang,s-sh,j-q-x	1
统计员	tǒng jì yuán	34920	uan-uang,j-q-x	1
绷场面	bēng chǎng miàn	34958	en-eng,an-ang,ian-iang,c-ch	1
缌麻服	sī má fú	35013	s-sh,h-f	3
编织品	biān zhī pǐn	35039	in-ing,ian-iang,z-zh	1
编织物	biān zhī wù	35040	ian-iang,z-zh	1
缝扣子	féng kòu zi	35053	en-eng,ao-ou,z-zh,h-f	1
缝被子	féng bèi zi	35065	en-eng,ai-ei,z-zh,h-f	1
缩砂密	sù shā mì	35097	s-sh	1
缫丝厂	sāo sī chǎng	35109	an-ang,ao-ou,c-ch,s-sh	3
罗圈腿	luó quān tuǐ	35153	uan-uang,ua-uo,n-l,r-l,j-q-x	1
羊毛脂	yáng máo zhī	35215	an-ang,ao-ou,z-zh	1
羊毛衣	yáng máo yī	35216	an-ang,ao-ou	1
羊痫风	yáng xián fēng	35221	en-eng,an-ang,ian-iang,h-f,j-q-x	3
羊癫风	yáng diān fēng	35222	en-eng,an-ang,ian-iang,h-f	3
羊肠线	yáng cháng xiàn	35235	an-ang,ian-iang,c-ch,j-q-x	1
美容术	měi róng shù	35255	ai-ei,s-sh,r-l	1
群英会	qún yīng huì	35295	in-ing,h-f,j-q-x	1
翘舌音	qiào shé yīn	35323	in-ing,s-sh,j-q-x	1
翻筋斗	fān jīn dǒu	35361	in-ing,an-ang,ao-ou,h-f,j-q-x	1
翻跟斗	fān gēn dǒu	35368	en-eng,an-ang,ao-ou,h-f	1
翻车鱼	fān chē yú	35370	an-ang,c-ch,h-f	1
老伯伯	lǎo bó bo	35381	ao-ou,n-l,r-l	1
老佛爷	lǎo fó yé	35382	ao-ou,n-l,h-f,r-l	1
老处女	lǎo chǔ nǚ	35387	ao-ou,c-ch,n-l,r-l	1
老大姐	lǎo dà jiě	35390	ao-ou,ia-ie,n-l,r-l,j-q-x	1
老本儿	lǎo běn er	35424	en-eng,ao-ou,n-l,r-l	1
老来少	lǎo lái shào	35428	ai-ei,ao-ou,s-sh,n-l,r-l	1
老疙瘩	lǎo gē da	35439	ao-ou,n-l,r-l	1
老鼠夹	lǎo shǔ jiā	35461	ao-ou,ia-ie,s-sh,n-l,r-l,j-q-x	1
考勤簿	kǎo qín bù	35465	in-ing,ao-ou,j-q-x	1
考据学	kǎo jù xué	35471	ao-ou,j-q-x	1
耍单儿	shuǎ dān ér	35483	an-ang,ua-uo,s-sh	1
耍排场	shuǎ pái chǎng	35488	an-ang,ai-ei,ua-uo,c-ch,s-sh	1
耍笔杆	shuǎ bǐ gǎn	35492	an-ang,ua-uo,s-sh	1
耳掴子	ěr guāi zi	35519	z-zh	3
耶稣会	yē sū huì	35545	s-sh,h-f	3
联合机	lián hé jī	35582	ian-iang,n-l,h-f,r-l,j-q-x	1
肚子痛	dù zi tòng	35672	z-zh	1
肚子饿	dù zi è	35673	z-zh	1
肯不肯	kěn bù kěn	35733	en-eng	1
肺动脉	fèi dòng mài	35740	ai-ei,h-f	1
肺静脉	fèi jìng mài	35746	in-ing,ai-ei,h-f,j-q-x	1
背不住	bèi bú zhù	35778	ai-ei,z-zh	1
背光性	bèi guāng xìng	35790	in-ing,uan-uang,ai-ei,j-q-x	1
背搭子	bèi dā zi	35816	ai-ei,z-zh	1
背日性	bèi rì xìng	35817	in-ing,ai-ei,r-l,j-q-x	1
背水阵	bèi shuǐ zhèn	35828	en-eng,ai-ei,z-zh,s-sh	1
背着手	bèi zhe shǒu	35832	ai-ei,ao-ou,z-zh,s-sh	1
背风面	bèi fēng miàn	35856	en-eng,ian-iang,ai-ei,h-f	1
胖大海	pàng dà hǎi	35862	an-ang,ai-ei,h-f	1
胖头鱼	pàng tóu yú	35863	an-ang,ao-ou	1
胳膊肘	gē bó zhǒu	35918	ao-ou,z-zh	1
能动性	néng dòng xìng	35975	en-eng,in-ing,n-l,j-q-x	1
脏稀稀	zāng xī xī	36039	an-ang,z-zh,j-q-x	1
脏衣服	zāng yī fú	36040	an-ang,z-zh,h-f	1
脑贫血	nǎo pín xuè	36054	in-ing,ao-ou,n-l,j-q-x	1
脖颈子	bó gěng zi	36059	en-eng,z-zh	1
脱衣服	tuō yī fú	36074	ua-uo,h-f	1
腐殖质	fǔ zhí zhì	36103	z-zh,h-f	1
膝盖骨	xī gài gǔ	36184	ai-ei,j-q-x	1
自供状	zì gòng zhuàng	36235	uan-uang,z-zh	1
自各儿	zì gě ér	36259	z-zh	1
自大狂	zì dà kuáng	36266	uan-uang,z-zh	1
自留畜	zì liú chù	36313	z-zh,c-ch,n-l,r-l	1
臭老九	chòu lǎo jiǔ	36385	ao-ou,c-ch,n-l,r-l,j-q-x	1
船夫曲	chuán fū qǔ	36490	uan-uang,c-ch,h-f,j-q-x	1
节度使	jié dù shǐ	36577	ia-ie,s-sh,j-q-x	1
节目单	jié mù dān	36599	an-ang,ia-ie,j-q-x	1
节骨眼	jiē gǔ yǎn	36612	an-ang,ia-ie,j-q-x	1
芥蓝菜	gài lán cài	36628	an-ang,ai-ei,c-ch,n-l,r-l	1
花灯戏	huā dēng xì	36656	en-eng,ua-uo,h-f,j-q-x	1
苏合香	sū hé xiāng	36703	ian-iang,s-sh,h-f,j-q-x	1
苏小小	sū xiǎo xiǎo	36706	s-sh,j-q-x	1
苛性钠	kē xìng nà	36726	in-ing,n-l,j-q-x	1
苣卖菜	qǔ mài cài	36742	ai-ei,c-ch,j-q-x	3
苣荬菜	qǔ mǎi cài	36743	ai-ei,c-ch,j-q-x	3
苦差事	kǔ chāi shì	36787	ai-ei,c-ch,s-sh	1
英雄传	yīng xióng zhuàn	36817	in-ing,uan-uang,z-zh,j-q-x	1
英雄榜	yīng xióng bǎng	36820	in-ing,an-ang,j-q-x	1
茅台酒	máo tái jiǔ	36832	ai-ei,ao-ou,j-q-x	1
荆三棱	jīng sān léng	36864	en-eng,in-ing,an-ang,s-sh,n-l,r-l,j-q-x	1
草料场	cǎo liào chǎng	36884	an-ang,ao-ou,c-ch,n-l,r-l	1
草甸子	cǎo diàn zi	36893	ian-iang,ao-ou,z-zh,c-ch	1
莆仙戏	pú xiān xì	36972	ian-iang,j-q-x	3
落不是	luò bú shì	37066	ua-uo,s-sh,n-l,r-l	1
落叶树	luò yè shù	37079	ua-uo,s-sh,n-l,r-l	1
落水管	luò shuǐ guǎn	37113	uan-uang,ua-uo,s-sh,n-l,r-l	1
蒙古文	měng gǔ wén	37192	en-eng	1
蒙古语	měng gǔ yǔ	37194	en-eng	1
蒙蒙黑	mēng mēng hēi	37220	en-eng,ai-ei,h-f	1
蔫儿坏	niān ér huài	37284	ian-iang,n-l,h-f	3
薯莨绸	shǔ liáng chóu	37343	ian-iang,ao-ou,c-ch,s-sh,n-l,r-l	3
藏猫儿	cáng māo ér	37374	an-ang,ao-ou,c-ch	1
虎而冠	hǔ ér guàn	37427	uan-uang,h-f	1
虎骨酒	hǔ gǔ jiǔ	37435	h-f,j-q-x	1
蚂蟥钉	mǎ huáng dīng	37489	in-ing,uan-uang,h-f	3
蚌埠市	bèng bù shì	37492	en-eng,s-sh	1
蛾眉月	é méi yuè	37538	ai-ei	1
蟠桃会	pán táo huì	37636	an-ang,ao-ou,h-f	3
血中毒	xuè zhòng dú	37646	z-zh,j-q-x	1
血凝固	xuè níng gù	37654	in-ing,n-l,j-q-x	1
血尿素	xuè niào sù	37675	s-sh,n-l,j-q-x	1
血崩症	xuè bēng zhèng	37677	en-eng,z-zh,j-q-x	1
血循环	xuè xún huán	37679	uan-uang,h-f,j-q-x	1
血枯病	xuè kū bìng	37688	in-ing,j-q-x	1
血沉素	xuè chén sù	37708	en-eng,c-ch,s-sh,j-q-x	1
血液学	xuè yè xué	37727	j-q-x	1
血清型	xuè qīng xíng	37734	in-ing,j-q-x	1
血清病	xuè qīng bìng	37736	in-ing,j-q-x	1
血清素	xuè qīng sù	37738	in-ing,s-sh,j-q-x	1
血管炎	xuè guǎn yán	37757	an-ang,uan-uang,j-q-x	1
血管病	xuè guǎn bìng	37758	in-ing,uan-uang,j-q-x	1
血管瘤	xuè guǎn liú	37760	uan-uang,n-l,r-l,j-q-x	1
血管膜	xuè guǎn mó	37764	uan-uang,j-q-x	1
血糖低	xuè táng dī	37770	an-ang,j-q-x	1
血糖高	xuè táng gāo	37771	an-ang,ao-ou,j-q-x	1
血红色	xuè hóng sè	37774	s-sh,h-f,j-q-x	1
血腥味	xuè xīng wèi	37792	in-ing,ai-ei,j-q-x	1
血豆腐	xiě dòu fǔ	37802	ao-ou,ia-ie,h-f,j-q-x	1
血道子	xiě dào zi	37808	ao-ou,ia-ie,z-zh,j-q-x	1
行列式	háng liè shì	37848	an-ang,ia-ie,s-sh,n-l,h-f,r-l	1
行政法	xíng zhèng fǎ	37897	en-eng,in-ing,z-zh,h-f,j-q-x	1
街头诗	jiē tóu shī	38004	ao-ou,ia-ie,s-sh,j-q-x	1
补骨脂	bǔ gǔ zhī	38093	z-zh	1
表侄女	biǎo zhí nǚ	38095	z-zh,n-l	1
表兄弟	biǎo xiōng dì	38096	j-q-x	1
表瓤子	biǎo ráng zi	38104	an-ang,z-zh,r-l	1
表蒙子	biǎo méng zi	38105	en-eng,z-zh	1
袁大头	yuán dà tóu	38144	uan-uang,ao-ou	1
被动式	bèi dòng shì	38167	ai-ei,s-sh	1
被告人	bèi gào rén	38174	en-eng,ai-ei,ao-ou,r-l	1
被称为	bèi chēng wéi	38189	en-eng,ai-ei,c-ch	1
被视为	bèi shì wéi	38197	ai-ei,s-sh	1
被评为	bèi píng wéi	38198	in-ing,ai-ei	1
装孙子	zhuāng sūn zi	38234	uan-uang,z-zh,s-sh	1
西北风	xī běi fēng	38292	en-eng,ai-ei,h-f,j-q-x	1
见上帝	jiàn shàng dì	38397	an-ang,ian-iang,s-sh,j-q-x	1
见习生	jiàn xí shēng	38406	en-eng,ian-iang,s-sh,j-q-x	1
观众席	guān zhòng xí	38517	uan-uang,z-zh,j-q-x	1
观察使	guān chá shǐ	38523	uan-uang,c-ch,s-sh	1
观察力	guān chá lì	38524	uan-uang,c-ch,n-l,r-l	1
观察所	guān chá suǒ	38529	uan-uang,ua-uo,c-ch,s-sh	1
观星台	guān xīng tái	38538	in-ing,uan-uang,ai-ei,j-q-x	1
角动量	jiǎo dòng liàng	38628	ian-iang,n-l,r-l,j-q-x	1
角速度	jiǎo sù dù	38647	s-sh,j-q-x	1
解剖学	jiě pōu xué	38664	ao-ou,ia-ie,j-q-x	1
解剖室	jiě pōu shì	38665	ao-ou,ia-ie,s-sh,j-q-x	1
触发器	chù fā qì	38766	c-ch,h-f,j-q-x	1
触霉头	chù méi tóu	38784	ai-ei,ao-ou,c-ch	1
警备区	jǐng bèi qū	38903	in-ing,ai-ei,j-q-x	1
认识论	rèn shí lùn	38978	en-eng,s-sh,n-l,r-l	1
记分册	jì fēn cè	39025	en-eng,c-ch,h-f,j-q-x	1
记录片	jì lù piàn	39028	ian-iang,n-l,r-l,j-q-x	1
讲解员	jiǎng jiě yuán	39047	ian-iang,uan-uang,ia-ie,j-q-x	1
论理学	lùn lǐ xué	39095	n-l,r-l,j-q-x	1
论说文	lùn shuō wén	39105	en-eng,ua-uo,s-sh,n-l,r-l	1
设圈套	shè quān tào	39125	uan-uang,ao-ou,s-sh,j-q-x	1
评论家	píng lùn jiā	39165	in-ing,ia-ie,n-l,r-l,j-q-x	1
识字班	shí zì bān	39175	an-ang,z-zh,s-sh	1
译意风	yì yì fēng	39237	en-eng,h-f	1
语义学	yǔ yì xué	39351	j-q-x	1
语体文	yǔ tǐ wén	39354	en-eng	1
语助词	yǔ zhù cí	39356	z-zh,c-ch	1
语法学	yǔ fǎ xué	39377	h-f,j-q-x	1
语源学	yǔ yuán xué	39379	uan-uang,j-q-x	1
语言学	yǔ yán xué	39392	an-ang,j-q-x	1
语音学	yǔ yīn xué	39404	in-ing,j-q-x	1
误以为	wù yǐ wéi	39406	ai-ei	1
说不清	shuō bù qīng	39438	in-ing,ua-uo,s-sh,j-q-x	1
诸宫调	zhū gōng diào	39533	z-zh	1
调味品	tiáo wèi pǐn	39600	in-ing,ai-ei	1
谈不上	tán bù shàng	39696	an-ang,s-sh	1
谈得来	tán de lái	39711	an-ang,ai-ei,n-l,r-l	1
谜一样	mí yí yàng	39744	an-ang	1
谦受益	qiān shòu yì	39757	ian-iang,ao-ou,s-sh,j-q-x	1
豁免权	huò miǎn quán	39798	ian-iang,uan-uang,ua-uo,h-f,j-q-x	1
败血病	bài xuè bìng	39978	in-ing,ai-ei,j-q-x	1
质因数	zhì yīn shù	40008	in-ing,z-zh,s-sh	1
贪便宜	tān pián yí	40030	an-ang,ian-iang	1
贪玩儿	tān wán er	40047	an-ang	1
贴膏药	tiē gāo yào	40097	ao-ou,ia-ie	1
贸易风	mào yì fēng	40115	en-eng,ao-ou,h-f	1
贼骨头	zéi gú tou	40139	ai-ei,ao-ou,z-zh	1
资本论	zī běn lùn	40171	en-eng,z-zh,n-l,r-l	1
赛璐玢	sài lù fēn	40223	en-eng,ai-ei,s-sh,n-l,h-f,r-l	3
赛马场	sài mǎ chǎng	40227	an-ang,ai-ei,c-ch,s-sh	1
赤崁楼	chì kàn lóu	40250	an-ang,ao-ou,c-ch,n-l,r-l	5
赤练蛇	chì liàn shé	40255	ian-iang,c-ch,s-sh,n-l,r-l	1
走内线	zǒu nèi xiàn	40277	ian-iang,ai-ei,ao-ou,z-zh,n-l,j-q-x	1
走好运	zǒu hǎo yùn	40284	ao-ou,z-zh,h-f	1
走娘家	zǒu niáng jiā	40285	ian-iang,ao-ou,ia-ie,z-zh,n-l,j-q-x	1
赶鸭子	gǎn yā zi	40343	an-ang,z-zh	1
超分子	chāo fēn zǐ	40389	en-eng,ao-ou,z-zh,c-ch,h-f	1
超导体	chāo dǎo tǐ	40391	ao-ou,c-ch	1
超高压	chāo gāo yā	40416	ao-ou,c-ch	1
超高频	chāo gāo pín	40418	in-ing,ao-ou,c-ch	1
趋光性	qū guāng xìng	40424	in-ing,uan-uang,j-q-x	1
趵突泉	bào tū quán	40468	uan-uang,ao-ou,j-q-x	3
跑警报	pǎo jǐng bào	40518	in-ing,ao-ou,j-q-x	1
跑马场	pǎo mǎ chǎng	40528	an-ang,ao-ou,c-ch	1
跳伞塔	tiào sǎn tǎ	40571	an-ang,s-sh	1
跳水池	tiào shuǐ chí	40587	c-ch,s-sh	1
跳皮筋	tiào pí jīn	40590	in-ing,j-q-x	1
跳起来	tiào qǐ lái	40604	ai-ei,n-l,r-l,j-q-x	1
踏脚石	tà jiǎo shí	40629	s-sh,j-q-x	1
踹一脚	chuài yì jiǎo	40651	c-ch,j-q-x	3
身分证	shēn fèn zhèng	40701	en-eng,z-zh,s-sh,h-f	1
身子骨	shēn zi gǔ	40708	en-eng,z-zh,s-sh	1
躲猫猫	duǒ māo māo	40749	ao-ou,ua-uo	1
车同轨	chē tóng guǐ	40766	c-ch	1
车行道	chē xíng dào	40818	in-ing,ao-ou,c-ch,j-q-x	1
车辆厂	chē liàng chǎng	40831	an-ang,ian-iang,c-ch,n-l,r-l	1
车马炮	jū mǎ pào	40851	ao-ou,j-q-x	1
轧钢厂	zhá gāng chǎng	40863	an-ang,z-zh,c-ch	1
轧钢机	zhá gāng jī	40864	an-ang,z-zh,j-q-x	1
转学生	zhuǎn xué shēng	40910	en-eng,uan-uang,z-zh,s-sh,j-q-x	1
转捩点	zhuǎn liè diǎn	40936	ian-iang,uan-uang,ia-ie,z-zh,n-l,r-l	3
轮机长	lún jī zhǎng	41006	an-ang,z-zh,n-l,r-l,j-q-x	1
软骨鱼	ruǎn gǔ yú	41039	uan-uang,r-l	1
轴对称	zhóu duì chèn	41047	en-eng,ao-ou,z-zh,c-ch	1
辨别力	biàn bié lì	41218	ian-iang,ia-ie,n-l,r-l	1
达姆弹	dá mǔ dàn	41249	an-ang	1
过五关	guò wǔ guān	41283	uan-uang,ua-uo	1
过半数	guò bàn shù	41302	an-ang,ua-uo,s-sh	1
过水面	guò shuǐ miàn	41354	ian-iang,ua-uo,s-sh	1
过滤嘴	guò lǜ zuǐ	41361	ua-uo,z-zh,n-l,r-l	1
过生日	guò shēng rì	41372	en-eng,ua-uo,s-sh,r-l	1
过电影	guò diàn yǐng	41374	in-ing,ian-iang,ua-uo	1
过节儿	guò jié ér	41393	ia-ie,ua-uo,j-q-x	1
过门儿	guò mén er	41416	en-eng,ua-uo	1
运输量	yùn shū liàng	41463	ian-iang,s-sh,n-l,r-l	1
近似值	jìn sì zhí	41469	in-ing,z-zh,s-sh,j-q-x	1
近地点	jìn dì diǎn	41472	in-ing,ian-iang,j-q-x	1
还不错	hái bú cuò	41501	ai-ei,ua-uo,c-ch,h-f	1
进给量	jìn jǐ liàng	41595	in-ing,ian-iang,n-l,r-l,j-q-x	1
远距离	yuǎn jù lí	41689	uan-uang,n-l,r-l,j-q-x	1
送信儿	sòng xìn ér	41936	in-ing,s-sh,j-q-x	1
送风机	sòng fēng jī	41946	en-eng,s-sh,h-f,j-q-x	1
适应症	shì yìng zhèng	41957	en-eng,in-ing,z-zh,s-sh	1
选择性	xuǎn zé xìng	41994	in-ing,uan-uang,z-zh,j-q-x	1
透心凉	tòu xīn liáng	42009	in-ing,ian-iang,ao-ou,n-l,r-l,j-q-x	1
透明体	tòu míng tǐ	42010	in-ing,ao-ou	1
逗闷子	dòu mèn zi	42053	en-eng,ao-ou,z-zh	1
通俗化	tōng sú huà	42058	ua-uo,s-sh,h-f	1
通风机	tōng fēng jī	42126	en-eng,h-f,j-q-x	1
造船厂	zào chuán chǎng	42161	an-ang,uan-uang,ao-ou,z-zh,c-ch	1
逮小偷	dǎi xiǎo tōu	42178	ai-ei,ao-ou,j-q-x	1
逮特务	dǎi tè wù	42180	ai-ei	1
逮老鼠	dǎi lǎo shǔ	42181	ai-ei,ao-ou,s-sh,n-l,r-l	1
逮蚊子	dǎi wén zi	42182	en-eng,ai-ei,z-zh	1
遗传学	yí chuán xué	42312	uan-uang,c-ch,j-q-x	1
遗传病	yí chuán bìng	42314	in-ing,uan-uang,c-ch	1
避风头	bì fēng tou	42437	en-eng,ao-ou,h-f	1
那么多	nà me duō	42458	ua-uo,n-l	1
郡县制	jùn xiàn zhì	42530	ian-iang,z-zh,j-q-x	3
郦食其	lì yì jī	42534	n-l,r-l,j-q-x	3
都察院	dū chá yuàn	42549	uan-uang,c-ch	1
都柏林	dōu bó lín	42552	in-ing,ao-ou,n-l,r-l	1
都江堰	dū jiāng yàn	42553	an-ang,ian-iang,j-q-x	1
酒吧间	jiǔ bā jiān	42594	ian-iang,j-q-x	1
酒石酸	jiǔ shí suān	42608	uan-uang,s-sh,j-q-x	1
酢浆草	cù jiāng cǎo	42621	ian-iang,ao-ou,c-ch,j-q-x	3
采石场	cǎi shí chǎng	42688	an-ang,ai-ei,c-ch,s-sh	1
重元素	zhòng yuán sù	42745	uan-uang,z-zh,s-sh	1
重力场	zhòng lì chǎng	42757	an-ang,z-zh,c-ch,n-l,r-l	1
重结晶	zhòng jié jīng	42875	in-ing,ia-ie,z-zh,j-q-x	1
重要性	zhòng yào xìng	42889	in-ing,ao-ou,z-zh,j-q-x	1
量体温	liáng tǐ wēn	42942	en-eng,ian-iang,n-l,r-l	1
量血压	liáng xuè yā	42974	ian-iang,n-l,r-l,j-q-x	1
量角器	liáng jiǎo qì	42976	ian-iang,n-l,r-l,j-q-x	1
金丝燕	jīn sī yàn	42981	in-ing,an-ang,s-sh,j-q-x	1
金交椅	jīn jiāo yǐ	42985	in-ing,j-q-x	1
金圆券	jīn yuán quàn	43000	in-ing,uan-uang,j-q-x	1
金晃晃	jīn huǎng huǎng	43012	in-ing,uan-uang,h-f,j-q-x	1
金沙江	jīn shā jiāng	43024	in-ing,ian-iang,s-sh,j-q-x	1
金沙萨	jīn shā sà	43025	in-ing,s-sh,j-q-x	1
金环蛇	jīn huán shé	43030	in-ing,uan-uang,s-sh,h-f,j-q-x	1
金石学	jīn shí xué	43050	in-ing,s-sh,j-q-x	1
金苹果	jīn píng guǒ	43057	in-ing,ua-uo,j-q-x	1
针叶林	zhēn yè lín	43098	en-eng,in-ing,z-zh,n-l,r-l	1
钉书针	dìng shū zhēn	43111	en-eng,in-ing,z-zh,s-sh	1
钉扣子	dìng kòu zi	43119	in-ing,ao-ou,z-zh	1
钉箱子	dìng xiāng zi	43121	in-ing,ian-iang,z-zh,j-q-x	1
钉钉子	dìng dīng zi	43124	in-ing,z-zh	1
钉钮扣	dìng niǔ kòu	43125	in-ing,ao-ou,n-l	1
钉马掌	dìng mǎ zhǎng	43128	in-ing,an-ang,z-zh	1
钉齿耙	dīng chǐ bà	43129	in-ing,c-ch	1
钓鱼台	diào yú tái	43133	ai-ei	1
钓鱼钩	diào yú gōu	43135	ao-ou	1
钢丝锯	gāng sī jù	43158	an-ang,s-sh,j-q-x	1
钢笔套	gāng bǐ tào	43181	an-ang,ao-ou	1
钢结构	gāng jié gòu	43189	an-ang,ao-ou,ia-ie,j-q-x	1
钢镚儿	gāng bèng er	43199	en-eng,an-ang	3
钦天监	qīn tiān jiàn	43204	in-ing,ian-iang,j-q-x	1
钻心虫	zuān xīn chóng	43255	in-ing,uan-uang,z-zh,c-ch,j-q-x	1
钻探机	zuān tàn jī	43259	an-ang,uan-uang,z-zh,j-q-x	1
钻牛角	zuān niú jiǎo	43267	uan-uang,z-zh,n-l,j-q-x	1
铁了心	tiě le xīn	43282	in-ing,ia-ie,n-l,r-l,j-q-x	1
铁叉子	tiě chā zi	43285	ia-ie,z-zh,c-ch	1
铁氧体	tiě yǎng tǐ	43302	an-ang,ia-ie	1
铁沙掌	tiě shā zhǎng	43303	an-ang,ia-ie,z-zh,s-sh	1
铁甲车	tiě jiǎ chē	43306	ia-ie,c-ch,j-q-x	1
铁矿石	tiě kuàng shí	43310	uan-uang,ia-ie,s-sh	1
铅中毒	qiān zhòng dú	43333	ian-iang,z-zh,j-q-x	1
铅垂线	qiān chuí xiàn	43338	ian-iang,c-ch,j-q-x	1
铅玻璃	qiān bō lí	43347	ian-iang,n-l,r-l,j-q-x	1
铆钉枪	mǎo dīng qiāng	43357	in-ing,ian-iang,ao-ou,j-q-x	3
铺盖卷	pū gài juǎn	43430	uan-uang,ai-ei,j-q-x	1
锯木厂	jù mù chǎng	43538	an-ang,c-ch,j-q-x	1
镭射气	léi shè qì	43586	ai-ei,s-sh,n-l,r-l,j-q-x	3
长恨歌	cháng hèn gē	43658	en-eng,an-ang,c-ch,h-f	1
长春市	cháng chūn shì	43678	an-ang,c-ch,s-sh	1
长沙市	cháng shā shì	43701	an-ang,c-ch,s-sh	1
长生果	cháng shēng guǒ	43715	en-eng,an-ang,ua-uo,c-ch,s-sh	1
长白山	cháng bái shān	43717	an-ang,ai-ei,c-ch,s-sh	1
长短句	cháng duǎn jù	43725	an-ang,uan-uang,c-ch,j-q-x	1
长统靴	cháng tǒng xuē	43741	an-ang,c-ch,j-q-x	1
门静脉	mén jìng mài	43846	en-eng,in-ing,ai-ei,j-q-x	1
闷子车	mèn zi chē	43972	en-eng,z-zh,c-ch	1
闷沉沉	mèn chén chén	43976	en-eng,c-ch	1
闹着玩	nào zhe wán	43998	an-ang,ao-ou,z-zh,n-l	1
闽北话	mǐn běi huà	44026	in-ing,ai-ei,ua-uo,h-f	1
闽南话	mǐn nán huà	44027	in-ing,an-ang,ua-uo,n-l,h-f	1
阳起石	yáng qǐ shí	44102	an-ang,s-sh,j-q-x	1
阴着儿	yīn zhāo ér	44116	in-ing,ao-ou,z-zh	1
阴阳家	yīn yáng jiā	44119	in-ing,an-ang,ia-ie,j-q-x	1
阿房宫	ē páng gōng	44168	an-ang	1
阿木林	ā mù lín	44181	in-ing,n-l,r-l	1
阿根廷	ā gēn tíng	44182	en-eng,in-ing	1
阿比让	ā bǐ ràng	44183	an-ang,r-l	1
阿波罗	ā bō luó	44185	ua-uo,n-l,r-l	1
阿的平	ā dì píng	44192	in-ing	1
阿罗汉	ā luó hàn	44194	an-ang,ua-uo,n-l,h-f,r-l	1
阿里山	ā lǐ shān	44203	an-ang,s-sh,n-l,r-l	1
附骥尾	fù jì wěi	44240	ai-ei,h-f,j-q-x	3
陈述句	chén shù jù	44262	en-eng,c-ch,s-sh,j-q-x	1
降雨量	jiàng yǔ liàng	44305	ian-iang,n-l,r-l,j-q-x	1
陕甘宁	shǎn gān níng	44320	in-ing,an-ang,s-sh,n-l	1
雁来红	yàn lái hóng	44537	an-ang,ai-ei,n-l,h-f,r-l	1
雅典娜	yǎ diǎn nà	44560	ian-iang,n-l	1
雇佣军	gù yōng jūn	44597	j-q-x	1
雨夹雪	yǔ jiā xuě	44647	ia-ie,j-q-x	1
雨水管	yǔ shuǐ guǎn	44673	uan-uang,s-sh	1
雨花台	yǔ huā tái	44690	ai-ei,ua-uo,h-f	1
雷雨云	léi yǔ yún	44764	ai-ei,n-l,r-l	1
霜淇淋	shuāng qí lín	44802	in-ing,uan-uang,s-sh,n-l,r-l,j-q-x	3
青年会	qīng nián huì	44879	in-ing,ian-iang,n-l,h-f,j-q-x	1
青羊宫	qīng yáng gōng	44895	in-ing,an-ang,j-q-x	1
非晶体	fēi jīng tǐ	44937	in-ing,ai-ei,h-f,j-q-x	1
非正式	fēi zhèng shì	44939	en-eng,ai-ei,z-zh,s-sh,h-f	1
音乐剧	yīn yuè jù	45079	in-ing,j-q-x	1
颐和园	yí hé yuán	45233	uan-uang,h-f	3
颤悠悠	chàn yōu yōu	45296	an-ang,ao-ou,c-ch	1
风仙花	fēng xiān huā	45316	en-eng,ian-iang,ua-uo,h-f,j-q-x	1
风信子	fēng xìn zǐ	45323	en-eng,in-ing,z-zh,h-f,j-q-x	1
风向器	fēng xiàng qì	45349	en-eng,ian-iang,h-f,j-q-x	1
风媒花	fēng méi huā	45372	en-eng,ai-ei,ua-uo,h-f	1
风疹块	fēng zhěn kuài	45467	en-eng,z-zh,h-f	1
风速器	fēng sù qì	45520	en-eng,s-sh,h-f,j-q-x	1
风雨灯	fēng yǔ dēng	45555	en-eng,h-f	1
飞将军	fēi jiāng jūn	45627	ian-iang,ai-ei,h-f,j-q-x	1
食品街	shí pǐn jiē	45705	in-ing,ia-ie,s-sh,j-q-x	1
食心虫	shí xīn chóng	45713	in-ing,c-ch,s-sh,j-q-x	1
饮牲口	yǐn shēng kǒu	45826	en-eng,in-ing,ao-ou,s-sh	1
饱和点	bǎo huó diǎn	45853	ian-iang,ao-ou,ua-uo,h-f	1
饼屑子	bǐng xiè zi	45873	in-ing,ia-ie,z-zh,j-q-x	1
香槟酒	xiāng bīn jiǔ	45930	in-ing,ian-iang,j-q-x	3
马克思	mǎ kè sī	45952	s-sh	1
马六甲	mǎ liù jiǎ	45956	ia-ie,n-l,r-l,j-q-x	1
马尾巴	mǎ yǐ bā	45975		1
马尾藻	mǎ wěi zǎo	45977	ai-ei,ao-ou,z-zh	1
马赫数	mǎ hè shù	45996	s-sh,h-f	1
驴打滚	lǘ dǎ gǔn	46029	n-l,r-l	1
骑缝印	qí fèng yìn	46102	en-eng,in-ing,h-f,j-q-x	1
骑缝章	qí fèng zhāng	46103	en-eng,an-ang,z-zh,h-f,j-q-x	1
骨碎补	gǔ suì bǔ	46177	s-sh	1
骨骼肌	gǔ gé jī	46199	j-q-x	3
高丽纸	gāo lí zhǐ	46223	ao-ou,z-zh,n-l,r-l	1
高八度	gāo bā dù	46233	ao-ou	1
高分子	gāo fēn zǐ	46236	en-eng,ao-ou,z-zh,h-f	1
高句骊	gāo gōu lí	46246	ao-ou,n-l,r-l	3
高度计	gāo dù jì	46275	ao-ou,j-q-x	1
高梁面	gāo liáng miàn	46296	ian-iang,ao-ou,n-l,r-l	1
高碳钢	gāo tàn gāng	46309	an-ang,ao-ou	1
高空槽	gāo kōng cáo	46313	ao-ou,c-ch	1
高速钢	gāo sù gāng	46343	an-ang,ao-ou,s-sh	1
高频头	gāo pín tóu	46350	in-ing,ao-ou	1
鬼剃头	guǐ tì tóu	46373	ao-ou	1
鬼见愁	guǐ jiàn chóu	46388	ian-iang,ao-ou,c-ch,j-q-x	1
魁北克	kuí běi kè	46390	ai-ei	1
鱼石脂	yú shí zhī	46473	z-zh,s-sh	1
鲜艳艳	xiān yàn yàn	46515	an-ang,ian-iang,j-q-x	1
鸡公车	jī gōng chē	46566	c-ch,j-q-x	1
鸡爪子	jī zhuǎ zi	46581	ua-uo,z-zh,j-q-x	1
鸭绿江	yā lù jiāng	46627	ian-iang,n-l,r-l,j-q-x	1
鸽子笼	gē zi lóng	46635	z-zh,n-l,r-l	1
鹅掌风	é zhǎng fēng	46679	en-eng,an-ang,z-zh,h-f	1
鹰爪子	yīng zhuǎ zi	46728	in-ing,ua-uo,z-zh	1
鹿角霜	lù jiǎo shuāng	46736	uan-uang,s-sh,n-l,r-l,j-q-x	1
麦茬儿	mài chá er	46756	ai-ei,c-ch	1
黄埔港	huáng pǔ gǎng	46782	an-ang,uan-uang,h-f	3
黄骠马	huáng biāo mǎ	46811	uan-uang,h-f	3
黑体字	hēi tǐ zì	46826	ai-ei,z-zh,h-f	1
黑糊糊	hēi hū hū	46856	ai-ei,h-f	1
鼓囊囊	gǔ nāng nāng	46912	an-ang,n-l	1
鼻中隔	bí zhōng gé	46939	z-zh	1
鼻咽癌	bí yān ái	46940	an-ang,ai-ei	1
鼻涕虫	bí tì chóng	46947	c-ch	1
齐刷刷	qí shuā shuā	46953	ua-uo,s-sh,j-q-x	1
龙王爷	lóng wáng yé	47059	an-ang,n-l,r-l	1
龙虎榜	lóng hǔ bǎng	47066	an-ang,n-l,h-f,r-l	1
龙门刨	lóng mén bào	47080	en-eng,ao-ou,n-l,r-l	1
