二手货	èr shǒu huò	46841	ao-ou,ua-uo,s-sh,h-f	1
私活儿	sī huó er	46842	ua-uo,s-sh,h-f	1
感光度	gǎn guāng dù	46850	an-ang,uan-uang	1
高岭土	gāo lǐng tǔ	46852	in-ing,ao-ou,n-l,r-l	1
高山病	gāo shān bìng	46853	in-ing,an-ang,ao-ou,s-sh	1
虹鳟鱼	hóng zūn yú	46868	z-zh,h-f	3
黄褐斑	huáng hè bān	46872	an-ang,uan-uang,h-f	1
黄粱梦	huáng liáng mèng	46873	en-eng,ian-iang,uan-uang,n-l,h-f,r-l	1
黄梅雨	huáng méi yǔ	46874	uan-uang,ai-ei,h-f	1
火电站	huǒ diàn zhàn	46879	an-ang,ian-iang,ua-uo,z-zh,h-f	1
货郎担	huò láng dàn	46880	an-ang,ua-uo,n-l,h-f,r-l	1
纪念卡	jì niàn kǎ	46883	ian-iang,n-l,j-q-x	1
夹生饭	jiā shēng fàn	46884	en-eng,an-ang,ia-ie,s-sh,h-f,j-q-x	1
碱面儿	jiǎn miàn er	46885	ian-iang,j-q-x	1
救生筏	jiù shēng fá	46903	en-eng,s-sh,h-f,j-q-x	1
拦河坝	lán hé bà	46908	an-ang,n-l,h-f,r-l	1
流窜犯	liú cuàn fàn	46919	an-ang,uan-uang,c-ch,n-l,h-f,r-l	1
卵磷脂	luǎn lín zhī	46924	in-ing,uan-uang,z-zh,n-l,r-l	1
卖苦力	mài kǔ lì	46926	ai-ei,n-l,r-l	1
煤气表	méi qì biǎo	46927	ai-ei,j-q-x	1
棉纤维	mián xiān wéi	46934	ian-iang,ai-ei,j-q-x	1
七弦琴	qī xián qín	46951	in-ing,ian-iang,j-q-x	1
气吁吁	qì xū xū	46953	j-q-x	1
枪榴弹	qiāng liú dàn	46954	an-ang,ian-iang,n-l,r-l,j-q-x	1
软饮料	ruǎn yǐn liào	46965	in-ing,uan-uang,n-l,r-l	1
上下水	shàng xià shuǐ	46971	an-ang,ia-ie,s-sh,j-q-x	1
生活照	shēng huó zhào	46974	en-eng,ao-ou,ua-uo,z-zh,s-sh,h-f	1
四方步	sì fāng bù	46989	an-ang,s-sh,h-f	1
太空服	tài kōng fú	46992	ai-ei,h-f	1
太平门	tài píng mén	46993	en-eng,in-ing,ai-ei	1
体检表	tǐ jiǎn biǎo	46996	ian-iang,j-q-x	1
挖墙脚	wā qiáng jiǎo	47008	ian-iang,j-q-x	1
外姓人	wài xìng rén	47009	en-eng,in-ing,ai-ei,r-l,j-q-x	1
文抄公	wén chāo gōng	47014	en-eng,ao-ou,c-ch	1
五官科	wǔ guān kē	47016	uan-uang	1
橡皮筏	xiàng pí fá	47027	ian-iang,h-f,j-q-x	1
形象性	xíng xiàng xìng	47030	in-ing,ian-iang,j-q-x	1
修订版	xiū dìng bǎn	47032	in-ing,an-ang,j-q-x	1
雪里蕻	xuě lǐ hóng	47038	n-l,h-f,r-l,j-q-x	3
烟幕弹	yān mù dàn	47042	an-ang	1
掩蔽部	yǎn bì bù	47045	an-ang	1
供应链	gōng yìng liàn	47058	in-ing,ian-iang,n-l,r-l	1
玉米螟	yù mǐ míng	47065	in-ing	3
圆领衫	yuán lǐng shān	47066	in-ing,an-ang,uan-uang,s-sh,n-l,r-l	1
韵律操	yùn lǜ cāo	47067	ao-ou,c-ch,n-l,r-l	1
藏红花	zàng hóng huā	47069	an-ang,ua-uo,z-zh,h-f	1
枕边风	zhěn biān fēng	47079	en-eng,ian-iang,z-zh,h-f	1
直接税	zhí jiē shuì	47082	ia-ie,z-zh,s-sh,j-q-x	1
直通通	zhí tōng tōng	47083	z-zh	1
周转房	zhōu zhuǎn fáng	47088	an-ang,uan-uang,ao-ou,z-zh,h-f	1
祝酒词	zhù jiǔ cí	47089	z-zh,c-ch,j-q-x	1
装饰布	zhuāng shì bù	47091	uan-uang,z-zh,s-sh	1
紫穗槐	zǐ suì huái	47094	z-zh,s-sh,h-f	1
抱团儿	bào tuán er	47105	uan-uang,ao-ou	1
不干胶	bù gān jiāo	47117	an-ang,j-q-x	1
彩墨画	cǎi mò huà	47119	ai-ei,ua-uo,c-ch,h-f	1
长方体	cháng fāng tǐ	47124	an-ang,c-ch,h-f	1
长毛绒	cháng máo róng	47125	an-ang,ao-ou,c-ch,r-l	1
出生证	chū shēng zhèng	47136	en-eng,z-zh,c-ch,s-sh	1
大礼拜	dà lǐ bài	47142	ai-ei,n-l,r-l	1
大屋顶	dà wū dǐng	47143	in-ing	1
蛋炒饭	dàn chǎo fàn	47147	an-ang,ao-ou,c-ch,h-f	1
低能儿	dī néng ér	47152	en-eng,n-l	1
二五眼	èr wǔ yǎn	47162	an-ang	1
发洋财	fā yáng cái	47163	an-ang,ai-ei,c-ch,h-f	1
凡士林	fán shì lín	47164	in-ing,an-ang,s-sh,n-l,h-f,r-l	1
古体诗	gǔ tǐ shī	47178	s-sh	1
好身手	hǎo shēn shǒu	47189	en-eng,ao-ou,s-sh,h-f	1
黑死病	hēi sǐ bìng	47192	in-ing,ai-ei,s-sh,h-f	1
呼啦圈	hū lā quān	47197	uan-uang,n-l,h-f,r-l,j-q-x	1
黄泛区	huáng fàn qū	47204	an-ang,uan-uang,h-f,j-q-x	1
茴香豆	huí xiāng dòu	47206	ian-iang,ao-ou,h-f,j-q-x	3
火花塞	huǒ huā sāi	47210	ai-ei,ua-uo,s-sh,h-f	1
火头军	huǒ tóu jūn	47211	ao-ou,ua-uo,h-f,j-q-x	1
机关炮	jī guān pào	47213	uan-uang,ao-ou,j-q-x	1
家天下	jiā tiān xià	47217	ian-iang,ia-ie,j-q-x	1
卡宾枪	kǎ bīn qiāng	47234	in-ing,ian-iang,j-q-x	1
可视性	kě shì xìng	47237	in-ing,s-sh,j-q-x	1
老虎钳	lǎo hǔ qián	47248	ian-iang,ao-ou,n-l,h-f,r-l,j-q-x	1
立方体	lì fāng tǐ	47252	an-ang,n-l,h-f,r-l	1
两点论	liǎng diǎn lùn	47255	ian-iang,n-l,r-l	1
淋浴器	lín yù qì	47256	in-ing,n-l,r-l,j-q-x	1
六边形	liù biān xíng	47259	in-ing,ian-iang,n-l,r-l,j-q-x	1
孪生子	luán shēng zǐ	47263	en-eng,uan-uang,z-zh,s-sh,n-l,r-l	3
落俗套	luò sú tào	47264	ao-ou,ua-uo,s-sh,n-l,r-l	1
帽盔儿	mào kuī er	47269	ao-ou	1
妙招儿	miào zhāo er	47274	ao-ou,z-zh	1
闹乱子	nào luàn zi	47279	uan-uang,ao-ou,z-zh,n-l,r-l	1
尼龙袋	ní lóng dài	47280	ai-ei,n-l,r-l	1
铅笔画	qiān bǐ huà	47298	ian-iang,ua-uo,h-f,j-q-x	1
热加工	rè jiā gōng	47307	ia-ie,r-l,j-q-x	1
丧门星	sāng mén xīng	47314	en-eng,in-ing,an-ang,s-sh,j-q-x	1
十字镐	shí zì gǎo	47321	ao-ou,z-zh,s-sh	1
手提式	shǒu tí shì	47323	ao-ou,s-sh	1
双学位	shuāng xué wèi	47330	uan-uang,ai-ei,s-sh,j-q-x	1
水蛇腰	shuǐ shé yāo	47331	ao-ou,s-sh	1
顺时针	shùn shí zhēn	47332	en-eng,z-zh,s-sh	1
松紧带	sōng jǐn dài	47333	in-ing,ai-ei,s-sh,j-q-x	1
速生林	sù shēng lín	47335	en-eng,in-ing,s-sh,n-l,r-l	1
缩略语	suō lüè yǔ	47336	ua-uo,s-sh,n-l,r-l	1
太阳帽	tài yáng mào	47341	an-ang,ai-ei,ao-ou	1
弹簧钢	tán huáng gāng	47343	an-ang,uan-uang,h-f	1
铜版画	tóng bǎn huà	47348	an-ang,ua-uo,h-f	1
玩花样	wán huā yàng	47354	an-ang,ua-uo,h-f	1
涡轮机	wō lún jī	47359	n-l,r-l,j-q-x	1
五子棋	wǔ zǐ qí	47361	z-zh,j-q-x	1
戏曲片	xì qǔ piàn	47364	ian-iang,j-q-x	1
纤维瘤	xiān wéi liú	47366	ian-iang,ai-ei,n-l,r-l,j-q-x	1
咸水湖	xián shuǐ hú	47367	ian-iang,s-sh,h-f,j-q-x	1
现世报	xiàn shì bào	47368	ian-iang,ao-ou,s-sh,j-q-x	1
小年轻	xiǎo nián qīng	47373	in-ing,ian-iang,n-l,j-q-x	1
笑面虎	xiào miàn hǔ	47374	ian-iang,h-f,j-q-x	1
泄洪道	xiè hóng dào	47375	ao-ou,ia-ie,h-f,j-q-x	1
鸭嘴兽	yā zuǐ shòu	47385	ao-ou,z-zh,s-sh	1
译制片	yì zhì piàn	47397	ian-iang,z-zh	1
油罐车	yóu guàn chē	47401	uan-uang,ao-ou,c-ch	1
语言关	yǔ yán guān	47404	an-ang,uan-uang	1
摘桃子	zhāi táo zi	47408	ai-ei,ao-ou,z-zh	1
职业装	zhí yè zhuāng	47416	uan-uang,z-zh	1
指北针	zhǐ běi zhēn	47417	en-eng,ai-ei,z-zh	1
装配工	zhuāng pèi gōng	47422	uan-uang,ai-ei,z-zh	1
走调儿	zǒu diào er	47429	ao-ou,z-zh	1
半吊子	bàn diào zi	47436	an-ang,z-zh	1
壁上观	bì shàng guān	47443	an-ang,uan-uang,s-sh	1
唱红脸	chàng hóng liǎn	47457	an-ang,ian-iang,c-ch,n-l,h-f,r-l	1
吃白食	chī bái shí	47461	ai-ei,c-ch,s-sh	1
答辩会	dá biàn huì	47476	ian-iang,h-f	1
大路菜	dà lù cài	47481	ai-ei,c-ch,n-l,r-l	1
挡车工	dǎng chē gōng	47483	an-ang,c-ch	1
低血压	dī xuè yā	47484	j-q-x	1
店小二	diàn xiǎo èr	47493	ian-iang,j-q-x	1
儿皇帝	ér huáng dì	47499	uan-uang,h-f	1
仿生学	fǎng shēng xué	47504	en-eng,an-ang,s-sh,h-f,j-q-x	1
放空炮	fàng kōng pào	47505	an-ang,ao-ou,h-f	1
放冷箭	fàng lěng jiàn	47506	en-eng,an-ang,ian-iang,n-l,h-f,r-l,j-q-x	1
份儿饭	fèn er fàn	47508	en-eng,an-ang,h-f	1
福音书	fú yīn shū	47510	in-ing,s-sh,h-f	1
赶潮流	gǎn cháo liú	47514	an-ang,ao-ou,c-ch,n-l,r-l	1
黑啤酒	hēi pí jiǔ	47537	ai-ei,h-f,j-q-x	1
后备役	hòu bèi yì	47540	ai-ei,ao-ou,h-f	1
虎着脸	hǔ zhe liǎn	47542	ian-iang,z-zh,n-l,h-f,r-l	1
黄连素	huáng lián sù	47545	ian-iang,uan-uang,s-sh,n-l,h-f,r-l	1
活靶子	huó bǎ zi	47549	ua-uo,z-zh,h-f	1
活报剧	huó bào jù	47550	ao-ou,ua-uo,h-f,j-q-x	1
火药库	huǒ yào kù	47552	ao-ou,ua-uo,h-f	1
集中制	jí zhōng zhì	47558	z-zh,j-q-x	1
降半旗	jiàng bàn qí	47565	an-ang,ian-iang,j-q-x	1
禁得起	jīn de qǐ	47569	in-ing,j-q-x	1
警匪片	jǐng fěi piàn	47571	in-ing,ian-iang,ai-ei,h-f,j-q-x	1
喇叭筒	lǎ ba tǒng	47580	n-l,r-l	1
累进税	lěi jìn shuì	47583	in-ing,ai-ei,s-sh,n-l,r-l,j-q-x	1
冷藏库	lěng cáng kù	47584	en-eng,an-ang,c-ch,n-l,r-l	1
灵芝草	líng zhī cǎo	47592	in-ing,ao-ou,z-zh,c-ch,n-l,r-l	1
驴肝肺	lǘ gān fèi	47596	an-ang,ai-ei,n-l,h-f,r-l	1
马后炮	mǎ hòu pào	47598	ao-ou,h-f	1
内出血	nèi chū xuè	47616	ai-ei,c-ch,n-l,j-q-x	1
汽油弹	qì yóu dàn	47631	an-ang,ao-ou,j-q-x	1
牵线人	qiān xiàn rén	47632	en-eng,ian-iang,r-l,j-q-x	1
人头税	rén tóu shuì	47648	en-eng,ao-ou,s-sh,r-l	1
三原色	sān yuán sè	47653	an-ang,uan-uang,s-sh	1
山毛榉	shān máo jǔ	47658	an-ang,ao-ou,s-sh,j-q-x	3
耍把戏	shuǎ bǎ xì	47671	ua-uo,s-sh,j-q-x	1
水晶石	shuǐ jīng shí	47674	in-ing,s-sh,j-q-x	1
水暖工	shuǐ nuǎn gōng	47676	uan-uang,s-sh,n-l	1
思考题	sī kǎo tí	47681	ao-ou,s-sh	1
轧马路	yà mǎ lù	47698	n-l,r-l	1
万户侯	wàn hù hóu	47703	an-ang,ao-ou,h-f	1
卫道士	wèi dào shì	47707	ai-ei,ao-ou,s-sh	1
亮红灯	liàng hóng dēng	47714	en-eng,ian-iang,n-l,h-f,r-l	1
小报告	xiǎo bào gào	47722	ao-ou,j-q-x	1
八宝箱	bā bǎo xiāng	47726	ian-iang,ao-ou,j-q-x	1
学究气	xué jiū qì	47736	j-q-x	1
油乎乎	yóu hū hū	47756	ao-ou,h-f	1
有门儿	yǒu mén er	47757	en-eng,ao-ou	1
预决算	yù jué suàn	47758	uan-uang,s-sh,j-q-x	1
脏活儿	zāng huó er	47763	an-ang,ua-uo,z-zh,h-f	1
脂肪瘤	zhī fáng liú	47771	an-ang,z-zh,n-l,h-f,r-l	1
掷弹筒	zhì dàn tǒng	47773	an-ang,z-zh	1
珠宝商	zhū bǎo shāng	47777	an-ang,ao-ou,z-zh,s-sh	1
自己人	zì jǐ rén	47782	en-eng,z-zh,r-l,j-q-x	1
字母表	zì mǔ biǎo	47783	z-zh	1
坐班房	zuò bān fáng	47787	an-ang,ua-uo,z-zh,h-f	1
暗扣儿	àn kòu er	47788	an-ang,ao-ou	1
比翼鸟	bǐ yì niǎo	47799	n-l	1
笔底下	bǐ dǐ xia	47800	ia-ie,j-q-x	1
不等式	bù děng shì	47806	en-eng,s-sh	1
草字头	cǎo zì tóu	47811	ao-ou,z-zh,c-ch	1
插班生	chā bān shēng	47815	en-eng,an-ang,c-ch,s-sh	1
吃干饭	chī gān fàn	47823	an-ang,c-ch,h-f	1
穿甲弹	chuān jiǎ dàn	47830	an-ang,uan-uang,ia-ie,c-ch,j-q-x	1
打卤面	dǎ lǔ miàn	47837	ian-iang,n-l,r-l	1
打埋伏	dǎ mái fu	47838	ai-ei,h-f	1
打气筒	dǎ qì tǒng	47839	j-q-x	1
大面儿	dà miàn er	47840	ian-iang	1
单元楼	dān yuán lóu	47843	an-ang,uan-uang,ao-ou,n-l,r-l	1
地窨子	dì yìn zi	47849	in-ing,z-zh	3
电唱机	diàn chàng jī	47851	an-ang,ian-iang,c-ch,j-q-x	1
鹅毛扇	é máo shàn	47865	an-ang,ao-ou,s-sh	1
耳报神	ěr bào shén	47866	en-eng,ao-ou,s-sh	1
二花脸	èr huā liǎn	47867	ian-iang,ua-uo,n-l,h-f,r-l	1
翻斗车	fān dǒu chē	47868	an-ang,ao-ou,c-ch,h-f	1
返销粮	fǎn xiāo liáng	47873	an-ang,ian-iang,n-l,h-f,r-l,j-q-x	1
复印纸	fù yìn zhǐ	47878	in-ing,z-zh,h-f	1
副伤寒	fù shāng hán	47879	an-ang,s-sh,h-f	1
赶浪头	gǎn làng tou	47881	an-ang,ao-ou,n-l,r-l	1
赶先进	gǎn xiān jìn	47882	in-ing,an-ang,ian-iang,j-q-x	1
高丽参	gāo lí cān	47884	an-ang,ao-ou,c-ch,n-l,r-l	1
雇佣兵	gù yōng bīng	47893	in-ing	1
海洋权	hǎi yáng quán	47902	an-ang,uan-uang,ai-ei,h-f,j-q-x	1
灰沉沉	huī chén chén	47927	en-eng,c-ch,h-f	1
会道门	huì dào mén	47928	en-eng,ao-ou,h-f	1
活地图	huó dì tú	47930	ua-uo,h-f	1
挤牙膏	jǐ yá gāo	47932	ao-ou,j-q-x	1
开快车	kāi kuài chē	47946	ai-ei,c-ch	1
猎潜艇	liè qián tǐng	47960	in-ing,ian-iang,ia-ie,n-l,r-l,j-q-x	1
骆驼刺	luò tuo cì	47968	ua-uo,c-ch,n-l,r-l	1
马粪纸	mǎ fèn zhǐ	47969	en-eng,z-zh,h-f	1
没的说	méi de shuō	47972	ai-ei,ua-uo,s-sh	1
玫瑰紫	méi gui zǐ	47973	ai-ei,z-zh	1
灭火剂	miè huǒ jì	47978	ia-ie,ua-uo,h-f,j-q-x	1
融媒体	róng méi tǐ	47981	ai-ei,r-l	1
柠檬汁	níng méng zhī	47990	en-eng,in-ing,z-zh,n-l	1
牛脖子	niú bó zi	47991	z-zh,n-l	1
赔钱货	péi qián huò	47995	ian-iang,ai-ei,ua-uo,h-f,j-q-x	1
片儿警	piàn er jǐng	47998	in-ing,ian-iang,j-q-x	1
签字笔	qiān zì bǐ	48008	ian-iang,z-zh,j-q-x	1
三角板	sān jiǎo bǎn	48022	an-ang,s-sh,j-q-x	1
爽身粉	shuǎng shēn fěn	48040	en-eng,uan-uang,s-sh,h-f	1
套头衫	tào tóu shān	48048	an-ang,ao-ou,s-sh	1
铁脚板	tiě jiǎo bǎn	48053	an-ang,ia-ie,j-q-x	1
秃尾巴	tū wěi ba	48057	ai-ei	1
土疙瘩	tǔ gē da	48058		1
外来词	wài lái cí	48060	ai-ei,c-ch,n-l,r-l	1
万事通	wàn shì tōng	48063	an-ang,s-sh	1
无影灯	wú yǐng dēng	48068	en-eng,in-ing	1
线装本	xiàn zhuāng běn	48076	en-eng,ian-iang,uan-uang,z-zh,j-q-x	1
销售处	xiāo shòu chǔ	48077	ao-ou,c-ch,s-sh,j-q-x	1
新闻片	xīn wén piàn	48082	en-eng,in-ing,ian-iang,j-q-x	1
信皮儿	xìn pí er	48083	in-ing,j-q-x	1
演绎法	yǎn yì fǎ	48100	an-ang,h-f	1
叶子烟	yè zi yān	48105	an-ang,z-zh	1
夜游神	yè yóu shén	48106	en-eng,ao-ou,s-sh	1
一米线	yī mǐ xiàn	48108	ian-iang,j-q-x	1
一年生	yī nián shēng	48109	en-eng,ian-iang,s-sh,n-l	1
音乐片	yīn yuè piàn	48115	in-ing,ian-iang	1
针线包	zhēn xiàn bāo	48138	en-eng,ian-iang,ao-ou,z-zh,j-q-x	1
侄女婿	zhí nǚ xu	48141	z-zh,n-l,j-q-x	1
侄孙女	zhí sūn nǚ	48142	z-zh,s-sh,n-l	1
准信儿	zhǔn xìn er	48156	in-ing,z-zh,j-q-x	1
百分数	bǎi fēn shù	48165	en-eng,ai-ei,s-sh,h-f	1
百事通	bǎi shì tōng	48166	ai-ei,s-sh	1
炒肝儿	chǎo gān er	48187	an-ang,ao-ou,c-ch	1
成品粮	chéng pǐn liáng	48190	en-eng,in-ing,ian-iang,c-ch,n-l,r-l	1
逞威风	chěng wēi fēng	48192	en-eng,ai-ei,c-ch,h-f	1
打棍子	dǎ gùn zi	48208	z-zh	1
单干户	dān gàn hù	48212	an-ang,h-f	1
刀子嘴	dāo zǐ zuǐ	48214	ao-ou,z-zh	1
电烤炉	diàn kǎo lú	48222	ian-iang,ao-ou,n-l,r-l	1
豆腐乳	dòu fu rǔ	48227	ao-ou,h-f,r-l	1
分离器	fēn lí qì	48241	en-eng,n-l,h-f,r-l,j-q-x	1
妇女病	fù nǚ bìng	48251	in-ing,n-l,h-f	1
观察室	guān chá shì	48266	uan-uang,c-ch,s-sh	1
鬼名堂	guǐ míng tang	48271	in-ing,an-ang	1
黑白片	hēi bái piàn	48279	ian-iang,ai-ei,h-f	1
红蜘蛛	hóng zhī zhū	48282	z-zh,h-f	1
花把式	huā bǎ shi	48286	ua-uo,s-sh,h-f	1
交战国	jiāo zhàn guó	48300	an-ang,ua-uo,z-zh,j-q-x	1
教唆犯	jiào suō fàn	48302	an-ang,ua-uo,s-sh,h-f,j-q-x	1
救生员	jiù shēng yuán	48306	en-eng,uan-uang,s-sh,j-q-x	1
克山病	kè shān bìng	48311	in-ing,an-ang,s-sh	1
空调病	kōng tiáo bìng	48313	in-ing	1
哭丧棒	kū sāng bàng	48315	an-ang,s-sh	1
老花眼	lǎo huā yǎn	48322	an-ang,ao-ou,ua-uo,n-l,h-f,r-l	1
老眼光	lǎo yǎn guāng	48323	an-ang,uan-uang,ao-ou,n-l,r-l	1
冷藏箱	lěng cáng xiāng	48324	en-eng,an-ang,ian-iang,c-ch,n-l,r-l,j-q-x	1
羚羊角	líng yáng jiǎo	48329	in-ing,an-ang,n-l,r-l,j-q-x	1
留后路	liú hòu lù	48331	ao-ou,n-l,h-f,r-l	1
龙须菜	lóng xū cài	48335	ai-ei,c-ch,n-l,r-l,j-q-x	1
猛劲儿	měng jìn er	48343	en-eng,in-ing,j-q-x	1
赔笑脸	péi xiào liǎn	48360	ian-iang,ai-ei,n-l,r-l,j-q-x	1
平底锅	píng dǐ guō	48368	in-ing,ua-uo	1
儒释道	rú shì dào	48388	ao-ou,s-sh,r-l	1
傻愣愣	shǎ lèng lèng	48392	en-eng,s-sh,n-l,r-l	1
守本分	shǒu běn fèn	48404	en-eng,ao-ou,s-sh,h-f	1
甩包袱	shuǎi bāo fu	48405	ao-ou,s-sh,h-f	1
说明文	shuō míng wén	48406	en-eng,in-ing,ua-uo,s-sh	1
送话器	sòng huà qì	48410	ua-uo,s-sh,h-f,j-q-x	1
太白星	tài bái xīng	48417	in-ing,ai-ei,j-q-x	1
菟丝子	tù sī zǐ	48426	z-zh,s-sh	3
推荐书	tuī jiàn shū	48427	ian-iang,s-sh,j-q-x	1
无用功	wú yòng gōng	48432		1
五更天	wǔ gēng tiān	48433	en-eng,ian-iang	1
嬉皮士	xī pí shì	48434	s-sh,j-q-x	3
仙客来	xiān kè lái	48439	ian-iang,ai-ei,n-l,r-l,j-q-x	1
现行犯	xiàn xíng fàn	48444	in-ing,an-ang,ian-iang,h-f,j-q-x	1
象形字	xiàng xíng zì	48447	in-ing,ian-iang,z-zh,j-q-x	1
小炉匠	xiǎo lú jiàng	48449	ian-iang,n-l,r-l,j-q-x	1
行方便	xíng fāng bian	48455	in-ing,an-ang,ian-iang,h-f,j-q-x	1
凶巴巴	xiōng bā bā	48456	j-q-x	1
血统论	xuè tǒng lùn	48464	n-l,r-l,j-q-x	1
羊毛毯	yáng máo tǎn	48469	an-ang,ao-ou	1
一风吹	yī fēng chuī	48473	en-eng,c-ch,h-f	1
疑心病	yí xīn bìng	48476	in-ing,j-q-x	1
油豆腐	yóu dòu fu	48482	ao-ou,h-f	1
幼稚病	yòu zhì bìng	48484	in-ing,ao-ou,z-zh	1
榆叶梅	yú yè méi	48485	ai-ei	1
樟脑丸	zhāng nǎo wán	48496	an-ang,ao-ou,z-zh,n-l	1
找婆家	zhǎo pó jia	48500	ao-ou,ia-ie,z-zh,j-q-x	1
照排机	zhào pái jī	48501	ai-ei,ao-ou,z-zh,j-q-x	1
照相簿	zhào xiàng bù	48502	ian-iang,ao-ou,z-zh,j-q-x	1
争上游	zhēng shàng yóu	48505	en-eng,an-ang,ao-ou,z-zh,s-sh	1
正比例	zhèng bǐ lì	48507	en-eng,z-zh,n-l,r-l	1
轴承钢	zhóu chéng gāng	48512	en-eng,an-ang,ao-ou,z-zh,c-ch	1
抓辫子	zhuā biàn zi	48515	ian-iang,ua-uo,z-zh	1
传记片	zhuàn jì piàn	48517	ian-iang,uan-uang,z-zh,j-q-x	1
阿昌族	ā chāng zú	48525	an-ang,z-zh,c-ch	1
八角帽	bā jiǎo mào	48527	ao-ou,j-q-x	1
白玩儿	bái wán er	48530	an-ang,ai-ei	1
半中间	bàn zhōng jiān	48534	an-ang,ian-iang,z-zh,j-q-x	1
绊马索	bàn mǎ suǒ	48536	an-ang,ua-uo,s-sh	1
不肖子	bù xiào zǐ	48546	z-zh,j-q-x	1
草头王	cǎo tóu wáng	48554	an-ang,ao-ou,c-ch	1
潮乎乎	cháo hū hū	48561	ao-ou,c-ch,h-f	1
吃白饭	chī bái fàn	48565	an-ang,ai-ei,c-ch,h-f	1
吃现成	chī xiàn chéng	48566	en-eng,ian-iang,c-ch,j-q-x	1
出门子	chū mén zi	48574	en-eng,z-zh,c-ch	1
初级社	chū jí shè	48575	c-ch,s-sh,j-q-x	1
打板子	dǎ bǎn zi	48585	an-ang,z-zh	1
大丽花	dà lì huā	48586	ua-uo,n-l,h-f,r-l	1
道林纸	dào lín zhǐ	48589	in-ing,ao-ou,z-zh,n-l,r-l	1
地板革	dì bǎn gé	48594	an-ang	1
地方话	dì fāng huà	48596	an-ang,ua-uo,h-f	1
地老虎	dì lǎo hǔ	48597	ao-ou,n-l,h-f,r-l	1
电火锅	diàn huǒ guō	48598	ian-iang,ua-uo,h-f	1
电警棍	diàn jǐng gùn	48599	in-ing,ian-iang,j-q-x	1
电熨斗	diàn yùn dǒu	48600	ian-iang,ao-ou	3
吊胃口	diào wèi kǒu	48603	ai-ei,ao-ou	1
兜生意	dōu shēng yi	48605	en-eng,ao-ou,s-sh	1
抖包袱	dǒu bāo fu	48606	ao-ou,h-f	1
防水层	fáng shuǐ céng	48617	en-eng,an-ang,c-ch,s-sh,h-f	1
隔离墩	gé lí dūn	48631	n-l,r-l	1
跟屁虫	gēn pì chóng	48632	en-eng,c-ch	1
工程车	gōng chéng chē	48633	en-eng,c-ch	1
观察哨	guān chá shào	48638	uan-uang,ao-ou,c-ch,s-sh	1
鬼精灵	guǐ jīng líng	48641	in-ing,n-l,r-l,j-q-x	1
海蛎子	hǎi lì zi	48644	ai-ei,z-zh,n-l,h-f,r-l	3
合成革	hé chéng gé	48651	en-eng,c-ch,h-f	1
喝倒彩	hè dào cǎi	48654	ai-ei,ao-ou,c-ch,h-f	1
红小豆	hóng xiǎo dòu	48657	ao-ou,h-f,j-q-x	1
花纱布	huā shā bù	48662	ua-uo,s-sh,h-f	1
回归热	huí guī rè	48667	h-f,r-l	1
火把节	huǒ bǎ jié	48670	ia-ie,ua-uo,h-f,j-q-x	1
火化场	huǒ huà chǎng	48671	an-ang,ua-uo,c-ch,h-f	1
基围虾	jī wéi xiā	48674	ai-ei,ia-ie,j-q-x	1
急救包	jí jiù bāo	48676	ao-ou,j-q-x	1
急就章	jí jiù zhāng	48677	an-ang,z-zh,j-q-x	1
集体户	jí tǐ hù	48678	h-f,j-q-x	1
架得住	jià de zhù	48682	ia-ie,z-zh,j-q-x	1
进军号	jìn jūn hào	48689	in-ing,ao-ou,h-f,j-q-x	1
开拓型	kāi tuò xíng	48697	in-ing,ai-ei,ua-uo,j-q-x	1
开心果	kāi xīn guǒ	48698	in-ing,ai-ei,ua-uo,j-q-x	1
康拜因	kāng bài yīn	48701	in-ing,an-ang,ai-ei	1
客里空	kè lǐ kōng	48703	n-l,r-l	1
空手道	kōng shǒu dào	48706	ao-ou,s-sh	1
孔雀蓝	kǒng què lán	48707	an-ang,n-l,r-l,j-q-x	1
口水战	kǒu shuǐ zhàn	48710	an-ang,ao-ou,z-zh,s-sh	1
兰花指	lán huā zhǐ	48718	an-ang,ua-uo,z-zh,n-l,h-f,r-l	1
捞油水	lāo yóu shui	48720	ao-ou,s-sh,n-l,r-l	1
冷藏室	lěng cáng shì	48723	en-eng,an-ang,c-ch,s-sh,n-l,r-l	1
抹稀泥	mǒ xī ní	48749	n-l,j-q-x	1
配电网	pèi diàn wǎng	48761	an-ang,ian-iang,ai-ei	1
碰碰车	pèng peng chē	48762	en-eng,c-ch	1
霹雳舞	pī lì wǔ	48764	n-l,r-l	1
平方尺	píng fāng chǐ	48767	in-ing,an-ang,c-ch,h-f	1
清洁车	qīng jié chē	48774	in-ing,ia-ie,c-ch,j-q-x	1
绕远儿	rào yuǎn er	48780	uan-uang,ao-ou,r-l	1
三八式	sān bā shì	48784	an-ang,s-sh	1
桑拿浴	sāng ná yù	48785	an-ang,s-sh,n-l	1
生死簿	shēng sǐ bù	48793	en-eng,s-sh	1
使绊儿	shǐ bàn er	48799	an-ang,s-sh	1
屎壳郎	shǐ ke láng	48800	an-ang,s-sh,n-l,r-l	1
守摊子	shǒu tān zi	48803	an-ang,ao-ou,z-zh,s-sh	1
鼠标器	shǔ biāo qì	48807	s-sh,j-q-x	1
死劲儿	sǐ jìn er	48813	in-ing,s-sh,j-q-x	1
太阳灶	tài yáng zào	48817	an-ang,ai-ei,ao-ou,z-zh	1
讨便宜	tǎo pián yi	48820	ian-iang,ao-ou	1
挑战书	tiǎo zhàn shū	48824	an-ang,z-zh,s-sh	1
通心粉	tōng xīn fěn	48826	en-eng,in-ing,h-f,j-q-x	1
文件名	wén jiàn míng	48832	en-eng,in-ing,ian-iang,j-q-x	1
弦乐器	xián yuè qì	48840	ian-iang,j-q-x	1
小步舞	xiǎo bù wǔ	48847	j-q-x	1
小淘气	xiǎo táo qì	48849	ao-ou,j-q-x	1
夜视仪	yè shì yí	48868	s-sh	1
一锅煮	yī guō zhǔ	48869	ua-uo,z-zh	1
一路货	yī lù huò	48870	ua-uo,n-l,h-f,r-l	1
园艺师	yuán yì shī	48884	uan-uang,s-sh	1
运输舰	yùn shū jiàn	48887	ian-iang,s-sh,j-q-x	1
针鼻儿	zhēn bí er	48894	en-eng,z-zh	1
正当中	zhèng dāng zhōng	48897	en-eng,an-ang,z-zh	1
直性子	zhí xìng zi	48902	in-ing,z-zh,j-q-x	1
种子队	zhǒng zi duì	48906	z-zh	1
重点校	zhòng diǎn xiào	48907	ian-iang,z-zh,j-q-x	1
重晶石	zhòng jīng shí	48908	in-ing,z-zh,s-sh,j-q-x	1
爆破筒	bào pò tǒng	48926	ao-ou	1
自贸区	zì mào qū	48943	ao-ou,z-zh,j-q-x	1
草底儿	cǎo dǐ er	48947	ao-ou,c-ch	1
炒冷饭	chǎo lěng fàn	48950	en-eng,an-ang,ao-ou,c-ch,n-l,h-f,r-l	1
吃大户	chī dà hù	48955	c-ch,h-f	1
抽油机	chōu yóu jī	48964	ao-ou,c-ch,j-q-x	1
穿堂风	chuān táng fēng	48971	en-eng,an-ang,uan-uang,c-ch,h-f	1
打先锋	dǎ xiān fēng	48983	en-eng,ian-iang,h-f,j-q-x	1
大脑炎	dà nǎo yán	48985	an-ang,ao-ou,n-l	1
当间儿	dāng jiàn er	48986	an-ang,ian-iang,j-q-x	1
低纬度	dī wěi dù	48990	ai-ei	1
电吹风	diàn chuī fēng	48995	en-eng,ian-iang,c-ch,h-f	1
电焊机	diàn hàn jī	48996	an-ang,ian-iang,h-f,j-q-x	1
电暖器	diàn nuǎn qì	48997	ian-iang,uan-uang,n-l,j-q-x	1
掉书袋	diào shū dài	49000	ai-ei,s-sh	1
丁字形	dīng zì xíng	49001	in-ing,z-zh,j-q-x	1
定时器	dìng shí qì	49002	in-ing,s-sh,j-q-x	1
二手烟	èr shǒu yān	49016	an-ang,ao-ou,s-sh	1
防盗锁	fáng dào suǒ	49018	an-ang,ao-ou,ua-uo,s-sh,h-f	1
分镜头	fēn jìng tóu	49024	en-eng,in-ing,ao-ou,h-f,j-q-x	1
风雨衣	fēng yǔ yī	49026	en-eng,h-f	1
扶上马	fú shàng mǎ	49028	an-ang,s-sh,h-f	1
伽马刀	gā mǎ dāo	49030	ao-ou	3
哥老会	gē lǎo huì	49035	ao-ou,n-l,h-f,r-l	1
够交情	gòu jiāo qing	49042	in-ing,ao-ou,j-q-x	1
官能症	guān néng zhèng	49044	en-eng,uan-uang,z-zh,n-l	1
含羞草	hán xiū cǎo	49052	an-ang,ao-ou,c-ch,h-f,j-q-x	1
核讹诈	hé é zhà	49057	z-zh,h-f	1
黑溜溜	hēi liū liū	49059	ai-ei,n-l,h-f,r-l	1
黑窝点	hēi wō diǎn	49060	ian-iang,ai-ei,h-f	1
黑种人	hēi zhǒng rén	49061	en-eng,ai-ei,z-zh,h-f,r-l	1
红领章	hóng lǐng zhāng	49063	in-ing,an-ang,z-zh,n-l,h-f,r-l	1
红模子	hóng mú zi	49064	z-zh,h-f	1
回锅肉	huí guō ròu	49073	ao-ou,ua-uo,h-f,r-l	1
活字典	huó zì diǎn	49076	ian-iang,ua-uo,z-zh,h-f	1
急性病	jí xìng bìng	49080	in-ing,j-q-x	1
记叙文	jì xù wén	49082	en-eng,j-q-x	1
寄宿制	jì sù zhì	49084	z-zh,s-sh,j-q-x	1
监控器	jiān kòng qì	49089	ian-iang,j-q-x	1
居住证	jū zhù zhèng	49105	en-eng,z-zh,j-q-x	1
看家狗	kān jiā gǒu	49109	an-ang,ao-ou,ia-ie,j-q-x	1
老年斑	lǎo nián bān	49117	an-ang,ian-iang,ao-ou,n-l,r-l	1
里程表	lǐ chéng biǎo	49118	en-eng,c-ch,n-l,r-l	1
炼焦炉	liàn jiāo lú	49124	ian-iang,n-l,r-l,j-q-x	1
流量计	liú liàng jì	49127	ian-iang,n-l,r-l,j-q-x	1
螺丝帽	luó sī mào	49131	ao-ou,ua-uo,s-sh,n-l,r-l	1
马蹄铁	mǎ tí tiě	49133	ia-ie	1
木糖醇	mù táng chún	49144	an-ang,c-ch	1
难说话	nán shuō huà	49147	an-ang,ua-uo,s-sh,n-l,h-f	1
内掌柜	nèi zhǎng guì	49148	an-ang,ai-ei,z-zh,n-l	1
黏合剂	nián hé jì	49151	ian-iang,n-l,h-f,j-q-x	3
尿失禁	niào shī jìn	49152	in-ing,s-sh,n-l,j-q-x	1
农业化	nóng yè huà	49154	ua-uo,n-l,h-f	1
跑生意	pǎo shēng yi	49157	en-eng,ao-ou,s-sh	1
跑堂儿	pǎo táng er	49158	an-ang,ao-ou	1
漂白剂	piǎo bái jì	49164	ai-ei,j-q-x	1
妻管严	qī guǎn yán	49167	an-ang,uan-uang,j-q-x	1
强行军	qiáng xíng jūn	49171	in-ing,ian-iang,j-q-x	1
轻活儿	qīng huó er	49172	in-ing,ua-uo,h-f,j-q-x	1
穷骨头	qióng gǔ tou	49176	ao-ou,j-q-x	1
绕弯儿	rào wān er	49182	an-ang,ao-ou,r-l	1
日记账	rì jì zhàng	49186	an-ang,z-zh,r-l,j-q-x	1
软骨病	ruǎn gǔ bìng	49193	in-ing,uan-uang,r-l	1
闪电战	shǎn diàn zhàn	49196	an-ang,ian-iang,z-zh,s-sh	1
扇面儿	shàn miàn er	49197	an-ang,ian-iang,s-sh	1
上半月	shàng bàn yuè	49198	an-ang,s-sh	1
圣诞卡	shèng dàn kǎ	49204	en-eng,an-ang,s-sh	1
缩印本	suō yìn běn	49216	en-eng,in-ing,ua-uo,s-sh	1
天竺葵	tiān zhú kuí	49223	ian-iang,z-zh	3
跳楼价	tiào lóu jià	49226	ao-ou,ia-ie,n-l,r-l,j-q-x	1
问答题	wèn dá tí	49249	en-eng	1
五花肉	wǔ huā ròu	49252	ao-ou,ua-uo,h-f,r-l	1
象脚鼓	xiàng jiǎo gǔ	49259	ian-iang,j-q-x	1
橡皮泥	xiàng pí ní	49260	ian-iang,n-l,j-q-x	1
小刀会	xiǎo dāo huì	49263	ao-ou,h-f,j-q-x	1
雄黄酒	xióng huáng jiǔ	49268	uan-uang,h-f,j-q-x	1
鸭绒被	yā róng bèi	49280	ai-ei,r-l	1
胭脂红	yān zhi hóng	49282	an-ang,z-zh,h-f	3
阳离子	yáng lí zǐ	49286	an-ang,z-zh,n-l,r-l	1
夜大学	yè dà xué	49291	j-q-x	1
一贯道	yī guàn dào	49292	uan-uang,ao-ou	1
易燃物	yì rán wù	49297	an-ang,r-l	1
银环蛇	yín huán shé	49300	in-ing,uan-uang,s-sh,h-f	1
占星术	zhān xīng shù	49316	in-ing,an-ang,z-zh,s-sh,j-q-x	1
中药店	zhōng yào diàn	49331	ian-iang,ao-ou,z-zh	1
转关系	zhuǎn guān xi	49335	uan-uang,z-zh,j-q-x	1
坐机关	zuò jī guān	49342	uan-uang,ua-uo,z-zh,j-q-x	1
拔火罐	bá huǒ guàn	49346	uan-uang,ua-uo,h-f	1
白报纸	bái bào zhǐ	49349	ai-ei,ao-ou,z-zh	1
兵油子	bīng yóu zi	49360	in-ing,ao-ou,z-zh	1
病秧子	bìng yāng zi	49362	in-ing,an-ang,z-zh	1
测谎仪	cè huǎng yí	49373	uan-uang,c-ch,h-f	1
长命锁	cháng mìng suǒ	49377	in-ing,an-ang,ua-uo,c-ch,s-sh	1
唱白脸	chàng bái liǎn	49378	an-ang,ian-iang,ai-ei,c-ch,n-l,r-l	1
吃不透	chī bu tòu	49386	ao-ou,c-ch	1
创牌子	chuàng pái zi	49392	uan-uang,ai-ei,z-zh,c-ch	1
催命鬼	cuī mìng guǐ	49395	in-ing,c-ch	1
打冷战	dǎ lěng zhan	49398	en-eng,an-ang,z-zh,n-l,r-l	1
弹子房	dàn zi fáng	49401	an-ang,z-zh,h-f	1
刀削面	dāo xiāo miàn	49403	ian-iang,ao-ou,j-q-x	1
电力网	diàn lì wǎng	49412	an-ang,ian-iang,n-l,r-l	1
丢饭碗	diū fàn wǎn	49415	an-ang,h-f	1
丢眼色	diū yǎn sè	49416	an-ang,s-sh	1
多元论	duō yuán lùn	49423	uan-uang,ua-uo,n-l,r-l	1
二鬼子	èr guǐ zi	49425	z-zh	1
放像机	fàng xiàng jī	49431	an-ang,ian-iang,h-f,j-q-x	1
扶手椅	fú shǒu yǐ	49438	ao-ou,s-sh,h-f	1
赶得及	gǎn de jí	49444	an-ang,j-q-x	1
根瘤菌	gēn liú jūn	49450	en-eng,n-l,r-l,j-q-x	1
宫外孕	gōng wài yùn	49452	ai-ei	1
柜员机	guì yuán jī	49462	uan-uang,j-q-x	1
果子露	guǒ zi lù	49463	ua-uo,z-zh,n-l,r-l	1
后空翻	hòu kōng fān	49468	an-ang,ao-ou,h-f	1
花椰菜	huā yē cài	49469	ai-ei,ua-uo,c-ch,h-f	1
缓冲器	huǎn chōng qì	49470	uan-uang,c-ch,h-f,j-q-x	1
黄皮书	huáng pí shū	49472	uan-uang,s-sh,h-f	1
捡便宜	jiǎn pián yi	49485	ian-iang,j-q-x	1
见阎王	jiàn yán wang	49486	an-ang,ian-iang,j-q-x	1
腱鞘炎	jiàn qiào yán	49487	an-ang,ian-iang,j-q-x	3
讲价钱	jiǎng jià qián	49488	ian-iang,ia-ie,j-q-x	1
揭老底	jiē lǎo dǐ	49493	ao-ou,ia-ie,n-l,r-l,j-q-x	1
解扣儿	jiě kòu er	49496	ao-ou,ia-ie,j-q-x	1
金嗓子	jīn sǎng zi	49499	in-ing,an-ang,z-zh,s-sh,j-q-x	1
精饲料	jīng sì liào	49504	in-ing,s-sh,n-l,r-l,j-q-x	1
啃书本	kěn shū běn	49511	en-eng,s-sh	1
孔方兄	kǒng fāng xiōng	49513	an-ang,h-f,j-q-x	1
夸海口	kuā hǎi kǒu	49515	ai-ei,ao-ou,ua-uo,h-f	1
连裆裤	lián dāng kù	49525	an-ang,ian-iang,n-l,r-l	3
连理枝	lián lǐ zhī	49526	ian-iang,z-zh,n-l,r-l	1
莲蓬头	lián peng tóu	49528	en-eng,ian-iang,ao-ou,n-l,r-l	1
米粮川	mǐ liáng chuān	49546	ian-iang,uan-uang,c-ch,n-l,r-l	1
免战牌	miǎn zhàn pái	49549	an-ang,ian-iang,ai-ei,z-zh	1
面巾纸	miàn jīn zhǐ	49550	in-ing,ian-iang,z-zh,j-q-x	1
女能人	nǚ néng rén	49561	en-eng,n-l,r-l	1
排子车	pǎi zi chē	49563	ai-ei,z-zh,c-ch	1
赔小心	péi xiǎo xīn	49565	in-ing,ai-ei,j-q-x	1
喷射器	pēn shè qì	49566	en-eng,s-sh,j-q-x	1
评判员	píng pàn yuán	49571	in-ing,an-ang,uan-uang	1
起点站	qǐ diǎn zhàn	49572	an-ang,ian-iang,z-zh,j-q-x	1
潜水泵	qián shuǐ bèng	49577	en-eng,ian-iang,s-sh,j-q-x	1
肉末儿	ròu mò er	49595	ao-ou,r-l	1
丧家犬	sāng jiā quǎn	49598	an-ang,uan-uang,ia-ie,s-sh,j-q-x	1
石炭酸	shí tàn suān	49613	an-ang,uan-uang,s-sh	1
食蚁兽	shí yǐ shòu	49615	ao-ou,s-sh	1
水曲柳	shuǐ qū liǔ	49619	s-sh,n-l,r-l,j-q-x	1
太平鼓	tài píng gǔ	49623	in-ing,ai-ei	1
弹簧锁	tán huáng suǒ	49624	an-ang,uan-uang,ua-uo,s-sh,h-f	1
檀香扇	tán xiāng shàn	49625	an-ang,ian-iang,s-sh,j-q-x	1
甜面酱	tián miàn jiàng	49637	ian-iang,j-q-x	1
贴标签	tiē biāo qiān	49638	ian-iang,ia-ie,j-q-x	1
铁蒺藜	tiě jí li	49639	ia-ie,n-l,r-l,j-q-x	3
团代会	tuán dài huì	49643	uan-uang,ai-ei,h-f	1
围嘴儿	wéi zuǐ er	49647	ai-ei,z-zh	1
西部片	xī bù piàn	49656	ian-iang,j-q-x	1
稀溜溜	xī liū liū	49659	n-l,r-l,j-q-x	1
香云纱	xiāng yún shā	49674	ian-iang,s-sh,j-q-x	1
消音器	xiāo yīn qì	49675	in-ing,j-q-x	1
小仓库	xiǎo cāng kù	49676	an-ang,c-ch,j-q-x	1
亚麻布	yà má bù	49704		1
秧歌剧	yāng ge jù	49710	an-ang,j-q-x	1
阳春面	yáng chūn miàn	49711	an-ang,ian-iang,c-ch	1
药引子	yào yǐn zi	49714	in-ing,ao-ou,z-zh	1
野葡萄	yě pú táo	49715	ao-ou	1
蹚浑水	tāng hún shuǐ	49726	an-ang,s-sh,h-f	3
影印件	yǐng yìn jiàn	49729	in-ing,ian-iang,j-q-x	1
油印机	yóu yìn jī	49734	in-ing,ao-ou,j-q-x	1
玉米油	yù mǐ yóu	49738	ao-ou	1
直筒子	zhí tǒng zi	49751	z-zh	1
紫药水	zǐ yào shuǐ	49761	ao-ou,z-zh,s-sh	1
半中腰	bàn zhōng yāo	49769	an-ang,ao-ou,z-zh	1
包心菜	bāo xīn cài	49771	in-ing,ai-ei,ao-ou,c-ch,j-q-x	1
宝盖儿	bǎo gài er	49772	ai-ei,ao-ou	1
保安族	bǎo ān zú	49773	an-ang,ao-ou,z-zh	1
爆炸力	bào zhà lì	49774	ao-ou,z-zh,n-l,r-l	1
逼供信	bī gòng xìn	49777	in-ing,j-q-x	1
避雷器	bì léi qì	49780	ai-ei,n-l,r-l,j-q-x	1
边防哨	biān fáng shào	49781	an-ang,ian-iang,ao-ou,s-sh,h-f	1
蝙蝠衫	biān fú shān	49784	an-ang,ian-iang,s-sh,h-f	1
便利店	biàn lì diàn	49785	ian-iang,n-l,r-l	1
辩护士	biàn hù shì	49786	ian-iang,s-sh,h-f	1
畅想曲	chàng xiǎng qǔ	49796	an-ang,ian-iang,c-ch,j-q-x	1
超短波	chāo duǎn bō	49798	uan-uang,ao-ou,c-ch	1
潮汐能	cháo xī néng	49799	en-eng,ao-ou,c-ch,n-l,j-q-x	3
吃小灶	chī xiǎo zào	49803	ao-ou,z-zh,c-ch,j-q-x	1
打通关	dǎ tōng guān	49818	uan-uang	1
大叶杨	dà yè yáng	49820	an-ang	1
等外品	děng wài pǐn	49826	en-eng,in-ing,ai-ei	1
嫡长子	dí zhǎng zǐ	49827	an-ang,z-zh	3
地震棚	dì zhèn péng	49830	en-eng,z-zh	1
定调子	dìng diào zi	49834	in-ing,z-zh	1
端架子	duān jià zi	49836	uan-uang,ia-ie,z-zh,j-q-x	1
二把刀	èr bǎ dāo	49842	ao-ou	1
二重奏	èr chóng zòu	49843	ao-ou,z-zh,c-ch	1
放暗箭	fàng àn jiàn	49848	an-ang,ian-iang,h-f,j-q-x	1
废品率	fèi pǐn lǜ	49850	in-ing,ai-ei,n-l,h-f,r-l	1
腹股沟	fù gǔ gōu	49857	ao-ou,h-f	1
赶趟儿	gǎn tàng er	49860	an-ang	1
港味儿	gǎng wèi er	49862	an-ang,ai-ei	1
狗屎堆	gǒu shǐ duī	49868	ao-ou,s-sh	1
观音土	guān yīn tǔ	49872	in-ing,uan-uang	1
惯用语	guàn yòng yǔ	49873	uan-uang	1
光洁度	guāng jié dù	49874	uan-uang,ia-ie,j-q-x	1
国防绿	guó fáng lǜ	49876	an-ang,ua-uo,n-l,h-f,r-l	1
海平线	hǎi píng xiàn	49880	in-ing,ian-iang,ai-ei,h-f,j-q-x	1
核装置	hé zhuāng zhì	49885	uan-uang,z-zh,h-f	1
后半天	hòu bàn tiān	49893	an-ang,ian-iang,ao-ou,h-f	1
黄萎病	huáng wěi bìng	49904	in-ing,uan-uang,ai-ei,h-f	1
街头剧	jiē tóu jù	49927	ao-ou,ia-ie,j-q-x	1
金霉素	jīn méi sù	49931	in-ing,ai-ei,s-sh,j-q-x	1
金闪闪	jīn shǎn shǎn	49932	in-ing,an-ang,s-sh,j-q-x	1
惊险片	jīng xiǎn piàn	49935	in-ing,ian-iang,j-q-x	1
君主国	jūn zhǔ guó	49941	ua-uo,z-zh,j-q-x	1
珂罗版	kē luó bǎn	49946	an-ang,ua-uo,n-l,r-l	3
可兰经	kě lán jīng	49948	in-ing,an-ang,n-l,r-l,j-q-x	1
孔雀石	kǒng què shí	49949	s-sh,j-q-x	1
老江湖	lǎo jiāng hú	49953	ian-iang,ao-ou,n-l,h-f,r-l,j-q-x	1
肋膜炎	lèi mó yán	49957	an-ang,ai-ei,n-l,r-l	1
冷面孔	lěng miàn kǒng	49958	en-eng,ian-iang,n-l,r-l	1
连裤袜	lián kù wà	49962	ian-iang,n-l,r-l	1
尥蹶子	liào juě zi	49965	z-zh,n-l,r-l,j-q-x	3
龙爪槐	lóng zhǎo huái	49967	ao-ou,z-zh,n-l,h-f,r-l	1
绿葱葱	lǜ cōng cōng	49971	c-ch,n-l,r-l	1
脉管炎	mài guǎn yán	49974	an-ang,uan-uang,ai-ei	1
满当当	mǎn dāng dāng	49975	an-ang	1
猫耳洞	māo ěr dòng	49976	ao-ou	1
毛南族	máo nán zú	49977	an-ang,ao-ou,z-zh,n-l	1
囊中物	náng zhōng wù	49989	an-ang,z-zh,n-l	1
脑充血	nǎo chōng xuè	49990	ao-ou,c-ch,n-l,j-q-x	1
内当家	nèi dāng jiā	49992	an-ang,ai-ei,ia-ie,n-l,j-q-x	1
内陆国	nèi lù guó	49993	ai-ei,ua-uo,n-l,r-l	1
暖乎乎	nuǎn hū hū	49997	uan-uang,n-l,h-f	1
排风扇	pái fēng shàn	49998	en-eng,an-ang,ai-ei,s-sh,h-f	1
炮筒子	pào tǒng zi	50001	ao-ou,z-zh	1
皮猴儿	pí hóu er	50007	ao-ou,h-f	1
婆婆嘴	pó po zuǐ	50013	z-zh	1
铺面房	pù miàn fáng	50016	an-ang,ian-iang,h-f	1
钱串子	qián chuàn zi	50020	ian-iang,uan-uang,z-zh,c-ch,j-q-x	1
潜水衣	qián shuǐ yī	50021	ian-iang,s-sh,j-q-x	1
墙头草	qiáng tóu cǎo	50023	ian-iang,ao-ou,c-ch,j-q-x	1
擎天柱	qíng tiān zhù	50027	in-ing,ian-iang,z-zh,j-q-x	1
去痛片	qù tòng piàn	50029	ian-iang,j-q-x	1
乳黄色	rǔ huáng sè	50037	uan-uang,s-sh,h-f,r-l	1
赛璐珞	sài lù luò	50039	ai-ei,ua-uo,s-sh,n-l,r-l	3
死扣儿	sǐ kòu er	50066	ao-ou,s-sh	1
速决战	sù jué zhàn	50069	an-ang,z-zh,s-sh,j-q-x	1
笋干儿	sǔn gān er	50072	an-ang,s-sh	1
缩水率	suō shuǐ lǜ	50073	ua-uo,s-sh,n-l,r-l	1
淘气鬼	táo qì guǐ	50078	ao-ou,j-q-x	1
套交情	tào jiāo qing	50079	in-ing,ao-ou,j-q-x	1
铁算盘	tiě suàn pán	50085	an-ang,uan-uang,ia-ie,s-sh	1
娃娃亲	wá wa qīn	50095	in-ing,j-q-x	1
碗碗腔	wǎn wǎn qiāng	50099	an-ang,ian-iang,j-q-x	1
午餐肉	wǔ cān ròu	50106	an-ang,ao-ou,c-ch,r-l	1
雾沉沉	wù chén chén	50107	en-eng,c-ch	1
洗衣板	xǐ yī bǎn	50111	an-ang,j-q-x	1
喜盈门	xǐ yíng mén	50112	en-eng,in-ing,j-q-x	1
下场门	xià chǎng mén	50116	en-eng,an-ang,ia-ie,c-ch,j-q-x	1
卸包袱	xiè bāo fu	50121	ao-ou,ia-ie,h-f,j-q-x	1
羊皮筏	yáng pí fá	50143	an-ang,h-f	1
仰八叉	yǎng ba chā	50146	an-ang,c-ch	1
花工夫	huā gōng fu	50168	ua-uo,h-f	1
鱼鳞坑	yú lín kēng	50173	en-eng,in-ing,n-l,r-l	1
月台票	yuè tái piào	50178	ai-ei	1
月头儿	yuè tóu er	50179	ao-ou	1
招女婿	zhāo nǚ xu	50186	ao-ou,z-zh,n-l,j-q-x	1
赭黄色	zhě huáng sè	50188	uan-uang,z-zh,s-sh,h-f	3
微电影	wēi diàn yǐng	50194	in-ing,ian-iang,ai-ei	1
中药房	zhōng yào fáng	50197	an-ang,ao-ou,z-zh,h-f	1
抓空儿	zhuā kòng er	50200	ua-uo,z-zh	1
自动门	zì dòng mén	50207	en-eng,z-zh	1
走读生	zǒu dú shēng	50209	en-eng,ao-ou,z-zh,s-sh	1
钻天杨	zuān tiān yáng	50212	an-ang,ian-iang,uan-uang,z-zh	1
八字脚	bā zì jiǎo	50219	z-zh,j-q-x	1
白斩鸡	bái zhǎn jī	50223	an-ang,ai-ei,z-zh,j-q-x	1
报幕员	bào mù yuán	50225	uan-uang,ao-ou	1
彩色片	cǎi sè piàn	50244	ian-iang,ai-ei,c-ch,s-sh	1
查号台	chá hào tái	50252	ai-ei,ao-ou,c-ch,h-f	1
吹冷风	chuī lěng fēng	50265	en-eng,c-ch,n-l,h-f,r-l	1
促进派	cù jìn pài	50269	in-ing,ai-ei,c-ch,j-q-x	1
醋坛子	cù tán zi	50270	an-ang,z-zh,c-ch	1
大概其	dà gài qí	50277	ai-ei,j-q-x	1
大染缸	dà rǎn gāng	50278	an-ang,r-l	1
代食品	dài shí pǐn	50279	in-ing,ai-ei,s-sh	1
带头羊	dài tóu yáng	50280	an-ang,ai-ei,ao-ou	1
单季稻	dān jì dào	50282	an-ang,ao-ou,j-q-x	1
点金术	diǎn jīn shù	50290	in-ing,ian-iang,s-sh,j-q-x	1
电烤箱	diàn kǎo xiāng	50291	ian-iang,ao-ou,j-q-x	1
叠罗汉	dié luó hàn	50292	an-ang,ia-ie,ua-uo,n-l,h-f,r-l	1
定盘星	dìng pán xīng	50293	in-ing,an-ang,j-q-x	1
冻豆腐	dòng dòu fu	50296	ao-ou,h-f	1
豆腐皮	dòu fu pí	50297	ao-ou,h-f	1
多面体	duō miàn tǐ	50300	ian-iang,ua-uo	1
二愣子	èr lèng zi	50303	en-eng,z-zh,n-l,r-l	1
防滑链	fáng huá liàn	50310	an-ang,ian-iang,ua-uo,n-l,h-f,r-l	1
防化服	fáng huà fú	50311	an-ang,ua-uo,h-f	1
废品站	fèi pǐn zhàn	50315	in-ing,an-ang,ai-ei,z-zh,h-f	1
分子式	fēn zǐ shì	50316	en-eng,z-zh,s-sh,h-f	1
风光片	fēng guāng piàn	50317	en-eng,ian-iang,uan-uang,h-f	1
功夫片	gōng fu piàn	50336	ian-iang,h-f	1
灌溉渠	guàn gài qú	50342	uan-uang,ai-ei,j-q-x	1
灌米汤	guàn mǐ tāng	50343	an-ang,uan-uang	1
狐步舞	hú bù wǔ	50353	h-f	1
话外音	huà wài yīn	50358	in-ing,ai-ei,ua-uo,h-f	1
怀鬼胎	huái guǐ tāi	50359	ai-ei,h-f	1
幻灯机	huàn dēng jī	50360	en-eng,uan-uang,h-f,j-q-x	1
活死人	huó sǐ rén	50367	en-eng,ua-uo,s-sh,h-f,r-l	1
货郎鼓	huò láng gǔ	50369	an-ang,ua-uo,n-l,h-f,r-l	1
集邮册	jí yóu cè	50373	ao-ou,c-ch,j-q-x	1
架子工	jià zi gōng	50375	ia-ie,z-zh,j-q-x	1
接生员	jiē shēng yuán	50384	en-eng,uan-uang,ia-ie,s-sh,j-q-x	1
金合欢	jīn hé huān	50387	in-ing,uan-uang,h-f,j-q-x	1
金盏花	jīn zhǎn huā	50388	in-ing,an-ang,ua-uo,z-zh,h-f,j-q-x	1
经纬线	jīng wěi xiàn	50391	in-ing,ian-iang,ai-ei,j-q-x	1
净水器	jìng shuǐ qì	50393	in-ing,s-sh,j-q-x	1
酒糟鼻	jiǔ zāo bí	50398	ao-ou,z-zh,j-q-x	1
开洋荤	kāi yáng hūn	50405	an-ang,ai-ei,h-f	1
蓝筹股	lán chóu gǔ	50418	an-ang,ao-ou,c-ch,n-l,r-l	1
老来俏	lǎo lái qiào	50420	ai-ei,ao-ou,n-l,r-l,j-q-x	1
连锅端	lián guō duān	50426	ian-iang,uan-uang,ua-uo,n-l,r-l	1
练功房	liàn gōng fáng	50428	an-ang,ian-iang,n-l,h-f,r-l	1
六弦琴	liù xián qín	50437	in-ing,ian-iang,n-l,r-l,j-q-x	1
龙须面	lóng xū miàn	50438	ian-iang,n-l,r-l,j-q-x	1
骆驼草	luò tuó cǎo	50445	ao-ou,ua-uo,c-ch,n-l,r-l	1
落地式	luò dì shì	50447	ua-uo,s-sh,n-l,r-l	1
玫瑰香	méi gui xiāng	50451	ian-iang,ai-ei,j-q-x	1
煤焦油	méi jiāo yóu	50452	ai-ei,ao-ou,j-q-x	1
煤气管	méi qì guǎn	50453	uan-uang,ai-ei,j-q-x	1
密封条	mì fēng tiáo	50455	en-eng,h-f	1
面神经	miàn shén jīng	50457	en-eng,in-ing,ian-iang,s-sh,j-q-x	1
磨嘴皮	mó zuǐ pí	50459	z-zh	1
闹意气	nào yì qì	50464	ao-ou,n-l,j-q-x	1
内聚力	nèi jù lì	50466	ai-ei,n-l,r-l,j-q-x	1
牛犊子	niú dú zǐ	50468	z-zh,n-l	3
牛性子	niú xìng zi	50469	in-ing,z-zh,n-l,j-q-x	1
暖风机	nuǎn fēng jī	50472	en-eng,uan-uang,n-l,h-f,j-q-x	1
跑圆场	pǎo yuán chǎng	50476	an-ang,uan-uang,ao-ou,c-ch	1
普及本	pǔ jí běn	50486	en-eng,j-q-x	1
起搏器	qǐ bó qì	50489	j-q-x	1
签到簿	qiān dào bù	50490	ian-iang,ao-ou,j-q-x	1
乔其纱	qiáo qí shā	50492	s-sh,j-q-x	1
巧劲儿	qiǎo jìn er	50493	in-ing,j-q-x	1
穷讲究	qióng jiǎng jiu	50502	ian-iang,j-q-x	1
人来疯	rén lái fēng	50508	en-eng,ai-ei,n-l,h-f,r-l	1
上坡路	shàng pō lù	50520	an-ang,s-sh,n-l,r-l	1
上元节	shàng yuán jié	50521	an-ang,uan-uang,ia-ie,s-sh,j-q-x	1
少东家	shào dōng jia	50523	ao-ou,ia-ie,s-sh,j-q-x	1
神道碑	shén dào bēi	50525	en-eng,ai-ei,ao-ou,s-sh	1
失语症	shī yǔ zhèng	50529	en-eng,z-zh,s-sh	1
石英表	shí yīng biǎo	50530	in-ing,s-sh	1
示波器	shì bō qì	50533	s-sh,j-q-x	1
耍手艺	shuǎ shǒu yì	50540	ao-ou,ua-uo,s-sh	1
耍态度	shuǎ tài du	50541	ai-ei,ua-uo,s-sh	1
说不着	shuō bu zháo	50544	ao-ou,ua-uo,z-zh,s-sh	1
宋体字	sòng tǐ zì	50547	z-zh,s-sh	1
速食面	sù shí miàn	50548	ian-iang,s-sh	1
碎嘴子	suì zuǐ zi	50549	z-zh,s-sh	1
太子参	tài zǐ shēn	50556	en-eng,ai-ei,z-zh,s-sh	1
梯恩梯	tī ēn tī	50563	en-eng	1
通勤车	tōng qín chē	50568	in-ing,c-ch,j-q-x	1
脱口秀	tuō kǒu xiù	50580	ao-ou,ua-uo,j-q-x	1
温吞水	wēn tun shuǐ	50593	en-eng,s-sh	1
刎颈交	wěn jǐng jiāo	50595	en-eng,in-ing,j-q-x	3
吸附剂	xī fù jì	50602	h-f,j-q-x	1
夏令时	xià lìng shí	50606	in-ing,ia-ie,s-sh,n-l,r-l,j-q-x	1
线手套	xiàn shǒu tào	50607	ian-iang,ao-ou,s-sh,j-q-x	1
小循环	xiǎo xún huán	50612	uan-uang,h-f,j-q-x	1
血红素	xuè hóng sù	50632	s-sh,h-f,j-q-x	1
百分号	bǎi fēn hào	50651	en-eng,ai-ei,ao-ou,h-f	1
釉面砖	yòu miàn zhuān	50655	ian-iang,uan-uang,ao-ou,z-zh	3
曾孙女	zēng sūn nǚ	50669	en-eng,z-zh,s-sh,n-l	1
珍珠霜	zhēn zhū shuāng	50676	en-eng,uan-uang,z-zh,s-sh	1
震天价	zhèn tiān jie	50679	en-eng,ian-iang,ia-ie,z-zh,j-q-x	1
正日子	zhèng rì zi	50680	en-eng,z-zh,r-l	1
直愣愣	zhí lèng lèng	50683	en-eng,z-zh,n-l,r-l	1
主权国	zhǔ quán guó	50690	uan-uang,ua-uo,z-zh,j-q-x	1
抓壮丁	zhuā zhuàng dīng	50692	in-ing,uan-uang,ua-uo,z-zh	1
总务长	zǒng wù zhǎng	50699	an-ang,z-zh	1
拉交情	lā jiāo qing	50706	in-ing,n-l,r-l,j-q-x	1
矮墩墩	ǎi dūn dūn	50710	ai-ei	1
八卦掌	bā guà zhǎng	50714	an-ang,ua-uo,z-zh	1
包身工	bāo shēn gōng	50724	en-eng,ao-ou,s-sh	1
保险灯	bǎo xiǎn dēng	50725	en-eng,ian-iang,ao-ou,j-q-x	1
不二价	bù èr jià	50740	ia-ie,j-q-x	1
长统袜	cháng tǒng wà	50752	an-ang,c-ch	1
窗格子	chuāng gé zi	50771	uan-uang,z-zh,c-ch	1
闯江湖	chuǎng jiāng hú	50772	ian-iang,uan-uang,c-ch,h-f,j-q-x	1
打不住	dǎ bu zhù	50784	z-zh	1
打秋风	dǎ qiū fēng	50785	en-eng,h-f,j-q-x	1
大肚汉	dà dù hàn	50786	an-ang,h-f	1
大撒把	dà sā bǎ	50787	s-sh	1
挡泥板	dǎng ní bǎn	50790	an-ang,n-l	1
刀把子	dāo bà zǐ	50791	ao-ou,z-zh	1
电褥子	diàn rù zǐ	50797	ian-iang,z-zh,r-l	1
电视柜	diàn shì guì	50798	ian-iang,s-sh	1
顶门杠	dǐng mén gàng	50805	en-eng,in-ing,an-ang	1
反比例	fǎn bǐ lì	50824	an-ang,n-l,h-f,r-l	1
方向舵	fāng xiàng duò	50826	an-ang,ian-iang,ua-uo,h-f,j-q-x	1
防沙林	fáng shā lín	50827	in-ing,an-ang,s-sh,n-l,h-f,r-l	1
仿宋体	fǎng sòng tǐ	50828	an-ang,s-sh,h-f	1
放大炮	fàng dà pào	50829	an-ang,ao-ou,h-f	1
痱子粉	fèi zi fěn	50832	en-eng,ai-ei,z-zh,h-f	3
缝合线	féng hé xiàn	50836	en-eng,ian-iang,h-f,j-q-x	1
概言之	gài yán zhī	50840	an-ang,ai-ei,z-zh	1
赶活儿	gǎn huó er	50842	an-ang,ua-uo,h-f	1
哈哈镜	hā hā jìng	50851	in-ing,h-f,j-q-x	1
哈喇子	hā lá zi	50852	z-zh,n-l,h-f,r-l	1
核试验	hé shì yàn	50860	an-ang,s-sh,h-f	1
后坐力	hòu zuò lì	50866	ao-ou,ua-uo,z-zh,n-l,h-f,r-l	1
黄豆芽	huáng dòu yá	50871	uan-uang,ao-ou,h-f	1
回头率	huí tóu lǜ	50872	ao-ou,n-l,h-f,r-l	1
火筷子	huǒ kuài zi	50879	ua-uo,z-zh,h-f	1
计算尺	jì suàn chǐ	50885	uan-uang,c-ch,s-sh,j-q-x	1
角膜炎	jiǎo mó yán	50898	an-ang,j-q-x	1
究其实	jiū qí shí	50914	s-sh,j-q-x	1
空欢喜	kōng huān xǐ	50926	uan-uang,h-f,j-q-x	1
两党制	liǎng dǎng zhì	50934	an-ang,ian-iang,z-zh,n-l,r-l	1
溜冰鞋	liū bīng xié	50939	in-ing,ia-ie,n-l,r-l,j-q-x	1
流失率	liú shī lǜ	50942	s-sh,n-l,r-l	1
猫儿眼	māo er yǎn	50949	an-ang,ao-ou	1
墨斗鱼	mò dǒu yú	50964	ao-ou	1
内陆湖	nèi lù hú	50969	ai-ei,n-l,h-f,r-l	1
尼龙布	ní lóng bù	50971	n-l,r-l	1
农机站	nóng jī zhàn	50975	an-ang,z-zh,n-l,j-q-x	1
暖水壶	nuǎn shuǐ hú	50976	uan-uang,s-sh,n-l,h-f	1
皮带轮	pí dài lún	50981	ai-ei,n-l,r-l	1
千里驹	qiān lǐ jū	50987	ian-iang,n-l,r-l,j-q-x	1
曲别针	qū bié zhēn	50993	en-eng,ia-ie,z-zh,j-q-x	1
驱逐令	qū zhú lìng	50994	in-ing,z-zh,n-l,r-l,j-q-x	1
去污粉	qù wū fěn	50995	en-eng,h-f,j-q-x	1
全武行	quán wǔ háng	50996	an-ang,uan-uang,h-f,j-q-x	1
热得快	rè dé kuài	50998	r-l	1
肉孜节	ròu zī jié	51000	ao-ou,ia-ie,z-zh,r-l,j-q-x	3
撒酒疯	sā jiǔ fēng	51004	en-eng,s-sh,h-f,j-q-x	1
三花脸	sān huā liǎn	51006	an-ang,ian-iang,ua-uo,s-sh,n-l,h-f,r-l	1
少白头	shào bái tóu	51011	ai-ei,ao-ou,s-sh	1
手写体	shǒu xiě tǐ	51022	ao-ou,ia-ie,s-sh,j-q-x	1
双肩挑	shuāng jiān tiāo	51025	ian-iang,uan-uang,s-sh,j-q-x	1
水洗布	shuǐ xǐ bù	51027	s-sh,j-q-x	1
死读书	sǐ dú shū	51034	s-sh	1
随风倒	suí fēng dǎo	51037	en-eng,ao-ou,s-sh,h-f	1
抬头纹	tái tóu wén	51040	en-eng,ai-ei,ao-ou	1
弹簧门	tán huáng mén	51041	en-eng,an-ang,uan-uang,h-f	1
挑错儿	tiāo cuò er	51045	ua-uo,c-ch	1
跳房子	tiào fáng zi	51046	an-ang,z-zh,h-f	1
贴本儿	tiē běn er	51048	en-eng,ia-ie	1
土腥气	tǔ xīng qì	51054	in-ing,j-q-x	1
团圆节	tuán yuán jié	51057	uan-uang,ia-ie,j-q-x	1
玩儿完	wán er wán	51067	an-ang	1
万能胶	wàn néng jiāo	51069	en-eng,an-ang,n-l,j-q-x	1
雾茫茫	wù máng máng	51080	an-ang	1
吸顶灯	xī dǐng dēng	51081	en-eng,in-ing,j-q-x	1
吸墨纸	xī mò zhǐ	51082	z-zh,j-q-x	1
洗发精	xǐ fā jīng	51084	in-ing,h-f,j-q-x	1
现成饭	xiàn chéng fàn	51088	en-eng,an-ang,ian-iang,c-ch,h-f,j-q-x	1
馅儿饼	xiàn er bǐng	51089	in-ing,ian-iang,j-q-x	1
消声器	xiāo shēng qì	51093	en-eng,s-sh,j-q-x	1
血糊糊	xiě hū hū	51099	ia-ie,h-f,j-q-x	1
泻肚子	xiè dù zi	51100	ia-ie,z-zh,j-q-x	1
行李房	xíng li fáng	51102	in-ing,an-ang,n-l,h-f,r-l,j-q-x	1
胸膜炎	xiōng mó yán	51106	an-ang,j-q-x	1
袖珍本	xiù zhēn běn	51110	en-eng,z-zh,j-q-x	1
虚飘飘	xū piāo piāo	51111	j-q-x	1
咽喉炎	yān hóu yán	51117	an-ang,ao-ou,h-f	1
验钞机	yàn chāo jī	51122	an-ang,ao-ou,c-ch,j-q-x	1
夜光表	yè guāng biǎo	51128	uan-uang	1
一锅端	yī guō duān	51130	uan-uang,ua-uo	1
找窍门	zhǎo qiào mén	51159	en-eng,ao-ou,z-zh,j-q-x	1
折叠床	zhé dié chuáng	51160	uan-uang,ia-ie,z-zh,c-ch	1
诊疗所	zhěn liáo suǒ	51161	en-eng,ua-uo,z-zh,s-sh,n-l,r-l	1
中提琴	zhōng tí qín	51166	in-ing,z-zh,j-q-x	1
钟鼎文	zhōng dǐng wén	51167	en-eng,in-ing,z-zh	1
猪倌儿	zhū guān er	51168	uan-uang,z-zh	3
著作人	zhù zuò rén	51171	en-eng,ua-uo,z-zh,r-l	1
宗主权	zōng zhǔ quán	51181	uan-uang,z-zh,j-q-x	1
钻劲儿	zuān jìn er	51184	in-ing,uan-uang,z-zh,j-q-x	1
挨边儿	āi biān er	51188	ian-iang,ai-ei	1
拜物教	bài wù jiào	51194	ai-ei,j-q-x	1
胞兄弟	bāo xiōng dì	51196	ao-ou,j-q-x	1
碧油油	bì yóu yóu	51209	ao-ou	1
变色镜	biàn sè jìng	51210	in-ing,ian-iang,s-sh,j-q-x	1
薄荷脑	bò he nǎo	51216	ao-ou,n-l,h-f	1
不成才	bù chéng cái	51218	en-eng,ai-ei,c-ch	1
不冻港	bù dòng gǎng	51220	an-ang	1
不老少	bù lǎo shǎo	51221	ao-ou,s-sh,n-l,r-l	1
残疾车	cán jí chē	51225	an-ang,c-ch,j-q-x	1
撑场面	chēng chǎng miàn	51239	en-eng,an-ang,ian-iang,c-ch	1
逞英雄	chěng yīng xióng	51242	en-eng,in-ing,c-ch,j-q-x	1
吃不来	chī bu lái	51243	ai-ei,c-ch,n-l,r-l	1
吃得来	chī de lái	51244	ai-ei,c-ch,n-l,r-l	1
冲浪板	chōng làng bǎn	51245	an-ang,c-ch,n-l,r-l	1
臭皮囊	chòu pí náng	51247	an-ang,ao-ou,c-ch,n-l	1
出份子	chū fèn zi	51248	en-eng,z-zh,c-ch,h-f	1
搭错车	dā cuò chē	51265	ua-uo,c-ch	1
大赦令	dà shè lìng	51270	in-ing,s-sh,n-l,r-l	1
地动仪	dì dòng yí	51284		1
电磁炉	diàn cí lú	51288	ian-iang,c-ch,n-l,r-l	1
电磁铁	diàn cí tiě	51289	ian-iang,ia-ie,c-ch	1
电功率	diàn gōng lǜ	51290	ian-iang,n-l,r-l	1
电教馆	diàn jiào guǎn	51291	ian-iang,uan-uang,j-q-x	1
电路图	diàn lù tú	51292	ian-iang,n-l,r-l	1
对胃口	duì wèi kǒu	51303	ai-ei,ao-ou	1
发疟子	fā yào zi	51311	ao-ou,z-zh,h-f	1
份儿菜	fèn er cài	51320	en-eng,ai-ei,c-ch,h-f	1
附属国	fù shǔ guó	51329	ua-uo,s-sh,h-f	1
感叹词	gǎn tàn cí	51333	an-ang,c-ch	1
橄榄色	gǎn lǎn sè	51334	an-ang,s-sh,n-l,r-l	1
高枝儿	gāo zhī er	51338	ao-ou,z-zh	1
工字钢	gōng zì gāng	51342	an-ang,z-zh	1
谷壳儿	gǔ ké er	51348		1
骨结核	gǔ jié hé	51350	ia-ie,h-f,j-q-x	1
管乐队	guǎn yuè duì	51353	uan-uang	1
航空信	háng kōng xìn	51360	in-ing,an-ang,h-f,j-q-x	1
核垄断	hé lǒng duàn	51364	uan-uang,n-l,h-f,r-l	1
黑板擦	hēi bǎn cā	51365	an-ang,ai-ei,c-ch,h-f	1
黑茫茫	hēi máng máng	51366	an-ang,ai-ei,h-f	1
坏点子	huài diǎn zi	51369	ian-iang,z-zh,h-f	1
鸡毛帚	jī máo zhǒu	51377	ao-ou,z-zh,j-q-x	1
鸡血石	jī xuè shí	51378	s-sh,j-q-x	1
见高低	jiàn gāo dī	51389	ian-iang,ao-ou,j-q-x	1
卷帘门	juǎn lián mén	51408	en-eng,ian-iang,uan-uang,n-l,r-l,j-q-x	1
开司米	kāi sī mǐ	51412	ai-ei,s-sh	1
看家戏	kān jiā xì	51414	an-ang,ia-ie,j-q-x	1
拉山头	lā shān tóu	51424	an-ang,ao-ou,s-sh,n-l,r-l	1
狼牙棒	láng yá bàng	51427	an-ang,n-l,r-l	1
乐悠悠	lè yōu yōu	51429	ao-ou,n-l,r-l	1
连环计	lián huán jì	51436	ian-iang,uan-uang,n-l,h-f,r-l,j-q-x	1
凉白开	liáng bái kāi	51437	ian-iang,ai-ei,n-l,r-l	1
流失生	liú shī shēng	51440	en-eng,s-sh,n-l,r-l	1
乱摊子	luàn tān zǐ	51445	an-ang,uan-uang,z-zh,n-l,r-l	1
马鞭子	mǎ biān zǐ	51450	ian-iang,z-zh	1
麦饭石	mài fàn shí	51452	an-ang,ai-ei,s-sh,h-f	1
慢性子	màn xìng zi	51456	in-ing,an-ang,z-zh,j-q-x	1
闷罐车	mèn guàn chē	51458	en-eng,uan-uang,c-ch	1
棉毛裤	mián máo kù	51460	ian-iang,ao-ou	1
男性病	nán xìng bìng	51469	in-ing,an-ang,n-l,j-q-x	1
派力司	pài lì sī	51474	ai-ei,s-sh,n-l,r-l	1
漆包线	qī bāo xiàn	51485	ian-iang,ao-ou,j-q-x	1
青田石	qīng tián shí	51497	in-ing,ian-iang,s-sh,j-q-x	1
轻悠悠	qīng yōu yōu	51498	in-ing,ao-ou,j-q-x	1
入味儿	rù wèi er	51512	ai-ei,r-l	1
三棱镜	sān léng jìng	51515	en-eng,in-ing,an-ang,s-sh,n-l,r-l,j-q-x	1
涮锅子	shuàn guō zi	51538	uan-uang,ua-uo,z-zh,s-sh	1
诉讼状	sù sòng zhuàng	51546	uan-uang,z-zh,s-sh	1
碎末儿	suì mò er	51548	s-sh	1
孙女婿	sūn nǚ xu	51549	s-sh,n-l,j-q-x	1
缩写本	suō xiě běn	51551	en-eng,ia-ie,ua-uo,s-sh,j-q-x	1
弹跳力	tán tiào lì	51553	an-ang,n-l,r-l	1
探口气	tàn kǒu qi	51555	an-ang,ao-ou,j-q-x	1
调皮鬼	tiáo pí guǐ	51563		1
通讯兵	tōng xùn bīng	51567	in-ing,j-q-x	1
偷汉子	tōu hàn zi	51569	an-ang,ao-ou,z-zh,h-f	1
头皮屑	tóu pí xiè	51570	ao-ou,ia-ie,j-q-x	1
脱脂棉	tuō zhī mián	51578	ian-iang,ua-uo,z-zh	1
无价宝	wú jià bǎo	51588	ao-ou,ia-ie,j-q-x	1
向阳花	xiàng yáng huā	51604	an-ang,ian-iang,ua-uo,h-f,j-q-x	1
橡皮擦	xiàng pí cā	51605	ian-iang,c-ch,j-q-x	1
小广播	xiǎo guǎng bō	51609	uan-uang,j-q-x	1
沐浴露	mù yù lù	51623	n-l,r-l	1
眼底下	yǎn dǐ xià	51633	an-ang,ia-ie,j-q-x	1
羊皮纸	yáng pí zhǐ	51638	an-ang,z-zh	1
曳光弹	yè guāng dàn	51641	an-ang,uan-uang	3
艺术照	yì shù zhào	51643	ao-ou,z-zh,s-sh	1
油票儿	yóu piào er	51655	ao-ou	1
鸳鸯楼	yuān yāng lóu	51665	an-ang,uan-uang,ao-ou,n-l,r-l	1
云片糕	yún piàn gāo	51669	ian-iang,ao-ou	1
侦探片	zhēn tàn piàn	51682	en-eng,an-ang,ian-iang,z-zh	1
真空管	zhēn kōng guǎn	51683	en-eng,uan-uang,z-zh	1
主力舰	zhǔ lì jiàn	51700	ian-iang,z-zh,n-l,r-l,j-q-x	1
着重号	zhuó zhòng hào	51705	ao-ou,ua-uo,z-zh,h-f	1
自来红	zì lái hóng	51707	ai-ei,z-zh,n-l,h-f,r-l	1
白费蜡	bái fèi là	51716	ai-ei,n-l,h-f,r-l	1
白木耳	bái mù ěr	51717	ai-ei	1
保险套	bǎo xiǎn tào	51725	ian-iang,ao-ou,j-q-x	1
菜墩子	cài dūn zi	51745	ai-ei,z-zh,c-ch	1
扯闲篇	chě xián piān	51754	ian-iang,c-ch,j-q-x	1
吃独食	chī dú shí	51757	c-ch,s-sh	1
抽壮丁	chōu zhuàng dīng	51762	in-ing,uan-uang,ao-ou,z-zh,c-ch	1
穿心莲	chuān xīn lián	51765	in-ing,ian-iang,uan-uang,c-ch,n-l,r-l,j-q-x	1
打卡机	dǎ kǎ jī	51777	j-q-x	1
打头炮	dǎ tóu pào	51779	ao-ou	1
大排行	dà pái háng	51780	an-ang,ai-ei,h-f	1
单放机	dān fàng jī	51785	an-ang,h-f,j-q-x	1
担担面	dàn dàn miàn	51787	an-ang,ian-iang	1
电烙铁	diàn lào tie	51797	ian-iang,ao-ou,ia-ie,n-l,r-l	1
电热杯	diàn rè bēi	51799	ian-iang,ai-ei,r-l	1
丁字街	dīng zì jiē	51802	in-ing,ia-ie,z-zh,j-q-x	1
对流层	duì liú céng	51811	en-eng,c-ch,n-l,r-l	1
多幕剧	duō mù jù	51812	ua-uo,j-q-x	1
凡尔丁	fán ěr dīng	51817	in-ing,an-ang,h-f	1
犯得上	fàn de shàng	51823	an-ang,s-sh,h-f	1
防护堤	fáng hù dī	51825	an-ang,h-f	1
非卖品	fēi mài pǐn	51829	in-ing,ai-ei,h-f	1
份子钱	fèn zǐ qián	51833	en-eng,ian-iang,z-zh,h-f,j-q-x	1
风火墙	fēng huǒ qiáng	51834	en-eng,ian-iang,ua-uo,h-f,j-q-x	1
腹膜炎	fù mó yán	51839	an-ang,h-f	1
高标号	gāo biāo hào	51842	ao-ou,h-f	1
鼓风炉	gǔ fēng lú	51847	en-eng,n-l,h-f,r-l	1
观音竹	guān yīn zhú	51853	in-ing,uan-uang,z-zh	1
过街楼	guò jiē lóu	51857	ao-ou,ia-ie,ua-uo,n-l,r-l,j-q-x	1
蛤蟆镜	há ma jìng	51858	in-ing,h-f,j-q-x	1
函授班	hán shòu bān	51860	an-ang,ao-ou,s-sh,h-f	1
河漫滩	hé màn tān	51863	an-ang,h-f	1
鹤嘴锄	hè zuǐ chú	51866	z-zh,c-ch,h-f	1
红小鬼	hóng xiǎo guǐ	51868	h-f,j-q-x	1
后臀尖	hòu tún jiān	51870	ian-iang,ao-ou,h-f,j-q-x	1
花池子	huā chí zi	51872	ua-uo,z-zh,c-ch,h-f	1
化学能	huà xué néng	51876	en-eng,ua-uo,n-l,h-f,j-q-x	1
挥发油	huī fā yóu	51878	ao-ou,h-f	1
活地狱	huó dì yù	51888	ua-uo,h-f	1
活动房	huó dòng fáng	51889	an-ang,ua-uo,h-f	1
鸡冠子	jī guān zi	51893	uan-uang,z-zh,j-q-x	1
鸡内金	jī nèi jīn	51894	in-ing,ai-ei,n-l,j-q-x	1
鸡血藤	jī xuè téng	51895	en-eng,j-q-x	1
急腹症	jí fù zhèng	51896	en-eng,z-zh,h-f,j-q-x	1
急救箱	jí jiù xiāng	51898	ian-iang,j-q-x	1
急口令	jí kǒu lìng	51899	in-ing,ao-ou,n-l,r-l,j-q-x	1
继子女	jì zǐ nǚ	51902	z-zh,n-l,j-q-x	1
架子花	jià zi huā	51904	ia-ie,ua-uo,z-zh,h-f,j-q-x	1
近体诗	jìn tǐ shī	51917	in-ing,s-sh,j-q-x	1
宽心丸	kuān xīn wán	51938	in-ing,an-ang,uan-uang,j-q-x	1
拉活儿	lā huó er	51941	ua-uo,n-l,h-f,r-l	1
拦洪坝	lán hóng bà	51943	an-ang,n-l,h-f,r-l	1
老本行	lǎo běn háng	51946	en-eng,an-ang,ao-ou,n-l,h-f,r-l	1
离心泵	lí xīn bèng	51947	en-eng,in-ing,n-l,r-l,j-q-x	1
良心话	liáng xīn huà	51952	in-ing,ian-iang,ua-uo,n-l,h-f,r-l,j-q-x	1
淋巴腺	lín bā xiàn	51958	in-ing,ian-iang,n-l,r-l,j-q-x	1
留尾巴	liú wěi ba	51960	ai-ei,n-l,r-l	1
炉箅子	lú bì zi	51961	z-zh,n-l,r-l	3
绿豆蝇	lǜ dòu yíng	51964	in-ing,ao-ou,n-l,r-l	1
绿松石	lǜ sōng shí	51965	s-sh,n-l,r-l	1
罗汉果	luó hàn guǒ	51967	an-ang,ua-uo,n-l,h-f,r-l	1
络腮胡	luò sāi hú	51968	ai-ei,ua-uo,s-sh,n-l,h-f,r-l	1
毛活儿	máo huó er	51974	ao-ou,ua-uo,h-f	1
门面话	mén mian huà	51979	en-eng,ian-iang,ua-uo,h-f	1
棉猴儿	mián hóu er	51981	ian-iang,ao-ou,h-f	1
棉毛衫	mián máo shān	51982	an-ang,ian-iang,ao-ou,s-sh	1
面码儿	miàn mǎ er	51983	ian-iang	1
摸门儿	mō mén er	51986	en-eng	1
拿大顶	ná dà dǐng	51989	in-ing,n-l	1
脑积水	nǎo jī shuǐ	51993	ao-ou,s-sh,n-l,j-q-x	1
农轻重	nóng qīng zhòng	51997	in-ing,z-zh,n-l,j-q-x	1
女儿墙	nǚ ér qiáng	51998	ian-iang,n-l,j-q-x	1
泡泡纱	pào pao shā	52004	ao-ou,s-sh	1
盆腔炎	pén qiāng yán	52005	en-eng,an-ang,ian-iang,j-q-x	1
骗腿儿	piàn tuǐ er	52008	ian-iang	1
翘辫子	qiào biàn zi	52023	ian-iang,z-zh,j-q-x	1
群言堂	qún yán táng	52037	an-ang,j-q-x	1
人造棉	rén zào mián	52038	en-eng,ian-iang,ao-ou,z-zh,r-l	1
三角铁	sān jiǎo tiě	52045	an-ang,ia-ie,s-sh,j-q-x	1
散摊子	sàn tān zi	52047	an-ang,z-zh,s-sh	1
珊瑚虫	shān hú chóng	52053	an-ang,c-ch,s-sh,h-f	3
是味儿	shì wèi er	52060	ai-ei,s-sh	1
收银台	shōu yín tái	52063	in-ing,ai-ei,ao-ou,s-sh	1
耍花样	shuǎ huā yàng	52068	an-ang,ua-uo,s-sh,h-f	1
水平仪	shuǐ píng yí	52071	in-ing,s-sh	1
随份子	suí fèn zi	52078	en-eng,z-zh,s-sh,h-f	1
太阳灯	tài yáng dēng	52081	en-eng,an-ang,ai-ei	1
堂姐妹	táng jiě mèi	52086	an-ang,ai-ei,ia-ie,j-q-x	1
捅娄子	tǒng lóu zi	52099	ao-ou,z-zh,n-l,r-l	1
托门子	tuō mén zi	52103	en-eng,ua-uo,z-zh	1
万用表	wàn yòng biǎo	52107	an-ang	1
维尼纶	wéi ní lún	52111	ai-ei,n-l,r-l	3
香干儿	xiāng gān er	52123	an-ang,ian-iang,j-q-x	1
象鼻虫	xiàng bí chóng	52124	ian-iang,c-ch,j-q-x	1
小抄儿	xiǎo chāo er	52125	ao-ou,c-ch,j-q-x	1
小苏打	xiǎo sū dá	52127	s-sh,j-q-x	1
小叶杨	xiǎo yè yáng	52128	an-ang,j-q-x	1
鞋拔子	xié bá zi	52131	ia-ie,z-zh,j-q-x	1
杏仁茶	xìng rén chá	52136	en-eng,in-ing,c-ch,r-l,j-q-x	1
叙事文	xù shì wén	52143	en-eng,s-sh,j-q-x	1
血栓病	xuè shuān bìng	52149	in-ing,uan-uang,s-sh,j-q-x	1
摇摆舞	yáo bǎi wǔ	52161	ai-ei,ao-ou	1
益母草	yì mǔ cǎo	52167	ao-ou,c-ch	1
应届生	yīng jiè shēng	52174	en-eng,in-ing,ia-ie,s-sh,j-q-x	1
油气流	yóu qì liú	52176	ao-ou,n-l,r-l,j-q-x	1
迂夫子	yū fū zǐ	52179	z-zh,h-f	1
娱乐厅	yú lè tīng	52181	in-ing,n-l,r-l	1
语气词	yǔ qì cí	52183	c-ch,j-q-x	1
玉兰片	yù lán piàn	52184	an-ang,ian-iang,n-l,r-l	1
远视眼	yuǎn shì yǎn	52188	an-ang,uan-uang,s-sh	1
月偏食	yuè piān shí	52189	ian-iang,s-sh	1
直贡呢	zhí gòng ní	52200	z-zh,n-l	1
重病号	zhòng bìng hào	52204	in-ing,ao-ou,z-zh,h-f	1
八音盒	bā yīn hé	52223	in-ing,h-f	1
八字形	bā zì xíng	52224	in-ing,z-zh,j-q-x	1
拔罐子	bá guàn zi	52226	uan-uang,z-zh	1
白化病	bái huà bìng	52228	in-ing,ai-ei,ua-uo,h-f	1
半瓶醋	bàn píng cù	52231	in-ing,an-ang,c-ch	1
背带裤	bēi dài kù	52238	ai-ei	1
标准语	biāo zhǔn yǔ	52248	z-zh	1
残次品	cán cì pǐn	52266	in-ing,an-ang,c-ch	1
茶褐色	chá hè sè	52273	c-ch,s-sh,h-f	1
唱双簧	chàng shuāng huáng	52280	an-ang,uan-uang,c-ch,s-sh,h-f	1
储备金	chǔ bèi jīn	52293	in-ing,ai-ei,c-ch,j-q-x	1
揣手儿	chuāi shǒu er	52294	ao-ou,c-ch,s-sh	1
打把式	dǎ bǎ shi	52304	s-sh	1
打寒战	dǎ hán zhàn	52307	an-ang,z-zh,h-f	1
打嘴仗	dǎ zuǐ zhàng	52310	an-ang,z-zh	1
大公国	dà gōng guó	52311	ua-uo	1
滴溜圆	dī liū yuán	52316	uan-uang,n-l,r-l	1
电水壶	diàn shuǐ hú	52323	ian-iang,s-sh,h-f	1
掉点儿	diào diǎn er	52328	ian-iang	1
服装师	fú zhuāng shī	52347	uan-uang,z-zh,s-sh,h-f	1
关东糖	guān dōng táng	52358	an-ang,uan-uang	1
广角镜	guǎng jiǎo jìng	52361	in-ing,uan-uang,j-q-x	1
果丹皮	guǒ dān pí	52363	an-ang,ua-uo	1
害人虫	hài rén chóng	52364	en-eng,ai-ei,c-ch,h-f,r-l	1
黑蒙蒙	hēi méng méng	52369	en-eng,ai-ei,h-f	1
猴头菌	hóu tóu jūn	52372	ao-ou,h-f,j-q-x	1
换气扇	huàn qì shàn	52374	an-ang,uan-uang,s-sh,h-f,j-q-x	1
集体照	jí tǐ zhào	52380	ao-ou,z-zh,j-q-x	1
监测器	jiān cè qì	52385	ian-iang,c-ch,j-q-x	1
箭靶子	jiàn bǎ zi	52387	ian-iang,z-zh,j-q-x	1
搅拌器	jiǎo bàn qì	52392	an-ang,j-q-x	1
金质奖	jīn zhì jiǎng	52400	in-ing,ian-iang,z-zh,j-q-x	1
拘留证	jū liú zhèng	52405	en-eng,z-zh,n-l,r-l,j-q-x	1
举手礼	jǔ shǒu lǐ	52406	ao-ou,s-sh,n-l,r-l,j-q-x	1
拉后腿	lā hòu tuǐ	52421	ao-ou,n-l,h-f,r-l	1
拉洋片	lā yáng piān	52422	an-ang,ian-iang,n-l,r-l	1
懒骨头	lǎn gǔ tou	52423	an-ang,ao-ou,n-l,r-l	1
烂泥塘	làn ní táng	52424	an-ang,n-l,r-l	1
冷丝丝	lěng sī sī	52426	en-eng,s-sh,n-l,r-l	1
利滚利	lì gǔn lì	52429	n-l,r-l	1
遛早儿	liù zǎo er	52432	ao-ou,z-zh,n-l,r-l	3
龙须草	lóng xū cǎo	52433	ao-ou,c-ch,n-l,r-l,j-q-x	1
罗汉豆	luó hàn dòu	52437	an-ang,ao-ou,ua-uo,n-l,h-f,r-l	1
铆劲儿	mǎo jìn er	52441	in-ing,ao-ou,j-q-x	3
没样儿	méi yàng er	52442	an-ang,ai-ei	1
梅干菜	méi gān cài	52443	an-ang,ai-ei,c-ch	1
米粉肉	mǐ fěn ròu	52445	en-eng,ao-ou,h-f,r-l	1
南味儿	nán wèi er	52453	an-ang,ai-ei,n-l	1
排气扇	pái qì shàn	52459	an-ang,ai-ei,s-sh,j-q-x	1
抱粗腿	bào cū tuǐ	52461	ao-ou,c-ch	1
配给制	pèi jǐ zhì	52462	ai-ei,z-zh,j-q-x	1
膨体纱	péng tǐ shā	52464	en-eng,s-sh	1
啤酒肚	pí jiǔ dù	52465	j-q-x	1
原装货	yuán zhuāng huò	52469	uan-uang,ua-uo,z-zh,h-f	1
平方根	píng fāng gēn	52470	en-eng,in-ing,an-ang,h-f	1
平装本	píng zhuāng běn	52473	en-eng,in-ing,uan-uang,z-zh	1
牵牛星	qiān niú xīng	52482	in-ing,ian-iang,n-l,j-q-x	1
抢镜头	qiǎng jìng tóu	52485	in-ing,ian-iang,ao-ou,j-q-x	1
三重唱	sān chóng chàng	52492	an-ang,c-ch,s-sh	1
三联单	sān lián dān	52493	an-ang,ian-iang,s-sh,n-l,r-l	1
傻劲儿	shǎ jìn er	52497	in-ing,s-sh,j-q-x	1
上眼药	shàng yǎn yào	52499	an-ang,ao-ou,s-sh	1
石花菜	shí huā cài	52504	ai-ei,ua-uo,c-ch,s-sh,h-f	1
受话器	shòu huà qì	52509	ao-ou,ua-uo,s-sh,h-f,j-q-x	1
碳素钢	tàn sù gāng	52519	an-ang,s-sh	1
童子鸡	tóng zǐ jī	52525	z-zh,j-q-x	1
豌豆黄	wān dòu huáng	52533	an-ang,uan-uang,ao-ou,h-f	1
卫生香	wèi shēng xiāng	52540	en-eng,ian-iang,ai-ei,s-sh,j-q-x	1
卫生衣	wèi shēng yī	52541	en-eng,ai-ei,s-sh	1
卫星站	wèi xīng zhàn	52542	in-ing,an-ang,ai-ei,z-zh,j-q-x	1
文教界	wén jiào jiè	52544	en-eng,ia-ie,j-q-x	1
捂盖子	wǔ gài zi	52549	ai-ei,z-zh	1
西番莲	xī fān lián	52551	an-ang,ian-iang,n-l,h-f,r-l,j-q-x	1
洗涤灵	xǐ dí líng	52553	in-ing,n-l,r-l,j-q-x	1
洗发剂	xǐ fà jì	52554	h-f,j-q-x	1
细溜溜	xì liū liū	52556	n-l,r-l,j-q-x	1
弦乐队	xián yuè duì	52560	ian-iang,j-q-x	1
信号枪	xìn hào qiāng	52568	in-ing,ian-iang,ao-ou,h-f,j-q-x	1
牙周炎	yá zhōu yán	52578	an-ang,ao-ou,z-zh	1
雅皮士	yǎ pí shì	52579	s-sh	1
药捻子	yào niǎn zi	52586	ian-iang,ao-ou,z-zh,n-l	1
野山参	yě shān cān	52588	an-ang,c-ch,s-sh	1
一顺儿	yī shùn er	52592	s-sh	1
阴阳人	yīn yáng rén	52600	en-eng,in-ing,an-ang,r-l	1
月黑天	yuè hēi tiān	52615	ian-iang,ai-ei,h-f	1
运动袜	yùn dòng wà	52618		1
砸饭碗	zá fàn wǎn	52619	an-ang,z-zh,h-f	1
砸牌子	zá pái zi	52620	ai-ei,z-zh	1
战斗舰	zhàn dòu jiàn	52624	an-ang,ian-iang,ao-ou,z-zh,j-q-x	1
遮阳篷	zhē yáng péng	52629	en-eng,an-ang,z-zh	1
蒸汽浴	zhēng qì yù	52633	en-eng,z-zh,j-q-x	1
支招儿	zhī zhāo er	52635	ao-ou,z-zh	1
直撅撅	zhí juē juē	52638	z-zh,j-q-x	3
助动词	zhù dòng cí	52641	z-zh,c-ch	1
专修科	zhuān xiū kē	52642	uan-uang,z-zh,j-q-x	1
转弯子	zhuǎn wān zi	52643	an-ang,uan-uang,z-zh	1
壮门面	zhuàng mén mian	52645	en-eng,ian-iang,uan-uang,z-zh	1
准谱儿	zhǔn pǔ er	52646	z-zh	1
钻井船	zuān jǐng chuán	52650	in-ing,uan-uang,z-zh,c-ch,j-q-x	1
八字眉	bā zì méi	52656	ai-ei,z-zh	1
巴儿狗	bā er gǒu	52657	ao-ou	1
掰腕子	bāi wàn zi	52659	an-ang,ai-ei,z-zh	1
白铁皮	bái tiě pí	52660	ai-ei,ia-ie	1
百分率	bǎi fēn lǜ	52662	en-eng,ai-ei,n-l,h-f,r-l	1
变电器	biàn diàn qì	52675	ian-iang,j-q-x	1
标准像	biāo zhǔn xiàng	52681	ian-iang,z-zh,j-q-x	1
彩牌楼	cǎi pái lou	52690	ai-ei,ao-ou,c-ch,n-l,r-l	1
车道沟	chē dào gōu	52698	ao-ou,c-ch	1
吃零嘴	chī líng zuǐ	52702	in-ing,z-zh,c-ch,n-l,r-l	1
吃偏饭	chī piān fàn	52703	an-ang,ian-iang,c-ch,h-f	1
重孙女	chóng sūn nǚ	52707	c-ch,s-sh,n-l	1
春秋衫	chūn qiū shān	52720	an-ang,c-ch,s-sh,j-q-x	1
粗花呢	cū huā ní	52723	ua-uo,c-ch,n-l,h-f	1
粗饲料	cū sì liào	52725	c-ch,s-sh,n-l,r-l	1
打字纸	dǎ zì zhǐ	52729	z-zh	1
单人舞	dān rén wǔ	52734	en-eng,an-ang,r-l	1
登山服	dēng shān fú	52739	en-eng,an-ang,s-sh,h-f	1
地震仪	dì zhèn yí	52743	en-eng,z-zh	1
定滑轮	dìng huá lún	52754	in-ing,ua-uo,n-l,h-f,r-l	1
多神教	duō shén jiào	52765	en-eng,ua-uo,s-sh,j-q-x	1
发货票	fā huò piào	52770	ua-uo,h-f	1
发酵粉	fā jiào fěn	52771	en-eng,h-f,j-q-x	1
翻旧账	fān jiù zhàng	52774	an-ang,z-zh,h-f,j-q-x	1
放射病	fàng shè bìng	52782	in-ing,an-ang,s-sh,h-f	1
凤尾鱼	fèng wěi yú	52787	en-eng,ai-ei,h-f	1
歌片儿	gē piān er	52798	ian-iang	1
公债券	gōng zhài quàn	52801	uan-uang,ai-ei,z-zh,j-q-x	1
刮胡刀	guā hú dāo	52804	ao-ou,ua-uo,h-f	1
滚刀肉	gǔn dāo ròu	52810	ao-ou,r-l	1
寒酸相	hán suān xiàng	52815	an-ang,ian-iang,uan-uang,s-sh,h-f,j-q-x	1
旱冰场	hàn bīng chǎng	52818	in-ing,an-ang,c-ch,h-f	1
横截面	héng jié miàn	52823	en-eng,ian-iang,ia-ie,h-f,j-q-x	1
横剖面	héng pōu miàn	52825	en-eng,ian-iang,ao-ou,h-f	1
红铃虫	hóng líng chóng	52827	in-ing,c-ch,n-l,h-f,r-l	1
蝴蝶花	hú dié huā	52831	ia-ie,ua-uo,h-f	1
糊墙纸	hú qiáng zhǐ	52832	ian-iang,z-zh,h-f,j-q-x	1
花点子	huā diǎn zi	52833	ian-iang,ua-uo,z-zh,h-f	1
滑雪衫	huá xuě shān	52836	an-ang,ua-uo,s-sh,h-f,j-q-x	1
灰指甲	huī zhǐ jiǎ	52841	ia-ie,z-zh,h-f,j-q-x	1
鸡毛菜	jī máo cài	52845	ai-ei,ao-ou,c-ch,j-q-x	1
急巴巴	jí bā bā	52848	j-q-x	1
计程表	jì chéng biǎo	52850	en-eng,c-ch,j-q-x	1
夹板气	jiā bǎn qì	52853	an-ang,ia-ie,j-q-x	1
江米酒	jiāng mǐ jiǔ	52856	ian-iang,j-q-x	1
焦圈儿	jiāo quān er	52863	uan-uang,j-q-x	1
脚踏板	jiǎo tà bǎn	52866	an-ang,j-q-x	1
揭疮疤	jiē chuāng bā	52869	uan-uang,ia-ie,c-ch,j-q-x	1
金刚砂	jīn gāng shā	52872	in-ing,an-ang,s-sh,j-q-x	1
金龙鱼	jīn lóng yú	52873	in-ing,n-l,r-l,j-q-x	1
禁得住	jīn de zhù	52875	in-ing,z-zh,j-q-x	1
究根儿	jiū gēn er	52882	en-eng,j-q-x	1
酒精灯	jiǔ jīng dēng	52884	en-eng,in-ing,j-q-x	1
局内人	jú nèi rén	52886	en-eng,ai-ei,n-l,r-l,j-q-x	1
瞌睡虫	kē shuì chóng	52895	c-ch,s-sh	3
劳动服	láo dòng fú	52913	ao-ou,n-l,h-f,r-l	1
老油条	lǎo yóu tiáo	52916	ao-ou,n-l,r-l	1
离格儿	lí gé er	52920	n-l,r-l	1
里脊肉	lǐ jǐ ròu	52921	ao-ou,n-l,r-l,j-q-x	1
里外里	lǐ wài lǐ	52922	ai-ei,n-l,r-l	1
立体图	lì tǐ tú	52923	n-l,r-l	1
露头角	lù tóu jiǎo	52942	ao-ou,n-l,r-l,j-q-x	1
马蹄袖	mǎ tí xiù	52946	j-q-x	1
门鼻儿	mén bí er	52950	en-eng	1
密封圈	mì fēng quān	52952	en-eng,uan-uang,h-f,j-q-x	1
绵白糖	mián bái táng	52953	an-ang,ian-iang,ai-ei	1
木化石	mù huà shí	52963	ua-uo,s-sh,h-f	1
难上难	nán shàng nán	52966	an-ang,s-sh,n-l	1
泥饭碗	ní fàn wǎn	52968	an-ang,n-l,h-f	1
暖水袋	nuǎn shuǐ dài	52971	uan-uang,ai-ei,s-sh,n-l	1
排卵期	pái luǎn qī	52973	uan-uang,ai-ei,n-l,r-l,j-q-x	1
派不是	pài bù shi	52975	ai-ei,s-sh	1
盘儿菜	pán er cài	52976	an-ang,ai-ei,c-ch	1
葡萄灰	pú tao huī	52983	ao-ou,h-f	1
气轮机	qì lún jī	52986	n-l,r-l,j-q-x	1
铅笔刀	qiān bǐ dāo	52990	ian-iang,ao-ou,j-q-x	1
前滚翻	qián gǔn fān	52991	an-ang,ian-iang,h-f,j-q-x	1
清真教	qīng zhēn jiào	52994	en-eng,in-ing,z-zh,j-q-x	1
晴雨伞	qíng yǔ sǎn	52996	in-ing,an-ang,s-sh,j-q-x	1
燃烧瓶	rán shāo píng	53000	in-ing,an-ang,ao-ou,s-sh,r-l	1
柔姿纱	róu zī shā	53002	ao-ou,z-zh,s-sh,r-l	1
山楂糕	shān zhā gāo	53005	an-ang,ao-ou,z-zh,s-sh	3
上贼船	shàng zéi chuán	53009	an-ang,uan-uang,ai-ei,z-zh,c-ch,s-sh	1
失学率	shī xué lǜ	53017	s-sh,n-l,r-l,j-q-x	1
是非窝	shì fēi wō	53019	ai-ei,s-sh,h-f	1
熟石灰	shú shí huī	53020	s-sh,h-f	1
数得上	shǔ de shàng	53022	an-ang,s-sh	1
水舀子	shuǐ yǎo zi	53024	ao-ou,z-zh,s-sh	1
水翼船	shuǐ yì chuán	53025	uan-uang,c-ch,s-sh	1
四脚蛇	sì jiǎo shé	53028	s-sh,j-q-x	1
松塔儿	sōng tǎ er	53030	s-sh	1
酥油花	sū yóu huā	53033	ao-ou,ua-uo,s-sh,h-f	1
淘气包	táo qì bāo	53041	ao-ou,j-q-x	1
贴心话	tiē xīn huà	53044	in-ing,ia-ie,ua-uo,h-f,j-q-x	1
通用字	tōng yòng zì	53046	z-zh	1
玩儿票	wán er piào	53050	an-ang	1
胃穿孔	wèi chuān kǒng	53051	uan-uang,ai-ei,c-ch	1
窝里反	wō li fǎn	53053	an-ang,n-l,h-f,r-l	1
窝里横	wō li hèng	53054	en-eng,n-l,h-f,r-l	1
乌拉草	wù la cǎo	53056	ao-ou,c-ch,n-l,r-l	1
匣子枪	xiá zi qiāng	53057	ian-iang,ia-ie,z-zh,j-q-x	1
平流层	píng liú céng	53059	en-eng,in-ing,c-ch,n-l,r-l	1
相思豆	xiāng sī dòu	53065	ian-iang,ao-ou,s-sh,j-q-x	1
信号旗	xìn hào qí	53074	in-ing,ao-ou,h-f,j-q-x	1
牙花子	yá huā zi	53084	ua-uo,z-zh,h-f	1
夜盲症	yè máng zhèng	53090	en-eng,an-ang,z-zh	1
衣帽间	yī mào jiān	53092	ian-iang,ao-ou,j-q-x	1
便利贴	biàn lì tiē	53095	ian-iang,ia-ie,n-l,r-l	1
游戏卡	yóu xì kǎ	53100	ao-ou,j-q-x	1
珍珠贝	zhēn zhū bèi	53107	en-eng,ai-ei,z-zh	1
中山狼	zhōng shān láng	53113	an-ang,z-zh,s-sh,n-l,r-l	1
艾窝窝	ài wō wo	53124	ai-ei	1
白条猪	bái tiáo zhū	53129	ai-ei,z-zh	1
半脱产	bàn tuō chǎn	53131	an-ang,ua-uo,c-ch	1
包圆儿	bāo yuán er	53134	uan-uang,ao-ou	1
保鲜袋	bǎo xiān dài	53135	ian-iang,ai-ei,ao-ou,j-q-x	1
爆破手	bào pò shǒu	53136	ao-ou,s-sh	1
背带裙	bēi dài qún	53137	ai-ei,j-q-x	1
北温带	běi wēn dài	53139	en-eng,ai-ei	1
备不住	bèi bu zhù	53140	ai-ei,z-zh	1
笨活儿	bèn huó er	53143	en-eng,ua-uo,h-f	1
表面光	biǎo miàn guāng	53148	ian-iang,uan-uang	1
不摸头	bù mō tóu	53151	ao-ou	1
掺沙子	chān shā zi	53155	an-ang,z-zh,c-ch,s-sh	1
朝阳花	cháo yáng huā	53157	an-ang,ao-ou,ua-uo,c-ch,h-f	1
吃鸭蛋	chī yā dàn	53161	an-ang,c-ch	1
穿堂门	chuān táng mén	53164	en-eng,an-ang,uan-uang,c-ch	1
串味儿	chuàn wèi er	53165	uan-uang,ai-ei,c-ch	1
寸劲儿	cùn jìn er	53174	in-ing,c-ch,j-q-x	1
大姨子	dà yí zi	53176	z-zh	1
倒插笔	dào chā bǐ	53179	ao-ou,c-ch	1
对比色	duì bǐ sè	53202	s-sh	1
多音字	duō yīn zì	53204	in-ing,ua-uo,z-zh	1
费手脚	fèi shǒu jiǎo	53213	ai-ei,ao-ou,s-sh,h-f,j-q-x	1
覆盆子	fù pén zǐ	53219	en-eng,z-zh,h-f	1
高祖父	gāo zǔ fù	53223	ao-ou,z-zh,h-f	1
果子酱	guǒ zi jiàng	53228	ian-iang,ua-uo,z-zh,j-q-x	1
过劳死	guò láo sǐ	53229	ao-ou,ua-uo,s-sh,n-l,r-l	1
过堂风	guò táng fēng	53230	en-eng,an-ang,ua-uo,h-f	1
横坐标	héng zuò biāo	53243	en-eng,ua-uo,z-zh,h-f	1
蝴蝶斑	hú dié bān	53251	an-ang,ia-ie,h-f	1
踝子骨	huái zi gǔ	53256	z-zh,h-f	3
活扣儿	huó kòu er	53260	ao-ou,ua-uo,h-f	1
间奏曲	jiān zòu qǔ	53263	ian-iang,ao-ou,z-zh,j-q-x	1
净产值	jìng chǎn zhí	53272	in-ing,an-ang,z-zh,c-ch,j-q-x	1
绝缘性	jué yuán xìng	53281	in-ing,uan-uang,j-q-x	1
掘土机	jué tǔ jī	53282	j-q-x	1
矿泉壶	kuàng quán hú	53301	uan-uang,h-f,j-q-x	1
老板桌	lǎo bǎn zhuō	53303	an-ang,ao-ou,ua-uo,z-zh,n-l,r-l	1
老油子	lǎo yóu zi	53304	ao-ou,z-zh,n-l,r-l	1
连脚裤	lián jiǎo kù	53306	ian-iang,n-l,r-l,j-q-x	1
炼铁炉	liàn tiě lú	53308	ian-iang,ia-ie,n-l,r-l	1
两分法	liǎng fēn fǎ	53309	en-eng,ian-iang,n-l,h-f,r-l	1
两面光	liǎng miàn guāng	53310	ian-iang,uan-uang,n-l,r-l	1
麻织品	má zhī pǐn	53317	in-ing,z-zh	1
马海毛	mǎ hǎi máo	53318	ai-ei,ao-ou,h-f	1
马蹄表	mǎ tí biǎo	53319		1
骂大街	mà dà jiē	53320	ia-ie,j-q-x	1
毛烘烘	máo hōng hōng	53323	ao-ou,h-f	1
闷罐子	mèn guàn zǐ	53327	en-eng,uan-uang,z-zh	1
米豆腐	mǐ dòu fu	53328	ao-ou,h-f	1
蜜罐儿	mì guàn er	53329	uan-uang	1
哪会儿	nǎ huì er	53339	n-l,h-f	1
奶豆腐	nǎi dòu fu	53340	ai-ei,ao-ou,n-l,h-f	1
凝固剂	níng gù jì	53345	in-ing,n-l,j-q-x	1
牛肝菌	niú gān jùn	53346	an-ang,n-l,j-q-x	1
泡蘑菇	pào mó gu	53350	ao-ou	1
片儿汤	piàn er tāng	53354	an-ang,ian-iang	1
轻金属	qīng jīn shǔ	53365	in-ing,s-sh,j-q-x	1
驱虫剂	qū chóng jì	53366	c-ch,j-q-x	1
取景器	qǔ jǐng qì	53367	in-ing,j-q-x	1
卫生球	wèi shēng qiú	53381	en-eng,ai-ei,s-sh,j-q-x	1
洗染店	xǐ rǎn diàn	53383	an-ang,ian-iang,r-l,j-q-x	1
橡皮圈	xiàng pí quān	53384	ian-iang,uan-uang,j-q-x	1
橡皮糖	xiàng pí táng	53385	an-ang,ian-iang,j-q-x	1
语料库	yǔ liào kù	53392	n-l,r-l	1
乘务长	chéng wù zhǎng	53403	en-eng,an-ang,z-zh,c-ch	1
吃劳保	chī láo bǎo	53404	ao-ou,c-ch,n-l,r-l	1
打边鼓	dǎ biān gǔ	53406	ian-iang	1
订书机	dìng shū jī	53409	in-ing,s-sh,j-q-x	1
独奏曲	dú zòu qǔ	53410	ao-ou,z-zh,j-q-x	1
华氏度	huá shì dù	53418	ua-uo,s-sh,h-f	1
黄昏恋	huáng hūn liàn	53419	ian-iang,uan-uang,n-l,h-f,r-l	1
回车键	huí chē jiàn	53420	ian-iang,c-ch,h-f,j-q-x	1
留后手	liú hòu shǒu	53430	ao-ou,s-sh,n-l,h-f,r-l	1
耍手段	shuǎ shǒu duàn	53442	uan-uang,ao-ou,ua-uo,s-sh	1
随大溜	suí dà liù	53444	s-sh,n-l,r-l	1
太空步	tài kōng bù	53445	ai-ei	1
太空棉	tài kōng mián	53446	ian-iang,ai-ei	1
万年历	wàn nián lì	53448	an-ang,ian-iang,n-l,r-l	1
泄洪闸	xiè hóng zhá	53451	ia-ie,z-zh,h-f,j-q-x	1
性价比	xìng jià bǐ	53453	in-ing,ia-ie,j-q-x	1
引申义	yǐn shēn yì	53456	en-eng,in-ing,s-sh	1
差等生	chā děng shēng	53460	en-eng,c-ch,s-sh	1
跌打丸	diē dǎ wán	53465	an-ang,ia-ie	1
脊髓炎	jǐ suǐ yán	53472	an-ang,s-sh,j-q-x	1
将军肚	jiāng jūn dù	53473	ian-iang,j-q-x	1
落地扇	luò dì shàn	53480	an-ang,ua-uo,s-sh,n-l,r-l	1
马屁精	mǎ pì jīng	53481	in-ing,j-q-x	1
马尾辫	mǎ wěi biàn	53482	ian-iang,ai-ei	1
十进制	shí jìn zhì	53491	in-ing,z-zh,s-sh,j-q-x	1
下三烂	xià sān làn	53495	an-ang,ia-ie,s-sh,n-l,r-l,j-q-x	1
产褥期	chǎn rù qī	53500	an-ang,c-ch,r-l,j-q-x	1
长筒靴	cháng tǒng xuē	53501	an-ang,c-ch,j-q-x	1
扯后腿	chě hòu tuǐ	53502	ao-ou,c-ch,h-f	1
多义词	duō yì cí	53504	ua-uo,c-ch	1
盖浇饭	gài jiāo fàn	53505	an-ang,ai-ei,h-f,j-q-x	1
猴儿急	hóu er jí	53507	ao-ou,h-f,j-q-x	1
精子库	jīng zǐ kù	53509	in-ing,z-zh,j-q-x	1
弹簧秤	tán huáng chèng	53519	en-eng,an-ang,uan-uang,c-ch,h-f	1
羊角风	yáng jiǎo fēng	53520	en-eng,an-ang,h-f,j-q-x	1
遮阳镜	zhē yáng jìng	53523	in-ing,an-ang,z-zh,j-q-x	1
婚外孕	hūn wài yùn	53527	ai-ei,h-f	1
节育环	jié yù huán	53528	uan-uang,ia-ie,h-f,j-q-x	1
开心丸	kāi xīn wán	53531	in-ing,an-ang,ai-ei,j-q-x	1
烈性子	liè xìng zi	53532	in-ing,ia-ie,z-zh,n-l,r-l,j-q-x	1
零杂工	líng zá gōng	53533	in-ing,z-zh,n-l,r-l	1
闽方言	mǐn fāng yán	53539	in-ing,an-ang,h-f	1
湘方言	xiāng fāng yán	53544	an-ang,ian-iang,h-f,j-q-x	1
正方体	zhèng fāng tǐ	53547	en-eng,an-ang,z-zh,h-f	1
南温带	nán wēn dài	53548	en-eng,an-ang,ai-ei,n-l	1
