一个劲	yí gè jìn	53555	in-ing,j-q-x	1
一令纸	yī lǐng zhǐ	53573	in-ing,z-zh,n-l,r-l	1
一元论	yī yuán lùn	53589	uan-uang,n-l,r-l	1
一出戏	yì chū xì	53590	c-ch,j-q-x	1
一分子	yī fèn zǐ	53593	en-eng,z-zh,h-f	1
一分钟	yì fēn zhōng	53594	en-eng,z-zh,h-f	1
一匹马	yì pǐ mǎ	53603		1
一回儿	yì huí er	53623	h-f	1
一场梦	yì cháng mèng	53626	en-eng,an-ang,c-ch	1
一场雨	yī cháng yǔ	53627	an-ang,c-ch	1
一夜情	yí yè qíng	53634	in-ing,j-q-x	1
一大半	yī dà bàn	53636	an-ang	1
一大堆	yī dà duī	53637		1
一大把	yī dà bǎ	53638		1
一头热	yī tóu rè	53644	ao-ou,r-l	1
一年级	yì nián jí	53675	ian-iang,n-l,j-q-x	1
一把子	yī bà zi	53693	z-zh	1
一抹黑	yī mǒ hēi	53696	ai-ei,h-f	1
一掊土	yī póu tǔ	53697	ao-ou	3
一服药	yī fù yào	53721	ao-ou,h-f	1
一枝香	yī zhī xiāng	53735	ian-iang,z-zh,j-q-x	1
一步步	yí bù bù	53742		1
一沓纸	yì dá zhǐ	53750	z-zh	3
一溜风	yī liù fēng	53758	en-eng,n-l,h-f,r-l	1
一点钟	yì diǎn zhōng	53760	ian-iang,z-zh	1
一百亿	yì bǎi yì	53778	ai-ei	1
一直走	yì zhí zǒu	53781	ao-ou,z-zh	1
一神教	yī shén jiào	53788	en-eng,s-sh,j-q-x	1
一窝风	yī wō fēng	53792	en-eng,h-f	1
一等奖	yì děng jiǎng	53799	en-eng,ian-iang,j-q-x	1
一而再	yì ér zài	53807	ai-ei,z-zh	1
一股劲	yì gǔ jìn	53808	in-ing,j-q-x	1
一艘船	yì sōu chuán	53814	uan-uang,ao-ou,c-ch,s-sh	1
一行人	yī xíng rén	53818	en-eng,in-ing,r-l,j-q-x	1
一长串	yī cháng chuàn	53855	an-ang,uan-uang,c-ch	1
一霎那	yī shà nà	53863	s-sh,n-l	1
一面倒	yí miàn dǎo	53866	ian-iang,ao-ou	1
一驮粮	yí duò liáng	53869	ian-iang,ua-uo,n-l,r-l	1
丁公藤	dīng gōng téng	53883	en-eng,in-ing	1
七叶树	qī yè shù	53896	s-sh,j-q-x	1
七大洲	qī dà zhōu	53899	ao-ou,z-zh,j-q-x	1
万应锭	wàn yìng dìng	53954	in-ing,an-ang	3
三不知	sān bù zhī	53990	an-ang,z-zh,s-sh	1
三八节	sān bā jié	53999	an-ang,ia-ie,s-sh,j-q-x	1
三十儿	sān shí er	54003	an-ang,s-sh	1
三十六	sān shí liù	54004	an-ang,s-sh,n-l,r-l	1
三叶虫	sān yè chóng	54011	an-ang,c-ch,s-sh	1
三合会	sān hé huì	54014	an-ang,s-sh,h-f	1
三合房	sān hé fáng	54015	an-ang,s-sh,h-f	1
三家村	sān jiā cūn	54040	an-ang,ia-ie,c-ch,s-sh,j-q-x	1
三折肱	sān zhé gōng	54052	an-ang,z-zh,s-sh	3
三结合	sān jié hé	54072	an-ang,ia-ie,s-sh,h-f,j-q-x	1
三脚猫	sān jiǎo māo	54075	an-ang,ao-ou,s-sh,j-q-x	1
三色堇	sān sè jǐn	54076	in-ing,an-ang,s-sh,j-q-x	3
三角学	sān jiǎo xué	54086	an-ang,s-sh,j-q-x	1
三连冠	sān lián guàn	54090	an-ang,ian-iang,uan-uang,s-sh,n-l,r-l	1
上下床	shàng xià chuáng	54103	an-ang,uan-uang,ia-ie,c-ch,s-sh,j-q-x	1
上半晌	shàng bàn shǎng	54116	an-ang,s-sh	1
上半身	shàng bàn shēn	54117	en-eng,an-ang,s-sh	1
上场门	shàng chǎng mén	54122	en-eng,an-ang,c-ch,s-sh	1
上方剑	shàng fāng jiàn	54145	an-ang,ian-iang,s-sh,h-f,j-q-x	1
上等兵	shàng děng bīng	54164	en-eng,in-ing,an-ang,s-sh	1
上西天	shàng xī tiān	54169	an-ang,ian-iang,s-sh,j-q-x	1
下工夫	xià gōng fū	54186	ia-ie,h-f,j-q-x	1
下巴颏	xià bā kē	54187	ia-ie,j-q-x	3
不一定	bù yí dìng	54202	in-ing	1
不一样	bù yí yàng	54203	an-ang	1
不中用	bù zhōng yòng	54209	z-zh	1
不争气	bù zhēng qì	54222	en-eng,z-zh,j-q-x	1
不人道	bù rén dào	54229	en-eng,ao-ou,r-l	1
不介意	bù jiè yì	54231	ia-ie,j-q-x	1
不做声	bù zuò shēng	54255	en-eng,ua-uo,z-zh,s-sh	1
不切题	bú qiè tí	54275	ia-ie,j-q-x	1
不到位	bú dào wèi	54281	ai-ei,ao-ou	1
不及格	bù jí gé	54291	j-q-x	1
不可分	bù kě fēn	54300	en-eng,h-f	1
不名誉	bù míng yù	54334	in-ing	1
不含糊	bù hán hù	54339	an-ang,h-f	1
不周延	bù zhōu yán	54341	an-ang,ao-ou,z-zh	1
不在意	bù zài yì	54348	ai-ei,z-zh	1
不夜城	bù yè chéng	54360	en-eng,c-ch	1
不大离	bù dà lí	54364	n-l,r-l	1
不好看	bù hǎo kàn	54371	an-ang,ao-ou,h-f	1
不好过	bù hǎo guò	54372	ao-ou,ua-uo,h-f	1
不如意	bù rú yì	54374	r-l	1
不安分	bù ān fèn	54384	en-eng,an-ang,h-f	1
不客气	bú kè qì	54387	j-q-x	1
不屑意	bú xiè yì	54395	ia-ie,j-q-x	1
不得劲	bù dé jìn	54418	in-ing,j-q-x	1
不得志	bù dé zhì	54421	z-zh	1
不打紧	bù dǎ jǐn	54453	in-ing,j-q-x	1
不方便	bù fāng biàn	54489	an-ang,ian-iang,h-f	1
不旋踵	bù xuán zhǒng	54490	uan-uang,z-zh,j-q-x	3
不服气	bù fú qì	54500	h-f,j-q-x	1
不来梅	bù lái méi	54507	ai-ei,n-l,r-l	1
不正常	bú zhèng cháng	54517	en-eng,an-ang,z-zh,c-ch	1
不犯着	bù fàn zháo	54532	an-ang,ao-ou,z-zh,h-f	1
不甘心	bù gān xīn	54535	in-ing,an-ang,j-q-x	1
不相干	bù xiāng gān	54547	an-ang,ian-iang,j-q-x	1
不相称	bù xiāng chèn	54548	en-eng,ian-iang,c-ch,j-q-x	1
不等号	bù děng hào	54596	en-eng,ao-ou,h-f	1
不耐烦	bù nài fán	54615	an-ang,ai-ei,n-l,h-f	1
不能不	bù néng bù	54625	en-eng,n-l	1
不自在	bù zì zài	54630	ai-ei,z-zh	1
不舒服	bù shū fú	54634	s-sh,h-f	1
不要怕	bú yào pà	54648	ao-ou	1
不见了	bú jiàn le	54651	ian-iang,n-l,r-l,j-q-x	1
不记得	bú jì dé	54662	j-q-x	1
不象话	bù xiàng huà	54682	ian-iang,ua-uo,h-f,j-q-x	1
不起诉	bù qǐ sù	54688	s-sh,j-q-x	1
不适合	bú shì hé	54711	s-sh,h-f	1
不透明	bú tòu míng	54712	in-ing,ao-ou	1
不道德	bù dào dé	54722	ao-ou	1
不重要	bú zhòng yào	54731	ao-ou,z-zh	1
专名号	zhuān míng hào	54782	in-ing,uan-uang,ao-ou,z-zh,h-f	1
世纪末	shì jì mò	54798	s-sh,j-q-x	1
东北虎	dōng běi hǔ	54811	ai-ei,h-f	1
东南欧	dōng nán ōu	54818	an-ang,ao-ou,n-l	1
东洋车	dōng yáng chē	54848	an-ang,c-ch	1
丝瓜络	sī guā luò	54884	ua-uo,s-sh,n-l,r-l	1
两头蛇	liǎng tóu shé	54894	ian-iang,ao-ou,s-sh,n-l,r-l	1
两栖类	liǎng qī lèi	54901	ian-iang,ai-ei,n-l,r-l,j-q-x	1
两边倒	liǎng biān dǎo	54909	ian-iang,ao-ou,n-l,r-l	1
丧气话	sàng qì huà	54921	an-ang,ua-uo,s-sh,h-f,j-q-x	1
丧葬费	sāng zàng fèi	54925	an-ang,ai-ei,z-zh,s-sh,h-f	1
丧门神	sàng mén shén	54928	en-eng,an-ang,s-sh	1
个旧市	gè jiù shì	54935	s-sh,j-q-x	1
中国人	zhōng guó rén	54945	en-eng,ua-uo,z-zh,r-l	1
中国字	zhōng guó zì	54946	ua-uo,z-zh	1
中国海	zhōng guó hǎi	54948	ai-ei,ua-uo,z-zh,h-f	1
串并联	chuàn bìng lián	54999	in-ing,ian-iang,uan-uang,c-ch,n-l,r-l	1
临界角	lín jiè jiǎo	55011	in-ing,ia-ie,n-l,r-l,j-q-x	1
义和拳	yì hé quán	55101	uan-uang,h-f,j-q-x	1
乌压压	wū yā yā	55112		1
乌拉圭	wū la guī	55118	n-l,r-l	3
乌梢蛇	wū shāo shé	55120	ao-ou,s-sh	1
乌骨鸡	wū gǔ jī	55124	j-q-x	1
乐亭县	lào tíng xiàn	55134	in-ing,ian-iang,ao-ou,n-l,r-l,j-q-x	1
乐府诗	yuè fǔ shī	55152	s-sh,h-f	1
乐颠颠	lè diān diān	55187	ian-iang,n-l,r-l	1
九回肠	jiǔ huí cháng	55243	an-ang,c-ch,h-f,j-q-x	1
九尾狐	jiǔ wěi hú	55248	ai-ei,h-f,j-q-x	1
九折臂	jiǔ zhé bì	55249	z-zh,j-q-x	1
九重关	jiǔ chóng guān	55260	uan-uang,c-ch,j-q-x	1
九重城	jiǔ chóng chéng	55261	en-eng,c-ch,j-q-x	1
九重墙	jiǔ chóng qiáng	55262	ian-iang,c-ch,j-q-x	1
九重天	jiǔ chóng tiān	55263	ian-iang,c-ch,j-q-x	1
九重宫	jiǔ chóng gōng	55264	c-ch,j-q-x	1
九重泉	jiǔ chóng quán	55265	uan-uang,c-ch,j-q-x	1
九重锁	jiǔ chóng suǒ	55266	ua-uo,c-ch,s-sh,j-q-x	1
九重闺	jiǔ chóng guī	55267	c-ch,j-q-x	1
九重阁	jiǔ chóng gé	55268	c-ch,j-q-x	1
九重霄	jiǔ chóng xiāo	55269	c-ch,j-q-x	1
习字帖	xí zì tiè	55278	ia-ie,z-zh,j-q-x	1
习字簿	xí zì bù	55279	z-zh,j-q-x	1
买关节	mǎi guān jié	55306	uan-uang,ai-ei,ia-ie,j-q-x	1
买得起	mǎi de qǐ	55307	ai-ei,j-q-x	1
了望台	liào wàng tái	55331	an-ang,ai-ei,n-l,r-l	1
事务员	shì wù yuán	55361	uan-uang,s-sh	1
事实上	shì shí shàng	55364	an-ang,s-sh	1
二人台	èr rén tái	55372	en-eng,ai-ei,r-l	1
二化螟	èr huà míng	55376	in-ing,ua-uo,h-f	3
二地主	èr dì zhǔ	55378	z-zh	1
二重根	èr chóng gēn	55386	en-eng,c-ch	1
二面角	èr miàn jiǎo	55387	ian-iang,j-q-x	1
互助组	hù zhù zǔ	55468	z-zh,h-f	1
五台山	wǔ tái shān	55483	an-ang,ai-ei,s-sh	1
五金行	wǔ jīn háng	55517	in-ing,an-ang,h-f,j-q-x	1
交叉点	jiāo chā diǎn	55575	ian-iang,c-ch,j-q-x	1
交换台	jiāo huàn tái	55582	uan-uang,ai-ei,h-f,j-q-x	1
交通员	jiāo tōng yuán	55593	uan-uang,j-q-x	1
京片子	jīng piàn zi	55604	in-ing,ian-iang,z-zh,j-q-x	1
亲兄弟	qīn xiōng dì	55613	in-ing,j-q-x	1
人参果	rén shēn guǒ	55648	en-eng,ua-uo,s-sh,r-l	1
人性论	rén xìng lùn	55666	en-eng,in-ing,n-l,r-l,j-q-x	1
人轧人	rén gá rén	55691	en-eng,r-l	1
什么事	shén me shì	55699	en-eng,s-sh	1
什件儿	shí jiàn ér	55701	ian-iang,s-sh,j-q-x	1
仅次于	jǐn cì yú	55716	in-ing,c-ch,j-q-x	1
今儿个	jīn ér gè	55724	in-ing,j-q-x	1
仕女图	shì nǚ tú	55775	s-sh,n-l	3
他们俩	tā men liǎ	55778	en-eng,ia-ie,n-l,r-l	1
他们的	tā men de	55779	en-eng	1
代数和	dài shù hé	55798	ai-ei,s-sh,h-f	1
代数学	dài shù xué	55799	ai-ei,s-sh,j-q-x	1
代数式	dài shù shì	55800	ai-ei,s-sh	1
代数数	dài shù shù	55801	ai-ei,s-sh	1
任意球	rèn yì qiú	55941	en-eng,r-l,j-q-x	1
休耕地	xiū gēng dì	55978	en-eng,j-q-x	1
众生相	zhòng shēng xiàng	55996	en-eng,ian-iang,z-zh,s-sh,j-q-x	1
优待券	yōu dài quàn	56004	uan-uang,ai-ei,ao-ou,j-q-x	1
优惠券	yōu huì quàn	56005	uan-uang,ao-ou,h-f,j-q-x	1
会议室	huì yì shì	56031	s-sh,h-f	1
传令兵	chuán lìng bīng	56045	in-ing,uan-uang,c-ch,n-l,r-l	1
传动带	chuán dòng dài	56047	uan-uang,ai-ei,c-ch	1
传声器	chuán shēng qì	56052	en-eng,uan-uang,c-ch,s-sh,j-q-x	1
传纸条	chuán zhǐ tiáo	56060	uan-uang,z-zh,c-ch	1
伯利兹	bó lì zī	56079	z-zh,n-l,r-l	1
伯尔尼	bó ěr ní	56083	n-l	1
伯祖母	bó zǔ mǔ	56088	z-zh	1
估堆儿	gū duī ér	56090		1
伸缩性	shēn suō xìng	56096	en-eng,in-ing,ua-uo,s-sh,j-q-x	1
伸舌头	shēn shé tou	56097	en-eng,ao-ou,s-sh	1
伽利略	jiā lì lüè	56112	ia-ie,n-l,r-l,j-q-x	3
住一宿	zhù yì xiǔ	56131	z-zh,j-q-x	1
住宅区	zhù zhái qū	56132	ai-ei,z-zh,j-q-x	1
体态语	tǐ tài yǔ	56144	ai-ei	1
体温表	tǐ wēn biǎo	56149	en-eng	1
何仙姑	hé xiān gū	56162	ian-iang,h-f,j-q-x	1
何许人	hé xǔ rén	56174	en-eng,h-f,r-l,j-q-x	1
佛光寺	fó guāng sì	56190	uan-uang,s-sh,h-f	1
佛山市	fó shān shì	56196	an-ang,s-sh,h-f	1
佛手柑	fó shǒu gān	56200	an-ang,ao-ou,s-sh,h-f	1
佛教徒	fó jiào tú	56201	h-f,j-q-x	1
佛甲草	fó jiǎ cǎo	56202	ao-ou,ia-ie,c-ch,h-f,j-q-x	1
你们俩	nǐ men liǎ	56223	en-eng,ia-ie,n-l,r-l	1
你们的	nǐ men de	56224	en-eng,n-l	1
侄女儿	zhí nǚ ér	56241	z-zh,n-l	1
侍应生	shì yìng shēng	56250	en-eng,in-ing,s-sh	1
侏儒症	zhū rú zhèng	56254	en-eng,z-zh,r-l	3
供欣赏	gōng xīn shǎng	56261	in-ing,an-ang,s-sh,j-q-x	1
便宜货	pián yí huò	56293	ian-iang,ua-uo,h-f	1
便步走	biàn bù zǒu	56296	ian-iang,ao-ou,z-zh	1
俎上肉	zǔ shàng ròu	56298	an-ang,ao-ou,z-zh,s-sh,r-l	3
俗体字	sú tǐ zì	56306	z-zh,s-sh	1
保不齐	bǎo bù qí	56310	ao-ou,j-q-x	1
保得住	bǎo de zhù	56313	ao-ou,z-zh	1
保真度	bǎo zhēn dù	56314	en-eng,ao-ou,z-zh	1
倒不是	dào bú shì	56365	ao-ou,s-sh	1
倒不错	dào bú cuò	56366	ao-ou,ua-uo,c-ch	1
倒儿爷	dǎo er yé	56371	ao-ou	1
倒出去	dào chū qù	56375	ao-ou,c-ch,j-q-x	1
倒出来	dào chū lái	56376	ai-ei,ao-ou,c-ch,n-l,r-l	1
倒卵形	dào luǎn xíng	56379	in-ing,uan-uang,ao-ou,n-l,r-l,j-q-x	1
倒垃圾	dào lā jī	56389	ao-ou,n-l,r-l,j-q-x	1
倒带键	dào dài jiàn	56396	ian-iang,ai-ei,ao-ou,j-q-x	1
倒憋气	dào biē qì	56401	ao-ou,ia-ie,j-q-x	1
倒数式	dào shù shì	56417	ao-ou,s-sh	1
倒数比	dào shù bǐ	56418	ao-ou,s-sh	1
倒片机	dào piàn jī	56427	ian-iang,ao-ou,j-q-x	1
倒牌子	dǎo pái zi	56428	ai-ei,ao-ou,z-zh	1
倒背手	dào bèi shǒu	56436	ai-ei,ao-ou,s-sh	1
倒脉冲	dào mài chōng	56437	ai-ei,ao-ou,c-ch	1
倒苦水	dào kǔ shuǐ	56438	ao-ou,s-sh	1
倒血霉	dǎo xuè méi	56442	ai-ei,ao-ou,j-q-x	1
倒装句	dào zhuāng jù	56444	uan-uang,ao-ou,z-zh,j-q-x	1
倒读数	dào dú shù	56448	ao-ou,s-sh	1
倒踏门	dào tà mén	56450	en-eng,ao-ou	1
倒轮闸	dào lún zhá	56452	ao-ou,z-zh,n-l,r-l	1
倒过儿	dào guò ér	56454	ao-ou,ua-uo	1
倒过去	dào guò qù	56455	ao-ou,ua-uo,j-q-x	1
倒过来	dào guò lái	56456	ai-ei,ao-ou,ua-uo,n-l,r-l	1
倡议书	chàng yì shū	56499	an-ang,c-ch,s-sh	1
倾斜度	qīng xié dù	56512	in-ing,ia-ie,j-q-x	1
假分数	jiǎ fēn shù	56531	en-eng,ia-ie,s-sh,h-f,j-q-x	1
假慈悲	jiǎ cí bēi	56534	ai-ei,ia-ie,c-ch,j-q-x	1
做好事	zuò hǎo shì	56557	ao-ou,ua-uo,z-zh,s-sh,h-f	1
做衣服	zuò yī fú	56560	ua-uo,z-zh,h-f	1
偶函数	ǒu hán shù	56566	an-ang,ao-ou,s-sh,h-f	1
傅立叶	fù lì yè	56572	n-l,h-f,r-l	1
催吐剂	cuī tǔ jì	56582	c-ch,j-q-x	1
儿女债	ér nǚ zhài	56602	ai-ei,z-zh,n-l	1
先验论	xiān yàn lùn	56634	an-ang,ian-iang,n-l,r-l,j-q-x	1
克分子	kè fēn zǐ	56653	en-eng,z-zh,h-f	1
克格勃	kè gé bó	56658		1
兑换券	duì huàn quàn	56663	uan-uang,h-f,j-q-x	1
入口处	rù kǒu chù	56685	ao-ou,c-ch,r-l	1
八卦教	bā guà jiào	56711	ua-uo,j-q-x	1
八斗才	bā dǒu cái	56718	ai-ei,ao-ou,c-ch	1
八行书	bā háng shū	56725	an-ang,s-sh,h-f	1
八达岭	bā dá lǐng	56727	in-ing,n-l,r-l	1
公休日	gōng xiū rì	56733	r-l,j-q-x	1
公倍数	gōng bèi shù	56734	ai-ei,s-sh	1
公共课	gōng gòng kè	56742		1
公分子	gōng fēn zǐ	56743	en-eng,z-zh,h-f	1
公切线	gōng qiē xiàn	56744	ian-iang,ia-ie,j-q-x	1
公约数	gōng yuē shù	56765	s-sh	1
六六六	liù liù liù	56772	n-l,r-l	1
六指儿	liù zhǐ ér	56783	z-zh,n-l,r-l	1
六月雪	liù yuè xuě	56785	n-l,r-l,j-q-x	1
六盘山	liù pán shān	56794	an-ang,s-sh,n-l,r-l	1
兰陵王	lán líng wáng	56819	in-ing,an-ang,n-l,r-l	1
共价键	gòng jià jiàn	56822	ian-iang,ia-ie,j-q-x	1
共同社	gòng tóng shè	56826	s-sh	1
共和党	gòng hé dǎng	56829	an-ang,h-f	1
共存亡	gòng cún wáng	56830	an-ang,c-ch	1
共振器	gòng zhèn qì	56832	en-eng,z-zh,j-q-x	1
共生矿	gòng shēng kuàng	56836	en-eng,uan-uang,s-sh	1
共聚物	gòng jù wù	56840	j-q-x	1
共进会	gòng jìn huì	56843	in-ing,h-f,j-q-x	1
共鸣器	gòng míng qì	56845	in-ing,j-q-x	1
关系学	guān xì xué	56848	uan-uang,j-q-x	1
关节点	guān jié diǎn	56849	ian-iang,uan-uang,ia-ie,j-q-x	1
关节痛	guān jié tòng	56850	uan-uang,ia-ie,j-q-x	1
关键期	guān jiàn qī	56851	ian-iang,uan-uang,j-q-x	1
兴中会	xīng zhōng huì	56855	in-ing,z-zh,h-f,j-q-x	1
内侄女	nèi zhí nǚ	56938	ai-ei,z-zh,n-l	1
内切圆	nèi qiē yuán	56944	uan-uang,ai-ei,ia-ie,n-l,j-q-x	1
内心里	nèi xīn lǐ	56958	in-ing,ai-ei,n-l,r-l,j-q-x	1
内斜视	nèi xié shì	56961	ai-ei,ia-ie,s-sh,n-l,j-q-x	1
内果皮	nèi guǒ pí	56962	ai-ei,ua-uo,n-l	1
内陆海	nèi lù hǎi	56975	ai-ei,n-l,h-f,r-l	1
再一次	zài yí cì	56981	ai-ei,z-zh,c-ch	1
冒尖户	mào jiān hù	56995	ian-iang,ao-ou,h-f,j-q-x	1
冒险家	mào xiǎn jiā	56999	ian-iang,ao-ou,ia-ie,j-q-x	1
军工厂	jūn gōng chǎng	57008	an-ang,c-ch,j-q-x	1
军机处	jūn jī chù	57010	c-ch,j-q-x	1
冰川期	bīng chuān qī	57062	in-ing,uan-uang,c-ch,j-q-x	1
冰河期	bīng hé qī	57067	in-ing,h-f,j-q-x	1
冰淇淋	bīng qí lín	57071	in-ing,n-l,r-l,j-q-x	3
冰雪节	bīng xuě jié	57079	in-ing,ia-ie,j-q-x	1
冲天炮	chōng tiān pào	57092	ian-iang,ao-ou,c-ch	1
冲盹儿	chòng dǔn er	57105	c-ch	1
冲锋号	chōng fēng hào	57108	en-eng,ao-ou,c-ch,h-f	1
冲锋队	chōng fēng duì	57109	en-eng,c-ch,h-f	1
决定论	jué dìng lùn	57117	in-ing,n-l,r-l,j-q-x	1
准高速	zhǔn gāo sù	57146	ao-ou,z-zh,s-sh	1
凉一凉	liàng yī liàng	57147	ian-iang,n-l,r-l	1
凝血酶	níng xuè méi	57159	in-ing,ai-ei,n-l,j-q-x	3
几乎不	jī hū bù	57162	h-f,j-q-x	1
几何学	jǐ hé xué	57163	h-f,j-q-x	1
凤尾草	fèng wěi cǎo	57182	en-eng,ai-ei,ao-ou,c-ch,h-f	1
凹透镜	āo tòu jìng	57210	in-ing,ao-ou,j-q-x	1
凹面镜	āo miàn jìng	57211	in-ing,ian-iang,ao-ou,j-q-x	1
出差错	chū chā cuò	57235	ua-uo,c-ch	1
分子力	fēn zǐ lì	57314	en-eng,z-zh,n-l,h-f,r-l	1
分子筛	fēn zǐ shāi	57316	en-eng,ai-ei,z-zh,s-sh,h-f	1
分子量	fēn zǐ liàng	57318	en-eng,ian-iang,z-zh,n-l,h-f,r-l	1
分子钟	fēn zǐ zhōng	57319	en-eng,z-zh,h-f	1
分析语	fēn xī yǔ	57357	en-eng,h-f,j-q-x	1
分水线	fēn shuǐ xiàn	57368	en-eng,ian-iang,s-sh,h-f,j-q-x	1
分理处	fēn lǐ chù	57375	en-eng,c-ch,n-l,h-f,r-l	1
分类学	fēn lèi xué	57380	en-eng,ai-ei,n-l,h-f,r-l,j-q-x	1
分角器	fēn jiǎo qì	57393	en-eng,h-f,j-q-x	1
分解者	fēn jiě zhě	57394	en-eng,ia-ie,z-zh,h-f,j-q-x	1
分身术	fēn shēn shù	57400	en-eng,s-sh,h-f	1
分配律	fēn pèi lǜ	57403	en-eng,ai-ei,n-l,h-f,r-l	1
分销店	fēn xiāo diàn	57408	en-eng,ian-iang,h-f,j-q-x	1
切片机	qiē piàn jī	57445	ian-iang,ia-ie,j-q-x	1
列车长	liè chē zhǎng	57493	an-ang,ia-ie,z-zh,c-ch,n-l,r-l	1
创世纪	chuàng shì jì	57504	uan-uang,c-ch,s-sh,j-q-x	1
创业史	chuàng yè shǐ	57505	uan-uang,c-ch,s-sh	1
创刊词	chuàng kān cí	57510	an-ang,uan-uang,c-ch	1
创造力	chuàng zào lì	57515	uan-uang,ao-ou,z-zh,c-ch,n-l,r-l	1
初中生	chū zhōng shēng	57518	en-eng,z-zh,c-ch,s-sh	1
删节号	shān jié hào	57523	an-ang,ao-ou,ia-ie,s-sh,h-f,j-q-x	1
判别式	pàn bié shì	57524	an-ang,ia-ie,s-sh	1
刨木板	bào mù bǎn	57535	an-ang,ao-ou	1
利息率	lì xī lǜ	57544	n-l,r-l,j-q-x	1
制服呢	zhì fú ne	57611	z-zh,n-l,h-f	1
制糖厂	zhì táng chǎng	57612	an-ang,z-zh,c-ch	1
制药厂	zhì yào chǎng	57613	an-ang,ao-ou,z-zh,c-ch	1
制造厂	zhì zào chǎng	57614	an-ang,ao-ou,z-zh,c-ch	1
制革厂	zhì gé chǎng	57615	an-ang,z-zh,c-ch	1
刹不住	shā bù zhù	57618	z-zh,s-sh	1
刺激性	cì jī xìng	57632	in-ing,c-ch,j-q-x	1
刺激素	cì jī sù	57633	c-ch,s-sh,j-q-x	1
削铅笔	xiāo qiān bǐ	57673	ian-iang,j-q-x	1
剥削者	bō xuē zhě	57700	z-zh,j-q-x	1
剥花生	bāo huā shēng	57712	en-eng,ao-ou,ua-uo,s-sh,h-f	1
剥苹果	bāo píng guǒ	57713	in-ing,ao-ou,ua-uo	1
剧作家	jù zuò jiā	57716	ia-ie,ua-uo,z-zh,j-q-x	1
副产物	fù chǎn wù	57725	an-ang,c-ch,h-f	1
副油箱	fù yóu xiāng	57728	ian-iang,ao-ou,h-f,j-q-x	1
副行长	fù háng zhǎng	57731	an-ang,z-zh,h-f	1
副食品	fù shí pǐn	57732	in-ing,s-sh,h-f	1
割尾巴	gē wěi bā	57736	ai-ei	1
劈木头	pī mù tou	57755	ao-ou	1
劝业场	quàn yè chǎng	57778	an-ang,uan-uang,c-ch,j-q-x	1
办不到	bàn bú dào	57783	an-ang,ao-ou	1
办得到	bàn dé dào	57786	an-ang,ao-ou	1
功劳簿	gōng láo bù	57788	ao-ou,n-l,r-l	1
加农炮	jiā nóng pào	57798	ao-ou,ia-ie,n-l,j-q-x	1
动脉弓	dòng mài gōng	57815	ai-ei	1
努劲儿	nǔ jìn er	57833	in-ing,n-l,j-q-x	1
劳什子	láo shí zi	57847	ao-ou,z-zh,s-sh,n-l,r-l	1
勤务员	qín wù yuán	57877	in-ing,uan-uang,j-q-x	1
包乘制	bāo chéng zhì	57901	en-eng,ao-ou,z-zh,c-ch	1
包乘组	bāo chéng zǔ	57902	en-eng,ao-ou,z-zh,c-ch	1
包头市	bāo tóu shì	57905	ao-ou,s-sh	1
包干制	bāo gān zhì	57907	an-ang,ao-ou,z-zh	1
包馄饨	bāo hún tún	57913	ao-ou,h-f	3
化铁炉	huà tiě lú	57936	ia-ie,ua-uo,n-l,h-f,r-l	1
北京人	běi jīng rén	57939	en-eng,in-ing,ai-ei,r-l,j-q-x	1
北京市	běi jīng shì	57941	in-ing,ai-ei,s-sh,j-q-x	1
北京话	běi jīng huà	57942	in-ing,ai-ei,ua-uo,h-f,j-q-x	1
北伐军	běi fá jūn	57943	ai-ei,h-f,j-q-x	1
北大荒	běi dà huāng	57946	uan-uang,ai-ei,h-f	1
北寒带	běi hán dài	57948	an-ang,ai-ei,h-f	1
北戴河	běi dài hé	57951	ai-ei,h-f	1
北方人	běi fāng rén	57955	en-eng,an-ang,ai-ei,h-f,r-l	1
北海市	běi hǎi shì	57960	ai-ei,s-sh,h-f	1
北海道	běi hǎi dào	57961	ai-ei,ao-ou,h-f	1
北部湾	běi bù wān	57973	an-ang,ai-ei	1
区公所	qū gōng suǒ	58012	ua-uo,s-sh,j-q-x	1
区政府	qū zhèng fǔ	58020	en-eng,z-zh,h-f,j-q-x	1
十一月	shí yī yuè	58026	s-sh	1
十一点	shí yì diǎn	58027	ian-iang,s-sh	1
十二个	shí èr gè	58034	s-sh	1
十二属	shí èr shǔ	58035	s-sh	1
十里堡	shí lǐ pù	58063	s-sh,n-l,r-l	1
千分尺	qiān fēn chǐ	58083	en-eng,ian-iang,c-ch,h-f,j-q-x	1
千夫指	qiān fū zhǐ	58095	ian-iang,z-zh,h-f,j-q-x	1
千日红	qiān rì hóng	58110	ian-iang,h-f,r-l,j-q-x	1
升降舵	shēng jiàng duò	58159	en-eng,ian-iang,ua-uo,s-sh,j-q-x	1
半拉子	bàn lǎ zǐ	58171	an-ang,z-zh,n-l,r-l	1
半空中	bàn kōng zhōng	58178	an-ang,z-zh	1
半衰期	bàn shuāi qī	58181	an-ang,s-sh,j-q-x	1
华严宗	huá yán zōng	58190	an-ang,ua-uo,z-zh,h-f	1
华阴市	huá yīn shì	58207	in-ing,ua-uo,s-sh,h-f	1
单个儿	dān gè ér	58226	an-ang	1
单峰驼	dān fēng tuó	58239	en-eng,an-ang,ua-uo,h-f	1
单晶硅	dān jīng guī	58243	in-ing,an-ang,j-q-x	1
单纯词	dān chún cí	58249	an-ang,c-ch	1
单色光	dān sè guāng	58250	an-ang,uan-uang,s-sh	1
单音词	dān yīn cí	58254	in-ing,an-ang,c-ch	1
卖关节	mài guān jié	58261	uan-uang,ai-ei,ia-ie,j-q-x	1
卖大号	mài dà hào	58262	ai-ei,ao-ou,h-f	1
南天竹	nán tiān zhú	58285	an-ang,ian-iang,z-zh,n-l	1
南天门	nán tiān mén	58286	en-eng,an-ang,ian-iang,n-l	1
南柯梦	nán kē mèng	58304	en-eng,an-ang,n-l	3
南泥湾	nán ní wān	58310	an-ang,n-l	1
南瓜子	nán guā zǐ	58313	an-ang,ua-uo,z-zh,n-l	1
南阳市	nán yáng shì	58336	an-ang,s-sh,n-l	1
占优势	zhàn yōu shì	58363	an-ang,ao-ou,z-zh,s-sh	1
占多数	zhàn duō shù	58365	an-ang,ua-uo,z-zh,s-sh	1
占有权	zhàn yǒu quán	58368	an-ang,uan-uang,ao-ou,z-zh,j-q-x	1
卡拉奇	kǎ lā qí	58377	n-l,r-l,j-q-x	1
卡路里	kǎ lù lǐ	58381	n-l,r-l	1
印刷业	yìn shuā yè	58392	in-ing,ua-uo,s-sh	1
印刷所	yìn shuā suǒ	58393	in-ing,ua-uo,s-sh	1
印相纸	yìn xiàng zhǐ	58396	in-ing,ian-iang,z-zh,j-q-x	1
卷地皮	juàn dì pí	58426	uan-uang,j-q-x	1
卷子本	juǎn zi běn	58427	en-eng,uan-uang,z-zh,j-q-x	1
卷层云	juàn céng yún	58428	en-eng,uan-uang,c-ch,j-q-x	1
卷积云	juàn jī yún	58440	uan-uang,j-q-x	1
卷笔刀	juǎn bǐ dāo	58441	uan-uang,ao-ou,j-q-x	1
卷筒纸	juàn tǒng zhǐ	58442	uan-uang,z-zh,j-q-x	1
卷舌音	juǎn shé yīn	58445	in-ing,uan-uang,s-sh,j-q-x	1
卿大夫	qīng dà fū	58447	in-ing,h-f,j-q-x	1
压台戏	yā tái xì	58470	ai-ei,j-q-x	1
原线圈	yuán xiàn quān	58505	ian-iang,uan-uang,j-q-x	1
县知事	xiàn zhī shì	58520	ian-iang,z-zh,s-sh,j-q-x	1
参政党	cān zhèng dǎng	58532	en-eng,an-ang,z-zh,c-ch	1
参议院	cān yì yuàn	58537	an-ang,uan-uang,c-ch	1
双宾语	shuāng bīn yǔ	58558	in-ing,uan-uang,s-sh	1
双挂号	shuāng guà hào	58560	uan-uang,ao-ou,ua-uo,s-sh,h-f	1
双曲线	shuāng qū xiàn	58561	ian-iang,uan-uang,s-sh,j-q-x	1
双飞燕	shuāng fēi yàn	58566	an-ang,uan-uang,ai-ei,s-sh,h-f	1
反冲力	fǎn chōng lì	58568	an-ang,c-ch,n-l,h-f,r-l	1
反对票	fǎn duì piào	58574	an-ang,h-f	1
反射角	fǎn shè jiǎo	58576	an-ang,s-sh,h-f,j-q-x	1
反应器	fǎn yìng qì	58578	in-ing,an-ang,h-f,j-q-x	1
反应式	fǎn yìng shì	58579	in-ing,an-ang,s-sh,h-f	1
反映论	fǎn yìng lùn	58586	in-ing,an-ang,n-l,h-f,r-l	1
反气旋	fǎn qì xuán	58591	an-ang,uan-uang,h-f,j-q-x	1
反转片	fǎn zhuǎn piàn	58600	an-ang,ian-iang,uan-uang,z-zh,h-f	1
反间谍	fǎn jiàn dié	58602	an-ang,ian-iang,ia-ie,h-f,j-q-x	1
发牢骚	fā láo sāo	58636	ao-ou,s-sh,n-l,h-f,r-l	1
发电厂	fā diàn chǎng	58637	an-ang,ian-iang,c-ch,h-f	1
发端词	fā duān cí	58643	uan-uang,c-ch,h-f	1
发芽率	fā yá lǜ	58652	n-l,h-f,r-l	1
发行人	fā xíng rén	58657	en-eng,in-ing,h-f,r-l,j-q-x	1
发行量	fā xíng liàng	58658	in-ing,ian-iang,n-l,h-f,r-l,j-q-x	1
发语词	fā yǔ cí	58660	c-ch,h-f	1
发高烧	fā gāo shāo	58668	ao-ou,s-sh,h-f	1
变分法	biàn fēn fǎ	58682	en-eng,ian-iang,h-f	1
变奏曲	biàn zòu qǔ	58693	ian-iang,ao-ou,z-zh,j-q-x	1
口角炎	kǒu jué yán	58725	an-ang,ao-ou,j-q-x	1
口语体	kǒu yǔ tǐ	58728	ao-ou	1
古北口	gǔ běi kǒu	58736	ai-ei,ao-ou	1
另一面	lìng yí miàn	58752	in-ing,ian-iang,n-l,r-l	1
只不过	zhǐ bù guò	58762	ua-uo,z-zh	1
可可豆	kě kě dòu	58786	ao-ou	1
可怜相	kě lián xiàng	58789	ian-iang,n-l,r-l,j-q-x	1
可的松	kě dì sōng	58793	s-sh	1
可见度	kě jiàn dù	58795	ian-iang,j-q-x	1
可靠性	kě kào xìng	58797	in-ing,ao-ou,j-q-x	1
台南市	tái nán shì	58799	an-ang,ai-ei,s-sh,n-l	1
台湾省	tái wān shěng	58804	en-eng,an-ang,ai-ei,s-sh	1
台湾话	tāi wān huà	58805	an-ang,ai-ei,ua-uo,h-f	1
右侍郎	yòu shì láng	58817	an-ang,ao-ou,s-sh,n-l,r-l	1
叶斑病	yè bān bìng	58823	in-ing,an-ang	1
叶甜菜	yè tián cài	58827	ian-iang,ai-ei,c-ch	1
叶红素	yè hóng sù	58829	s-sh,h-f	1
叶黄素	yè huáng sù	58835	uan-uang,s-sh,h-f	1
号志灯	hào zhì dēng	58842	en-eng,ao-ou,z-zh,h-f	1
号码机	hào mǎ jī	58846	ao-ou,h-f,j-q-x	1
司务长	sī wù zhǎng	58849	an-ang,z-zh,s-sh	1
吃不了	chī bù liǎo	58858	c-ch,n-l,r-l	1
吃不服	chī bù fú	58859	c-ch,h-f	1
吃偏食	chī piān shí	58860	ian-iang,c-ch,s-sh	1
吃得下	chī de xià	58862	ia-ie,c-ch,j-q-x	1
吃得住	chī de zhù	58863	z-zh,c-ch	1
吃空额	chī kòng é	58865	c-ch	1
合伙人	hé huǒ rén	58891	en-eng,ua-uo,h-f,r-l	1
合并症	hé bìng zhèng	58895	en-eng,in-ing,z-zh,h-f	1
合成词	hé chéng cí	58899	en-eng,c-ch,h-f	1
合法性	hé fǎ xìng	58901	in-ing,h-f,j-q-x	1
合议制	hé yì zhì	58912	z-zh,h-f	1
吉卜赛	jí bǔ sài	58917	ai-ei,s-sh,j-q-x	1
同一律	tóng yī lǜ	58923	n-l,r-l	1
同一性	tóng yī xìng	58924	in-ing,j-q-x	1
同义字	tóng yì zì	58927	z-zh	1
同乐会	tóng lè huì	58928	n-l,h-f,r-l	1
同呼吸	tóng hū xī	58940	h-f,j-q-x	1
同情心	tóng qíng xīn	58993	in-ing,j-q-x	1
同温层	tóng wēn céng	59013	en-eng,c-ch	1
同盟国	tóng méng guó	59019	en-eng,ua-uo	1
同音词	tóng yīn cí	59042	in-ing,c-ch	1
吐口水	tù kǒu shuǐ	59082	ao-ou,s-sh	1
吐绶鸡	tǔ shòu jī	59091	ao-ou,s-sh,j-q-x	3
吐谷浑	tǔ yù hún	59095	h-f	1
含水量	hán shuǐ liàng	59132	an-ang,ian-iang,s-sh,n-l,h-f,r-l	1
听不懂	tīng bù dǒng	59147	in-ing	1
听不清	tīng bù qīng	59148	in-ing,j-q-x	1
听得到	tīng de dào	59150	in-ing,ao-ou	1
听得懂	tīng de dǒng	59151	in-ing	1
听得见	tīng de jiàn	59152	in-ing,ian-iang,j-q-x	1
呒淘成	wǔ táo chéng	59209	en-eng,ao-ou,c-ch	3
呼啦啦	hū lā lā	59252	n-l,h-f,r-l	1
命令句	mìng lìng jù	59264	in-ing,n-l,r-l,j-q-x	1
和事老	hé shì lǎo	59275	ao-ou,s-sh,n-l,h-f,r-l	1
和氏璧	hé shì bì	59282	s-sh,h-f	1
咖啡店	kā fēi diàn	59303	ian-iang,ai-ei,h-f	1
咽下去	yàn xià qù	59326	an-ang,ia-ie,j-q-x	1
咽口水	yàn kǒu shuǐ	59327	an-ang,ao-ou,s-sh	1
咽峡炎	yān xiá yán	59329	an-ang,ia-ie,j-q-x	1
哄孩子	hǒng hái zi	59356	ai-ei,z-zh,h-f	1
哄小孩	hǒng xiǎo hái	59357	ai-ei,h-f,j-q-x	1
哈什蚂	hà shí mǎ	59362	s-sh,h-f	1
哗啦啦	huā lā lā	59382	ua-uo,n-l,h-f,r-l	1
哥儿俩	gē er liǎ	59385	ia-ie,n-l,r-l	1
哪里都	nǎ li dōu	59391	ao-ou,n-l,r-l	1
哪门子	nǎ mén zi	59392	en-eng,z-zh,n-l	1
哺乳假	bǔ rǔ jià	59398	ia-ie,r-l,j-q-x	1
唯理论	wéi lǐ lùn	59422	ai-ei,n-l,r-l	1
唱片儿	chàng piān er	59425	an-ang,ian-iang,c-ch	1
喘嘘嘘	chuǎn xū xū	59476	uan-uang,c-ch,j-q-x	3
喜冲冲	xǐ chōng chōng	59481	c-ch,j-q-x	1
喝墨水	hē mò shuǐ	59485	s-sh,h-f	1
喝醉酒	hē zuì jiǔ	59490	z-zh,h-f,j-q-x	1
喷火器	pēn huǒ qì	59499	en-eng,ua-uo,h-f,j-q-x	1
喷鼻息	pēn bí xī	59505	en-eng,j-q-x	1
嘉兴市	jiā xīng shì	59523	in-ing,ia-ie,s-sh,j-q-x	1
嘎嘣脆	gā bēng cuì	59529	en-eng,c-ch	3
嘎渣儿	gā zhā ér	59530	z-zh	3
噬菌体	shì jūn tǐ	59555	s-sh,j-q-x	3
嚼舌头	jiáo shé tou	59562	ao-ou,s-sh,j-q-x	1
嚼舌根	jiáo shé gēn	59563	en-eng,s-sh,j-q-x	1
四六文	sì liù wén	59583	en-eng,s-sh,n-l,r-l	1
四合房	sì hé fáng	59588	an-ang,s-sh,h-f	1
四重唱	sì chóng chàng	59601	an-ang,c-ch,s-sh	1
回头见	huí tóu jiàn	59608	ian-iang,ao-ou,h-f,j-q-x	1
回旋曲	huí xuán qǔ	59616	uan-uang,h-f,j-q-x	1
回老家	huí lǎo jiā	59621	ao-ou,ia-ie,n-l,h-f,r-l,j-q-x	1
固体潮	gù tǐ cháo	59658	ao-ou,c-ch	1
国子监	guó zǐ jiàn	59673	ian-iang,ua-uo,z-zh,j-q-x	1
国统区	guó tǒng qū	59683	ua-uo,j-q-x	1
圆括号	yuán kuò hào	59693	uan-uang,ao-ou,ua-uo,h-f	1
圆柱体	yuán zhù tǐ	59694	uan-uang,z-zh	1
土地税	tǔ dì shuì	59698	s-sh	1
土耳其	tǔ ěr qí	59710	j-q-x	1
在理会	zài lǐ huì	59723	ai-ei,z-zh,n-l,h-f,r-l	1
地上茎	dì shàng jīng	59732	in-ing,an-ang,s-sh,j-q-x	1
地下河	dì xià hé	59735	ia-ie,h-f,j-q-x	1
地下茎	dì xià jīng	59736	in-ing,ia-ie,j-q-x	1
地下街	dì xià jiē	59737	ia-ie,j-q-x	1
地中海	dì zhōng hǎi	59741	ai-ei,z-zh,h-f	1
地价税	dì jià shuì	59745	ia-ie,s-sh,j-q-x	1
地图册	dì tú cè	59753	c-ch	1
地图学	dì tú xué	59754	j-q-x	1
地层学	dì céng xué	59763	en-eng,c-ch,j-q-x	1
地带性	dì dài xìng	59766	in-ing,ai-ei,j-q-x	1
地心说	dì xīn shuō	59772	in-ing,ua-uo,s-sh,j-q-x	1
地摊儿	dì tān er	59774	an-ang	1
地方时	dì fāng shí	59775	an-ang,s-sh,h-f	1
地沥青	dì lì qīng	59784	in-ing,n-l,r-l,j-q-x	1
地滚球	dì gǔn qiú	59786	j-q-x	1
地理学	dì lǐ xué	59793	n-l,r-l,j-q-x	1
地藏寺	dì zàng sì	59806	an-ang,z-zh,s-sh	1
地貌学	dì mào xué	59809	ao-ou,j-q-x	1
地质学	dì zhì xué	59812	z-zh,j-q-x	1
地道战	dì dào zhàn	59815	an-ang,ao-ou,z-zh	1
地雷战	dì léi zhàn	59817	an-ang,ai-ei,z-zh,n-l,r-l	1
地震学	dì zhèn xué	59818	en-eng,z-zh,j-q-x	1
地面水	dì miàn shuǐ	59822	ian-iang,s-sh	1
地骨皮	dì gǔ pí	59825		1
场面人	chǎng miàn rén	59827	en-eng,an-ang,ian-iang,c-ch,r-l	1
坎帕拉	kǎn pà lā	59833	an-ang,n-l,r-l	1
坏兆头	huài zhào tou	59836	ao-ou,z-zh,h-f	1
坏脾气	huài pí qì	59839	h-f,j-q-x	1
坐台子	zuò tái zi	59850	ai-ei,ua-uo,z-zh	1
坐标轴	zuò biāo zhóu	59852	ao-ou,ua-uo,z-zh	1
坐禁闭	zuò jìn bì	59854	in-ing,ua-uo,z-zh,j-q-x	1
坐起来	zuò qǐ lái	59860	ai-ei,ua-uo,z-zh,n-l,r-l,j-q-x	1
坤角儿	kūn jué ér	59879	j-q-x	1
坦克车	tǎn kè chē	59880	an-ang,c-ch	1
垫底儿	diàn dǐ ér	59895	ian-iang	1
塌鼻子	tā bí zi	59928	z-zh	1
塔什干	tǎ shí gàn	59931	an-ang,s-sh	1
塔夫绸	tǎ fū chóu	59932	ao-ou,c-ch,h-f	1
塞擦音	sè cā yīn	59938	in-ing,c-ch,s-sh	1
塞纳河	sāi nà hé	59940	ai-ei,s-sh,n-l,h-f	1
墙有耳	qiáng yǒu ěr	59958	ian-iang,ao-ou,j-q-x	1
壳郎猪	ké láng zhū	59990	an-ang,z-zh,n-l,r-l	1
复合物	fù hé wù	60013	h-f	1
复合词	fù hé cí	60015	c-ch,h-f	1
复名数	fù míng shù	60017	in-ing,s-sh,h-f	1
外出血	wài chū xuè	60033	ai-ei,c-ch,j-q-x	1
外分泌	wài fēn mì	60034	en-eng,ai-ei,h-f	1
外行人	wài háng rén	60056	en-eng,an-ang,ai-ei,h-f,r-l	1
多一点	duō yì diǎn	60066	ian-iang,ua-uo	1
多倍体	duō bèi tǐ	60067	ai-ei,ua-uo	1
多弹头	duō dàn tóu	60075	an-ang,ao-ou,ua-uo	1
多晶体	duō jīng tǐ	60079	in-ing,ua-uo,j-q-x	1
多棱镜	duō léng jìng	60080	en-eng,in-ing,ua-uo,n-l,r-l,j-q-x	1
多角形	duō jiǎo xíng	60087	in-ing,ua-uo,j-q-x	1
多面角	duō miàn jiǎo	60097	ian-iang,ua-uo,j-q-x	1
夜尿症	yè niào zhèng	60102	en-eng,z-zh,n-l	1
夜礼服	yè lǐ fú	60103	n-l,h-f,r-l	1
夜行军	yè xíng jūn	60106	in-ing,j-q-x	1
大世界	dà shì jiè	60115	ia-ie,s-sh,j-q-x	1
大个子	dà gè zi	60116	z-zh	1
大五金	dà wǔ jīn	60124	in-ing,j-q-x	1
大公报	dà gōng bào	60131	ao-ou	1
大别山	dà bié shān	60136	an-ang,ia-ie,s-sh	1
大包干	dà bāo gān	60143	an-ang,ao-ou	1
大半天	dà bàn tiān	60147	an-ang,ian-iang	1
大司马	dà sī mǎ	60159	s-sh	1
大同市	dà tóng shì	60162	s-sh	1
大同江	dà tóng jiāng	60163	ian-iang,j-q-x	1
大后年	dà hòu nián	60165	ian-iang,ao-ou,n-l,h-f	1
大哥大	dà gē dà	60174		1
大城市	dà chéng shì	60187	en-eng,c-ch,s-sh	1
大堡礁	dà pù jiāo	60189	j-q-x	1
大姑娘	dà gū niáng	60203	ian-iang,n-l	1
大学士	dà xué shì	60206	s-sh,j-q-x	1
大客车	dà kè chē	60211	c-ch	1
大家伙	dà jiā huo	60212	ia-ie,ua-uo,h-f,j-q-x	1
大将军	dà jiāng jūn	60215	ian-iang,j-q-x	1
大庆市	dà qìng shì	60226	in-ing,s-sh,j-q-x	1
大总统	dà zǒng tǒng	60237	z-zh	1
大手术	dà shǒu shù	60241	ao-ou,s-sh	1
大教堂	dà jiào táng	60253	an-ang,j-q-x	1
大昭寺	dà zhāo sì	60258	ao-ou,z-zh,s-sh	1
大板车	dà bǎn chē	60277	an-ang,c-ch	1
大气圈	dà qì quān	60283	uan-uang,j-q-x	1
大渡河	dà dù hé	60295	h-f	1
大熊座	dà xióng zuò	60299	ua-uo,z-zh,j-q-x	1
大理寺	dà lǐ sì	60302	s-sh,n-l,r-l	1
大理市	dà lǐ shì	60303	s-sh,n-l,r-l	1
大白鼠	dà bái shǔ	60307	ai-ei,s-sh	1
大碗茶	dà wǎn chá	60312	an-ang,c-ch	1
大约摸	dà yuē mō	60322		1
大茴香	dà huí xiāng	60338	ian-iang,h-f,j-q-x	3
大藏经	dà zàng jīng	60344	in-ing,an-ang,z-zh,j-q-x	1
大路活	dà lù huó	60358	ua-uo,n-l,h-f,r-l	1
大轴子	dà zhòu zǐ	60361	ao-ou,z-zh	1
大运河	dà yùn hé	60365	h-f	1
大连市	dà lián shì	60367	ian-iang,s-sh,n-l,r-l	1
大部分	dà bù fèn	60372	en-eng,h-f	1
大都会	dà dū huì	60373	h-f	1
大陆坡	dà lù pō	60379	n-l,r-l	1
大雪山	dà xuě shān	60386	an-ang,s-sh,j-q-x	1
大颊鼠	dà jiá shǔ	60391	ia-ie,s-sh,j-q-x	1
大风歌	dà fēng gē	60394	en-eng,h-f	1
天地会	tiān dì huì	60428	ian-iang,h-f	1
天姥山	tiān mǔ shān	60440	an-ang,ian-iang,s-sh	1
天才论	tiān cái lùn	60457	ian-iang,ai-ei,c-ch,n-l,r-l	1
天理教	tiān lǐ jiào	60478	ian-iang,n-l,r-l,j-q-x	1
太和殿	tài hé diàn	60510	ian-iang,ai-ei,h-f	1
太夫人	tài fū rén	60511	en-eng,ai-ei,h-f,r-l	1
太子港	tài zǐ gǎng	60512	an-ang,ai-ei,z-zh	1
太行山	tài háng shān	60517	an-ang,ai-ei,s-sh,h-f	1
太过分	tài guò fèn	60519	en-eng,ai-ei,ua-uo,h-f	1
夫子庙	fū zǐ miào	60526	z-zh,h-f	1
失落感	shī luò gǎn	60544	an-ang,ua-uo,s-sh,n-l,r-l	1
奇函数	jī hán shù	60632	an-ang,s-sh,h-f,j-q-x	1
套中人	tào zhōng rén	60681	en-eng,ao-ou,z-zh,r-l	1
套口供	tào kǒu gòng	60682	ao-ou	1
奥克兰	ào kè lán	60690	an-ang,ao-ou,n-l,r-l	1
奥地利	ào dì lì	60693	ao-ou,n-l,r-l	1
奥斯陆	ào sī lù	60698	ao-ou,s-sh,n-l,r-l	1
女主角	nǚ zhǔ jué	60703	z-zh,n-l,j-q-x	1
女人气	nǚ rén qì	60704	en-eng,n-l,r-l,j-q-x	1
女佣人	nǚ yōng rén	60706	en-eng,n-l,r-l	1
女博士	nǚ bó shì	60708	s-sh,n-l	1
女厕所	nǚ cè suǒ	60709	ua-uo,c-ch,s-sh,n-l	1
女孩子	nǚ hái zi	60717	ai-ei,z-zh,n-l,h-f	1
女教师	nǚ jiào shī	60721	s-sh,n-l,j-q-x	1
女校长	nǚ xiào zhǎng	60722	an-ang,z-zh,n-l,j-q-x	1
女歌手	nǚ gē shǒu	60723	ao-ou,s-sh,n-l	1
女管家	nǚ guǎn jiā	60725	uan-uang,ia-ie,n-l,j-q-x	1
好不好	hǎo bù hǎo	60734	ao-ou,h-f	1
好事者	hào shì zhě	60742	ao-ou,z-zh,s-sh,h-f	1
好兆头	hǎo zhào tou	60744	ao-ou,z-zh,h-f	1
好吹牛	hào chuī niú	60751	ao-ou,c-ch,n-l,h-f	1
好好儿	hǎo hǎo ér	60758	ao-ou,h-f	1
好得很	hǎo de hěn	60762	en-eng,ao-ou,h-f	1
好望角	hǎo wàng jiǎo	60769	an-ang,ao-ou,h-f,j-q-x	1
好极了	hǎo jí le	60771	ao-ou,n-l,h-f,r-l,j-q-x	1
好消息	hǎo xiāo xī	60777	ao-ou,h-f,j-q-x	1
好莱坞	hǎo lái wù	60785	ai-ei,ao-ou,n-l,h-f,r-l	3
好读书	hào dú shū	60791	ao-ou,s-sh,h-f	1
如来佛	rú lái fó	60822	ai-ei,n-l,h-f,r-l	1
姨姥姥	yí lǎo lao	60915	ao-ou,n-l,r-l	1
娘们儿	niáng men er	60926	en-eng,ian-iang,n-l	1
娱乐圈	yú lè quān	60928	uan-uang,n-l,r-l,j-q-x	1
娱乐场	yú lè chǎng	60929	an-ang,c-ch,n-l,r-l	1
媳妇儿	xí fù er	60937	h-f,j-q-x	1
孔雀绿	kǒng què lǜ	60968	n-l,r-l,j-q-x	1
孔雀舞	kǒng què wǔ	60969	j-q-x	1
字帖儿	zì tiě ér	60971	ia-ie,z-zh	1
字眼儿	zì yǎn er	60973	an-ang,z-zh	1
存车处	cún chē chù	60984	c-ch	1
孩子头	hái zi tóu	61029	ai-ei,ao-ou,z-zh,h-f	1
宁馨儿	níng xīn ér	61043	in-ing,n-l,j-q-x	1
安哥拉	ān gē lā	61071	an-ang,n-l,r-l	1
安徽省	ān huī shěng	61085	en-eng,an-ang,s-sh,h-f	1
安魂曲	ān hún qǔ	61106	an-ang,h-f,j-q-x	1
官能团	guān néng tuán	61130	en-eng,uan-uang,n-l	1
定冠词	dìng guàn cí	61133	in-ing,uan-uang,c-ch	1
定名为	dìng míng wéi	61135	in-ing,ai-ei	1
定场白	dìng chǎng bái	61136	in-ing,an-ang,ai-ei,c-ch	1
定场诗	dìng chǎng shī	61137	in-ing,an-ang,c-ch,s-sh	1
定货单	dìng huò dān	61141	in-ing,an-ang,ua-uo,h-f	1
宝盖头	bǎo gài tóu	61155	ai-ei,ao-ou	1
实体词	shí tǐ cí	61158	c-ch,s-sh	1
审美观	shěn měi guān	61170	en-eng,uan-uang,ai-ei,s-sh	1
客家话	kè jiā huà	61172	ia-ie,ua-uo,h-f,j-q-x	1
客观上	kè guān shàng	61173	an-ang,uan-uang,s-sh	1
宣传弹	xuān chuán dàn	61174	an-ang,uan-uang,c-ch,j-q-x	1
家务事	jiā wù shì	61207	ia-ie,s-sh,j-q-x	1
家务活	jiā wù huó	61208	ia-ie,ua-uo,h-f,j-q-x	1
家常话	jiā cháng huà	61218	an-ang,ia-ie,ua-uo,c-ch,h-f,j-q-x	1
家底儿	jiā dǐ er	61220	ia-ie,j-q-x	1
家雀儿	jiā qiǎo ér	61268	ia-ie,j-q-x	1
富强粉	fù qiáng fěn	61313	en-eng,ian-iang,h-f,j-q-x	1
寒武纪	hán wǔ jì	61324	an-ang,h-f,j-q-x	1
对得数	duì dé shù	61394	s-sh	1
对称性	duì chèn xìng	61399	en-eng,in-ing,c-ch,j-q-x	1
对称轴	duì chèn zhóu	61400	en-eng,ao-ou,z-zh,c-ch	1
导弹艇	dǎo dàn tǐng	61414	in-ing,an-ang,ao-ou	1
将进酒	qiāng jìn jiǔ	61466	in-ing,ian-iang,j-q-x	1
小不点	xiǎo bù diǎn	61478	ian-iang,j-q-x	1
小便池	xiǎo biàn chí	61484	ian-iang,c-ch,j-q-x	1
小前提	xiǎo qián tí	61486	ian-iang,j-q-x	1
小合唱	xiǎo hé chàng	61488	an-ang,c-ch,h-f,j-q-x	1
小女子	xiǎo nǚ zǐ	61490	z-zh,n-l,j-q-x	1
小学校	xiǎo xué xiào	61492	j-q-x	1
小孩子	xiǎo hái zi	61493	ai-ei,z-zh,h-f,j-q-x	1
小家子	xiǎo jiā zǐ	61494	ia-ie,z-zh,j-q-x	1
小尕子	xiǎo gǎ zi	61496	z-zh,j-q-x	3
小手指	xiǎo shǒu zhǐ	61506	ao-ou,z-zh,s-sh,j-q-x	1
小毛头	xiǎo máo tóu	61511	ao-ou,j-q-x	1
小流域	xiǎo liú yù	61512	n-l,r-l,j-q-x	1
小王子	xiǎo wáng zǐ	61514	an-ang,z-zh,j-q-x	1
小老头	xiǎo lǎo tóu	61516	ao-ou,n-l,r-l,j-q-x	1
小说家	xiǎo shuō jiā	61520	ia-ie,ua-uo,s-sh,j-q-x	1
小钱柜	xiǎo qián guì	61521	ian-iang,j-q-x	1
小鬼头	xiǎo guǐ tóu	61524	ao-ou,j-q-x	1
少一点	shǎo yì diǎn	61526	ian-iang,ao-ou,s-sh	1
少先队	shào xiān duì	61528	ian-iang,ao-ou,s-sh,j-q-x	1
少女装	shào nǚ zhuāng	61533	uan-uang,ao-ou,z-zh,s-sh,n-l	1
少年行	shào nián xíng	61542	in-ing,ian-iang,ao-ou,s-sh,n-l,j-q-x	1
少林寺	shào lín sì	61548	in-ing,ao-ou,s-sh,n-l,r-l	1
少而精	shǎo ér jīng	61553	in-ing,ao-ou,s-sh,j-q-x	1
尕驴儿	gǎ lǘ er	61555	n-l,r-l	3
尽义务	jìn yì wù	61606	in-ing,j-q-x	1
尽人事	jìn rén shì	61607	en-eng,in-ing,s-sh,r-l,j-q-x	1
尽全力	jìn quán lì	61610	in-ing,uan-uang,n-l,r-l,j-q-x	1
尽可能	jǐn kě néng	61614	en-eng,in-ing,n-l,j-q-x	1
尽里头	jǐn lǐ tou	61631	in-ing,ao-ou,n-l,r-l,j-q-x	1
尿崩症	niào bēng zhèng	61642	en-eng,z-zh,n-l	1
尿道炎	niào dào yán	61647	an-ang,ao-ou,n-l	1
局中人	jú zhōng rén	61649	en-eng,z-zh,r-l,j-q-x	1
屈光度	qū guāng dù	61675	uan-uang,j-q-x	1
屋上乌	wū shàng wū	61680	an-ang,s-sh	1
屯田客	tún tián kè	61721	ian-iang	1
山坡地	shān pō dì	61736	an-ang,s-sh	1
工具钢	gōng jù gāng	61821	an-ang,j-q-x	1
左不过	zuǒ bù guò	61827	ua-uo,z-zh	1
差一点	chà yì diǎn	61855	ian-iang,c-ch	1
差人去	chāi rén qù	61860	en-eng,ai-ei,c-ch,r-l,j-q-x	1
差得远	chà de yuǎn	61869	uan-uang,c-ch	1
已知数	yǐ zhī shù	61880	z-zh,s-sh	1
巴拉圭	bā lā guī	61888	n-l,r-l	3
布拉吉	bù lā jí	61906	n-l,r-l,j-q-x	1
布拉格	bù lā gé	61907	n-l,r-l	1
带菌者	dài jūn zhě	61930	ai-ei,z-zh,j-q-x	1
幂级数	mì jí shù	61954	s-sh,j-q-x	3
干什么	gàn shén me	61961	en-eng,an-ang,s-sh	1
干性油	gān xìng yóu	61981	in-ing,an-ang,ao-ou,j-q-x	1
干燥剂	gān zào jì	61988	an-ang,ao-ou,z-zh,j-q-x	1
干燥器	gān zào qì	61989	an-ang,ao-ou,z-zh,j-q-x	1
干酵母	gān jiào mǔ	61998	an-ang,j-q-x	1
平假名	píng jiǎ míng	62002	in-ing,ia-ie,j-q-x	1
平均差	píng jūn chà	62011	in-ing,c-ch,j-q-x	1
平头数	píng tóu shù	62012	in-ing,ao-ou,s-sh	1
平射炮	píng shè pào	62014	in-ing,ao-ou,s-sh	1
平衡觉	píng héng jué	62022	en-eng,in-ing,h-f,j-q-x	1
平面角	píng miàn jiǎo	62027	in-ing,ian-iang,j-q-x	1
年产量	nián chǎn liàng	62029	an-ang,ian-iang,c-ch,n-l,r-l	1
年休假	nián xiū jià	62030	ian-iang,ia-ie,n-l,j-q-x	1
庆功会	qìng gōng huì	62088	in-ing,h-f,j-q-x	1
序数词	xù shù cí	62096	c-ch,s-sh,j-q-x	1
应名儿	yìng míng ér	62106	in-ing	1
底片儿	dǐ piān er	62134	ian-iang	1
度蜜月	dù mì yuè	62158		1
廓大镜	kuò dà jìng	62171	in-ing,ua-uo,j-q-x	1
建筑学	jiàn zhù xué	62183	ian-iang,z-zh,j-q-x	1
张靓颖	zhāng liàng yǐng	62329	in-ing,an-ang,ian-iang,z-zh,n-l,r-l	3
弦切角	xián qiē jiǎo	62341	ian-iang,ia-ie,j-q-x	1
弹劾案	tán hé àn	62358	an-ang,h-f	3
弹性体	tán xìng tǐ	62360	in-ing,an-ang,j-q-x	1
强壮剂	qiáng zhuàng jì	62375	ian-iang,uan-uang,z-zh,j-q-x	1
当事者	dāng shì zhě	62431	an-ang,z-zh,s-sh	1
当出去	dàng chū qù	62435	an-ang,c-ch,j-q-x	1
影片儿	yǐng piān er	62501	in-ing,ian-iang	1
影调剧	yǐng diào jù	62503	in-ing,j-q-x	1
很不错	hěn bú cuò	62527	en-eng,ua-uo,c-ch,h-f	1
得了吧	dé le ba	62539	n-l,r-l	1
循环论	xún huán lùn	62578	uan-uang,n-l,h-f,r-l,j-q-x	1
微积分	wēi jī fēn	62584	en-eng,ai-ei,h-f,j-q-x	1
德兴市	dé xīng shì	62587	in-ing,s-sh,j-q-x	1
急救车	jí jiù chē	62791	c-ch,j-q-x	1
性关系	xìng guān xì	62803	in-ing,uan-uang,j-q-x	1
总罢工	zǒng bà gōng	62818	z-zh	1
恢复期	huī fù qī	62832	h-f,j-q-x	1
恨不能	hèn bù néng	62845	en-eng,n-l,h-f	1
恶凶凶	è xiōng xiōng	62884	j-q-x	1
恶势力	è shì lì	62885	s-sh,n-l,r-l	1
悄没声	qiǎo méi shēng	62923	en-eng,ai-ei,s-sh,j-q-x	1
悬钩子	xuán gōu zi	62952	uan-uang,ao-ou,z-zh,j-q-x	1
惠更斯	huì gēng sī	63015	en-eng,s-sh,h-f	1
感光片	gǎn guāng piàn	63070	an-ang,ian-iang,uan-uang	1
感叹句	gǎn tàn jù	63072	an-ang,j-q-x	1
感应圈	gǎn yìng quān	63074	in-ing,an-ang,uan-uang,j-q-x	1
憋闷气	biē mèn qì	63106	en-eng,ia-ie,j-q-x	1
戏报子	xì bào zi	63117	ao-ou,z-zh,j-q-x	1
戏班子	xì bān zi	63119	an-ang,z-zh,j-q-x	1
戏馆子	xì guǎn zǐ	63123	uan-uang,z-zh,j-q-x	1
成绩单	chéng jì dān	63142	en-eng,an-ang,c-ch,j-q-x	1
成都市	chéng dū shì	63149	en-eng,c-ch,s-sh	1
我们俩	wǒ men liǎ	63153	en-eng,ia-ie,n-l,r-l	1
我们的	wǒ men de	63154	en-eng	1
戚家军	qī jiā jūn	63171	ia-ie,j-q-x	1
扁平足	biǎn píng zú	63202	in-ing,ian-iang,z-zh	1
扁桃腺	biǎn táo xiàn	63208	ian-iang,ao-ou,j-q-x	1
扇风机	shān fēng jī	63222	en-eng,an-ang,s-sh,h-f,j-q-x	1
扇骨子	shàn gǔ zi	63225	an-ang,z-zh,s-sh	1
扎猛子	zhā měng zi	63269	en-eng,z-zh	1
扎耳朵	zhā ěr duo	63271	ua-uo,z-zh	1
打一折	dǎ yì zhé	63283	z-zh	1
打光棍	dǎ guāng gùn	63287	uan-uang	1
打冲锋	dǎ chōng fēng	63288	en-eng,c-ch,h-f	1
打呵欠	dǎ hē qiàn	63293	ian-iang,h-f,j-q-x	1
打喷嚏	dǎ pēn tì	63294	en-eng	3
打圈子	dǎ quān zi	63296	uan-uang,z-zh,j-q-x	1
打头风	dǎ tóu fēng	63297	en-eng,ao-ou,h-f	1
打底子	dǎ dǐ zi	63303	z-zh	1
打手势	dǎ shǒu shì	63308	ao-ou,s-sh	1
打手式	dǎ shǒu shì	63309	ao-ou,s-sh	1
打把势	dǎ bǎ shì	63310	s-sh	1
打桩船	dǎ zhuāng chuán	63316	uan-uang,z-zh,c-ch	1
打死虎	dǎ sǐ hǔ	63317	s-sh,h-f	1
打毛衣	dǎ máo yī	63319	ao-ou	1
打灯谜	dǎ dēng mí	63325	en-eng	1
打电报	dǎ diàn bào	63329	ian-iang,ao-ou	1
打电话	dǎ diàn huà	63330	ian-iang,ua-uo,h-f	1
打耳光	dǎ ěr guāng	63333	uan-uang	1
打赤膊	dǎ chì bó	63342	c-ch	1
打趸儿	dǎ dǔn ér	63343		3
打问号	dǎ wèn hào	63348	en-eng,ao-ou,h-f	1
打雪仗	dǎ xuě zhàng	63350	an-ang,z-zh,j-q-x	1
打靶场	dǎ bǎ chǎng	63351	an-ang,c-ch	1
扛得住	káng de zhù	63362	an-ang,z-zh	1
扛长工	káng cháng gōng	63363	an-ang,c-ch	1
执政府	zhí zhèng fǔ	63374	en-eng,z-zh,h-f	1
扫堂腿	sǎo táng tuǐ	63391	an-ang,ao-ou,s-sh	1
扫雷舰	sǎo léi jiàn	63403	ian-iang,ai-ei,ao-ou,s-sh,n-l,r-l,j-q-x	1
批发商	pī fā shāng	63429	an-ang,s-sh,h-f	1
批评家	pī píng jiā	63432	in-ing,ia-ie,j-q-x	1
找乐子	zhǎo lè zi	63440	ao-ou,z-zh,n-l,r-l	1
找得到	zhǎo de dào	63441	ao-ou,z-zh	1
把马子	bǎ mǎ zi	63467	z-zh	1
抓工夫	zhuā gōng fu	63473	ua-uo,z-zh,h-f	1
投票站	tóu piào zhàn	63484	an-ang,ao-ou,z-zh	1
折射线	zhé shè xiàn	63501	ian-iang,z-zh,s-sh,j-q-x	1
折跟头	zhē gēn tou	63522	en-eng,ao-ou,z-zh	1
抢劫案	qiǎng jié àn	63542	an-ang,ian-iang,ia-ie,j-q-x	1
抢劫犯	qiǎng jié fàn	63543	an-ang,ian-iang,ia-ie,h-f,j-q-x	1
护士长	hù shì zhǎng	63548	an-ang,z-zh,s-sh,h-f	1
抹下来	mā xià lái	63596	ai-ei,ia-ie,n-l,r-l,j-q-x	1
抹桌子	mā zhuō zi	63599	ua-uo,z-zh	1
抽功夫	chōu gōng fū	63610	ao-ou,c-ch,h-f	1
担不是	dān bú shì	63624	an-ang,s-sh	1
担架队	dān jià duì	63628	an-ang,ia-ie,j-q-x	1
拆墙脚	chāi qiáng jiǎo	63634	ian-iang,ai-ei,c-ch,j-q-x	1
拉买卖	lā mǎi mài	63650	ai-ei,n-l,r-l	1
拉亏空	lā kuī kōng	63651	n-l,r-l	1
拉力器	lā lì qì	63654	n-l,r-l,j-q-x	1
拉近乎	lā jìn hū	63666	in-ing,n-l,h-f,r-l,j-q-x	1
拉马克	lā mǎ kè	63669	n-l,r-l	1
拍片儿	pāi piān er	63676	ian-iang,ai-ei	1
拍纸簿	pāi zhǐ bù	63677	ai-ei,z-zh	1
拗口令	ào kǒu lìng	63708	in-ing,ao-ou,n-l,r-l	1
招待员	zhāo dài yuán	63723	uan-uang,ai-ei,ao-ou,z-zh	1
拟人化	nǐ rén huà	63738	en-eng,ua-uo,n-l,h-f,r-l	1
拦不住	lán bú zhù	63744	an-ang,z-zh,n-l,r-l	1
拧一把	níng yì bǎ	63746	in-ing,n-l	1
拧毛巾	níng máo jīn	63747	in-ing,ao-ou,n-l,j-q-x	1
拧脾气	nìng pí qì	63749	in-ing,n-l,j-q-x	1
拧衣服	níng yī fú	63750	in-ing,n-l,h-f	1
择不开	zhái bù kāi	63763	ai-ei,z-zh	1
括约肌	kuò yuē jī	63774	ua-uo,j-q-x	1
括起来	kuò qǐ lái	63775	ai-ei,ua-uo,n-l,r-l,j-q-x	1
拿得起	ná de qǐ	63811	n-l,j-q-x	1
拿摩温	ná mó wēn	63813	en-eng,n-l	1
指南车	zhǐ nán chē	63842	an-ang,z-zh,c-ch,n-l	1
指甲盖	zhǐ jiǎ gài	63856	ai-ei,ia-ie,z-zh,j-q-x	1
挡土墙	dǎng tǔ qiáng	63901	an-ang,ian-iang,j-q-x	1
挥发性	huī fā xìng	63907	in-ing,h-f,j-q-x	1
挨日子	ái rì zi	63917	ai-ei,z-zh,r-l	1
挨时间	ái shí jiān	63918	ian-iang,ai-ei,s-sh,j-q-x	1
挨闷雷	ái mèn léi	63929	en-eng,ai-ei,n-l,r-l	1
捋胡子	lǚ hú zǐ	63952	z-zh,n-l,h-f,r-l	3
捋虎须	luō hǔ xū	63953	ua-uo,n-l,h-f,r-l,j-q-x	3
捋袖子	luō xiù zi	63954	ua-uo,z-zh,n-l,r-l,j-q-x	3
捡起来	jiǎn qǐ lái	63965	ian-iang,ai-ei,n-l,r-l,j-q-x	1
换发球	huàn fā qiú	63966	uan-uang,h-f,j-q-x	1
换衣服	huàn yī fú	63971	uan-uang,h-f	1
掖进去	yē jìn qù	64032	in-ing,j-q-x	3
掴耳光	guāi ěr guāng	64069	uan-uang	3
掷骰子	zhì tóu zi	64073	ao-ou,z-zh	3
掸桌子	dǎn zhuō zi	64074	an-ang,ua-uo,z-zh	3
掸衣服	dǎn yī fú	64075	an-ang,h-f	3
揭盖子	jiē gài zi	64130	ai-ei,ia-ie,z-zh,j-q-x	1
搁得住	gé de zhù	64148	z-zh	1
搪差使	táng chāi shǐ	64167	an-ang,ai-ei,c-ch,s-sh	3
搭街坊	dā jiē fāng	64174	an-ang,ia-ie,h-f,j-q-x	1
摁钉儿	èn dīng ér	64180	en-eng,in-ing	3
摄像管	shè xiàng guǎn	64181	ian-iang,uan-uang,s-sh,j-q-x	1
摄护腺	shè hù xiàn	64185	ian-iang,s-sh,h-f,j-q-x	1
摄政王	shè zhèng wáng	64186	en-eng,an-ang,z-zh,s-sh	1
摩天楼	mó tiān lóu	64215	ian-iang,ao-ou,n-l,r-l	1
摸不着	mō bù zháo	64226	ao-ou,z-zh	1
撂挑子	liào tiāo zi	64232	z-zh,n-l,r-l	3
撒丫子	sā yā zǐ	64244	z-zh,s-sh	1
撒呓挣	sā yì zhēng	64246	en-eng,z-zh,s-sh	3
撒鸭子	sā yā zǐ	64262	z-zh,s-sh	1
播种机	bō zhǒng jī	64279	z-zh,j-q-x	1
操作台	cāo zuò tái	64297	ai-ei,ao-ou,ua-uo,z-zh,c-ch	1
攀枝花	pān zhī huā	64328	an-ang,ua-uo,z-zh,h-f	1
支着儿	zhī zhāo ér	64361	ao-ou,z-zh	1
收藏家	shōu cáng jiā	64375	an-ang,ao-ou,ia-ie,c-ch,s-sh,j-q-x	1
收起来	shōu qǐ lái	64376	ai-ei,ao-ou,s-sh,n-l,r-l,j-q-x	1
放冷风	fàng lěng fēng	64421	en-eng,an-ang,n-l,h-f,r-l	1
放大率	fàng dà lǜ	64424	an-ang,n-l,h-f,r-l	1
放大纸	fàng dà zhǐ	64425	an-ang,z-zh,h-f	1
放射形	fàng shè xíng	64426	in-ing,an-ang,s-sh,h-f,j-q-x	1
放空气	fàng kōng qì	64436	an-ang,h-f,j-q-x	1
教中文	jiāo zhōng wén	64481	en-eng,z-zh,j-q-x	1
教音乐	jiāo yīn yuè	64488	in-ing,j-q-x	1
数不清	shǔ bù qīng	64540	in-ing,s-sh,j-q-x	1
数不着	shǔ bù zháo	64541	ao-ou,z-zh,s-sh	1
数量词	shù liàng cí	64555	ian-iang,c-ch,s-sh,n-l,r-l	1
文明戏	wén míng xì	64595	en-eng,in-ing,j-q-x	1
文曲星	wén qǔ xīng	64596	en-eng,in-ing,j-q-x	1
文艺家	wén yì jiā	64608	en-eng,ia-ie,j-q-x	1
斗争性	dòu zhēng xìng	64624	en-eng,in-ing,ao-ou,z-zh,j-q-x	1
斗牛场	dòu niú chǎng	64640	an-ang,ao-ou,c-ch,n-l	1
斗蟋蟀	dòu xī shuài	64655	ao-ou,s-sh,j-q-x	1
斗鸡眼	dòu jī yǎn	64666	an-ang,ao-ou,j-q-x	1
新天地	xīn tiān dì	64722	in-ing,ian-iang,j-q-x	1
新技术	xīn jì shù	64723	in-ing,s-sh,j-q-x	1
新文化	xīn wén huà	64725	en-eng,in-ing,ua-uo,h-f,j-q-x	1
方位角	fāng wèi jiǎo	64729	an-ang,ai-ei,h-f,j-q-x	1
方括号	fāng kuò hào	64741	an-ang,ao-ou,ua-uo,h-f	1
方解石	fāng jiě shí	64745	an-ang,ia-ie,s-sh,h-f,j-q-x	1
施工缝	shī gōng fèng	64755	en-eng,s-sh,h-f	1
旁压力	páng yā lì	64761	an-ang,n-l,r-l	1
旁听席	páng tīng xí	64762	in-ing,an-ang,j-q-x	1
旁岔儿	páng chà ér	64764	an-ang,c-ch	1
旅差费	lǚ chà fèi	64788	ai-ei,c-ch,n-l,h-f,r-l	1
旅游区	lǚ yóu qū	64789	ao-ou,n-l,r-l,j-q-x	1
无名帖	wú míng tiě	64848	in-ing,ia-ie	1
无声片	wú shēng piàn	64854	en-eng,ian-iang,s-sh	1
无拘束	wú jū shù	64898	s-sh,j-q-x	1
无理数	wú lǐ shù	64908	s-sh,n-l,r-l	1
无穷大	wú qióng dà	64917	j-q-x	1
无穷尽	wú qióng jìn	64918	in-ing,j-q-x	1
无节制	wú jié zhì	64934	ia-ie,z-zh,j-q-x	1
无限大	wú xiàn dà	64956	ian-iang,j-q-x	1
日射病	rì shè bìng	64990	in-ing,s-sh,r-l	1
日环食	rì huán shí	65021	uan-uang,s-sh,h-f,r-l	1
日记簿	rì jì bù	65037	r-l,j-q-x	1
旧大陆	jiù dà lù	65058	n-l,r-l,j-q-x	1
早上好	zǎo shàng hǎo	65071	an-ang,ao-ou,z-zh,s-sh,h-f	1
时令病	shí lìng bìng	65087	in-ing,s-sh,n-l,r-l	1
昌都县	chāng dōu xiàn	65123	an-ang,ian-iang,ao-ou,c-ch,j-q-x	1
明儿个	míng ér gè	65124	in-ing	1
明角灯	míng jiǎo dēng	65155	en-eng,in-ing,j-q-x	1
星条旗	xīng tiáo qí	65182	in-ing,j-q-x	1
春大麦	chūn dà mài	65200	ai-ei,c-ch	1
昨儿个	zuó ér gè	65221	ua-uo,z-zh	1
晕乎乎	yūn hū hū	65243	h-f	1
晕过去	yùn guò qù	65249	ua-uo,j-q-x	1
晕高儿	yūn gāo ér	65251	ao-ou	1
晚一点	wǎn yì diǎn	65252	an-ang,ian-iang	1
景德镇	jǐng dé zhèn	65273	en-eng,in-ing,z-zh,j-q-x	1
景阳冈	jǐng yáng gāng	65282	in-ing,an-ang,j-q-x	1
晾衣服	liàng yī fú	65292	ian-iang,n-l,h-f,r-l	1
曝光表	bào guāng biǎo	65340	uan-uang,ao-ou	1
曲线图	qū xiàn tú	65366	ian-iang,j-q-x	1
曲线板	qū xiàn bǎn	65367	an-ang,ian-iang,j-q-x	1
曲颈甑	qū jǐng zèng	65373	en-eng,in-ing,z-zh,j-q-x	3
月份牌	yuè fèn pái	65414	en-eng,ai-ei,h-f	1
月月红	yuè yuè hóng	65422	h-f	1
有一些	yǒu yī xiē	65436	ao-ou,ia-ie,j-q-x	1
有一只	yǒu yī zhī	65437	ao-ou,z-zh	1
有一天	yǒu yī tiān	65438	ian-iang,ao-ou	1
有产者	yǒu chǎn zhě	65443	an-ang,ao-ou,z-zh,c-ch	1
有会子	yǒu huì zǐ	65445	ao-ou,z-zh,h-f	1
有光纸	yǒu guāng zhǐ	65449	uan-uang,ao-ou,z-zh	1
有巢氏	yǒu cháo shì	65486	ao-ou,c-ch,s-sh	1
有心力	yǒu xīn lì	65492	in-ing,ao-ou,n-l,r-l,j-q-x	1
有机质	yǒu jī zhì	65516	ao-ou,z-zh,j-q-x	1
有机酸	yǒu jī suān	65517	uan-uang,ao-ou,s-sh,j-q-x	1
有理式	yǒu lǐ shì	65534	ao-ou,s-sh,n-l,r-l	1
有理数	yǒu lǐ shù	65535	ao-ou,s-sh,n-l,r-l	1
有盼儿	yǒu pàn ér	65541	an-ang,ao-ou	1
有神论	yǒu shén lùn	65544	en-eng,ao-ou,s-sh,n-l,r-l	1
有蹄类	yǒu tí lèi	65564	ai-ei,ao-ou,n-l,r-l	1
有道是	yǒu dào shì	65567	ao-ou,s-sh	1
服差役	fú chāi yì	65575	ai-ei,c-ch,h-f	1
朝阳区	cháo yáng qū	65664	an-ang,ao-ou,c-ch,j-q-x	1
木偶片	mù ǒu piàn	65682	ian-iang,ao-ou	1
木头人	mù tou rén	65685	en-eng,ao-ou,r-l	1
木头屑	mù tou xiè	65686	ao-ou,ia-ie,j-q-x	1
本世纪	běn shì jì	65717	en-eng,s-sh,j-q-x	1
本地人	běn dì rén	65724	en-eng,r-l	1
本年度	běn nián dù	65725	en-eng,ian-iang,n-l	1
机关车	jī guān chē	65778	uan-uang,c-ch,j-q-x	1
机械论	jī xiè lùn	65781	ia-ie,n-l,r-l,j-q-x	1
机要员	jī yào yuán	65782	uan-uang,ao-ou,j-q-x	1
杀时间	shā shí jiān	65796	ian-iang,s-sh,j-q-x	1
杀菌剂	shā jūn jì	65797	s-sh,j-q-x	1
杀风景	shā fēng jǐng	65799	en-eng,in-ing,s-sh,h-f,j-q-x	1
来回票	lái huí piào	65888	ai-ei,n-l,h-f,r-l	1
极乐鸟	jí lè niǎo	65930	n-l,r-l,j-q-x	1
极大值	jí dà zhí	65934	z-zh,j-q-x	1
构筑物	gòu zhù wù	65953	ao-ou,z-zh	1
枕头风	zhěn tou fēng	65975	en-eng,ao-ou,z-zh,h-f	1
林务员	lín wù yuán	66002	in-ing,uan-uang,n-l,r-l	1
林荫道	lín yīn dào	66005	in-ing,ao-ou,n-l,r-l	1
柏拉图	bó lā tú	66060	n-l,r-l	1
柏油纸	bó yóu zhǐ	66061	ao-ou,z-zh	1
柞丝绸	zuò sī chóu	66088	ao-ou,ua-uo,z-zh,c-ch,s-sh	3
柳叶眉	liǔ yè méi	66104	ai-ei,n-l,r-l	1
柳子戏	liǔ zi xì	66106	z-zh,n-l,r-l,j-q-x	1
柳条帽	liǔ tiáo mào	66110	ao-ou,n-l,r-l	1
柴沟堡	chái gōu bǔ	66121	ai-ei,ao-ou,c-ch	1
树行子	shù hàng zi	66153	an-ang,z-zh,s-sh,h-f	1
栓皮栎	shuān pí lì	66155	uan-uang,s-sh,n-l,r-l	3
校对员	jiào duì yuán	66165	uan-uang,j-q-x	1
核桃凹	hé táo wā	66175	ao-ou,h-f	1
核爆炸	hé bào zhà	66176	ao-ou,z-zh,h-f	1
核蛋白	hé dàn bái	66178	an-ang,ai-ei,h-f	1
根指数	gēn zhǐ shù	66183	en-eng,z-zh,s-sh	1
桃花扇	táo huā shàn	66222	an-ang,ao-ou,ua-uo,s-sh,h-f	1
桑葚儿	sāng rèn er	66240	en-eng,an-ang,s-sh,r-l	3
桡动脉	ráo dòng mài	66248	ai-ei,ao-ou,r-l	3
梆子腔	bāng zi qiāng	66255	an-ang,ian-iang,z-zh,j-q-x	1
梵哑铃	fàn yǎ líng	66277	in-ing,an-ang,n-l,h-f,r-l	3
棉大衣	mián dà yī	66279	ian-iang	1
棍儿茶	gùn ér chá	66284	c-ch	1
椰子树	yē zi shù	66315	z-zh,s-sh	1
楼梯间	lóu tī jiān	66346	ian-iang,ao-ou,n-l,r-l,j-q-x	1
概率论	gài lǜ lùn	66350	ai-ei,n-l,r-l	1
榨油厂	zhà yóu chǎng	66357	an-ang,ao-ou,z-zh,c-ch	1
榴霰弹	liú xiàn dàn	66361	an-ang,ian-iang,n-l,r-l,j-q-x	3
横切面	héng qiē miàn	66388	en-eng,ian-iang,ia-ie,h-f,j-q-x	1
横纹肌	héng wén jī	66425	en-eng,h-f,j-q-x	1
橄榄石	gǎn lǎn shí	66450	an-ang,s-sh,n-l,r-l	1
橘子汁	jú zi zhī	66452	z-zh,j-q-x	1
歌于斯	gē yú sī	66497	s-sh	1
歌仔戏	gē zǐ xì	66498	z-zh,j-q-x	1
歌舞伎	gē wǔ jì	66500	j-q-x	3
止血剂	zhǐ xuè jì	66510	z-zh,j-q-x	1
正义性	zhèng yì xìng	66513	en-eng,in-ing,z-zh,j-q-x	1
正字法	zhèng zì fǎ	66535	en-eng,z-zh,h-f	1
正电荷	zhèng diàn hè	66561	en-eng,ian-iang,z-zh,h-f	1
正规战	zhèng guī zhàn	66574	en-eng,an-ang,z-zh	1
正音法	zhèng yīn fǎ	66586	en-eng,in-ing,z-zh,h-f	1
武当山	wǔ dāng shān	66607	an-ang,s-sh	1
毒瓦斯	dú wǎ sī	66695	s-sh	1
毒辣辣	dú là là	66701	n-l,r-l	1
毛利率	máo lì lǜ	66731	ao-ou,n-l,r-l	1
毛地黄	máo dì huáng	66739	uan-uang,ao-ou,h-f	1
毛泽东	máo zé dōng	66746	ao-ou,z-zh	1
气不公	qì bù gōng	66786	j-q-x	1
气压表	qì yā biǎo	66791	j-q-x	1
氧化汞	yǎng huà gǒng	66803	an-ang,ua-uo,h-f	1
氧化铜	yǎng huà tóng	66804	an-ang,ua-uo,h-f	1
氯化物	lǜ huà wù	66805	ua-uo,n-l,h-f,r-l	1
氯化钠	lǜ huà nà	66806	ua-uo,n-l,h-f,r-l	1
氯化钾	lǜ huà jiǎ	66807	ia-ie,ua-uo,n-l,h-f,r-l,j-q-x	1
氰化钾	qíng huà jiǎ	66808	in-ing,ia-ie,ua-uo,h-f,j-q-x	3
水刷石	shuǐ shuā shí	66815	ua-uo,s-sh	1
水合物	shuǐ hé wù	66819	s-sh,h-f	1
水浒传	shuǐ hǔ zhuàn	66848	uan-uang,z-zh,s-sh,h-f	3
水漂儿	shuǐ piǎo ér	66850	s-sh	1
水火棍	shuǐ huǒ gùn	66854	ua-uo,s-sh,h-f	1
水落管	shuǐ luò guǎn	66864	uan-uang,ua-uo,s-sh,n-l,r-l	1
汉学家	hàn xué jiā	66884	an-ang,ia-ie,h-f,j-q-x	1
汕头市	shàn tóu shì	66889	an-ang,ao-ou,s-sh	3
汗渍渍	hàn zì zì	66904	an-ang,z-zh,h-f	3
汗褂儿	hàn guà er	66910	an-ang,ua-uo,h-f	1
汞溴红	gǒng xiù hóng	66917	h-f,j-q-x	3
江泽民	jiāng zé mín	66924	in-ing,ian-iang,z-zh,j-q-x	1
江苏省	jiāng sū shěng	66927	en-eng,ian-iang,s-sh,j-q-x	1
池中物	chí zhōng wù	66930	z-zh,c-ch	1
汤头歌	tāng tóu gē	66936	an-ang,ao-ou	1
汤婆子	tāng pó zi	66937	an-ang,z-zh	1
汽化热	qì huà rè	66949	ua-uo,h-f,r-l,j-q-x	1
沉降缝	chén jiàng fèng	66975	en-eng,ian-iang,c-ch,h-f,j-q-x	1
沙沙声	shā shā shēng	66993	en-eng,s-sh	1
没事儿	méi shì ér	67011	ai-ei,s-sh	1
没出息	méi chū xī	67014	ai-ei,c-ch,j-q-x	1
没多少	méi duō shǎo	67018	ai-ei,ao-ou,ua-uo,s-sh	1
没头脑	méi tóu nǎo	67021	ai-ei,ao-ou,n-l	1
没有空	méi yǒu kòng	67024	ai-ei,ao-ou	1
没来头	méi lái tou	67025	ai-ei,ao-ou,n-l,r-l	1
没来由	méi lái yóu	67026	ai-ei,ao-ou,n-l,r-l	1
没面子	méi miàn zi	67047	ian-iang,ai-ei,z-zh	1
沦陷区	lún xiàn qū	67063	ian-iang,n-l,r-l,j-q-x	1
河北省	hé běi shěng	67068	en-eng,ai-ei,s-sh,h-f	1
油炸果	yóu zhá guǒ	67089	ao-ou,ua-uo,z-zh	1
油炸鬼	yóu zhá guǐ	67090	ao-ou,z-zh	1
沿条儿	yán tiáo ér	67105	an-ang	1
法国号	fǎ guó hào	67119	ao-ou,ua-uo,h-f	1
法拉第	fǎ lā dì	67128	n-l,h-f,r-l	1
泛神论	fàn shén lùn	67137	en-eng,an-ang,s-sh,n-l,h-f,r-l	1
泡病号	pào bìng hào	67143	in-ing,ao-ou,h-f	1
泡罩塔	pào zhào tǎ	67144	ao-ou,z-zh	1
泥娃娃	ní wá wá	67170	n-l	1
洋地黄	yáng dì huáng	67210	an-ang,uan-uang,h-f	1
洋葱头	yáng cōng tóu	67211	an-ang,ao-ou,c-ch	1
洒狗血	sǎ gǒu xiě	67217	ao-ou,ia-ie,s-sh,j-q-x	1
洗煤厂	xǐ méi chǎng	67237	an-ang,ai-ei,c-ch,j-q-x	1
洗脸盆	xǐ liǎn pén	67245	en-eng,ian-iang,n-l,r-l,j-q-x	1
洗衣服	xǐ yī fú	67247	h-f,j-q-x	1
洪泽湖	hóng zé hú	67266	z-zh,h-f	1
活阎王	huó yán wáng	67279	an-ang,ua-uo,h-f	1
活鲜鲜	huó xiān xiān	67281	ian-iang,ua-uo,h-f,j-q-x	1
流通券	liú tōng quàn	67312	uan-uang,n-l,r-l,j-q-x	1
浅浮雕	qiǎn fú diāo	67328	ian-iang,h-f,j-q-x	1
测量学	cè liáng xué	67343	ian-iang,c-ch,n-l,r-l,j-q-x	1
济南市	jǐ nán shì	67353	an-ang,s-sh,n-l,j-q-x	1
浑球儿	hún qiú er	67370	h-f,j-q-x	1
浒墅关	xǔ shù guān	67372	uan-uang,s-sh,j-q-x	3
浙江省	zhè jiāng shěng	67379	en-eng,ian-iang,z-zh,s-sh,j-q-x	1
海南岛	hǎi nán dǎo	67409	an-ang,ai-ei,ao-ou,n-l,h-f	1
海南省	hǎi nán shěng	67410	en-eng,an-ang,ai-ei,s-sh,n-l,h-f	1
海参崴	hǎi shēn wēi	67411	en-eng,ai-ei,s-sh,h-f	3
消化腺	xiāo huà xiàn	67432	ian-iang,ua-uo,h-f,j-q-x	1
消化酶	xiāo huà méi	67433	ai-ei,ua-uo,h-f,j-q-x	3
消炎片	xiāo yán piàn	67436	an-ang,ian-iang,j-q-x	1
消石灰	xiāo shí huī	67437	s-sh,h-f,j-q-x	1
液压油	yè yā yóu	67463	ao-ou	1
混球儿	hùn qiú er	67555	h-f,j-q-x	1
清君侧	qīng jūn cè	67566	in-ing,c-ch,j-q-x	1
渎职罪	dú zhí zuì	67599	z-zh	3
温度表	wēn dù biǎo	67615	en-eng	1
港务局	gǎng wù jú	67621	an-ang,j-q-x	1
湘夫人	xiāng fū rén	67649	en-eng,ian-iang,h-f,r-l,j-q-x	1
湿度计	shī dù jì	67655	s-sh,j-q-x	1
溜旱冰	liū hàn bīng	67676	in-ing,an-ang,n-l,h-f,r-l	1
溜溜转	liū liū zhuàn	67679	uan-uang,z-zh,n-l,r-l	1
溜肩膀	liū jiān bǎng	67680	an-ang,ian-iang,n-l,r-l,j-q-x	1
溶解度	róng jiě dù	67692	ia-ie,r-l,j-q-x	1
满江红	mǎn jiāng hóng	67713	an-ang,ian-iang,h-f,j-q-x	1
滨海区	bīn hǎi qū	67724	in-ing,ai-ei,h-f,j-q-x	1
滴溜儿	dī liù ér	67727	n-l,r-l	1
漫反射	màn fǎn shè	67750	an-ang,s-sh,h-f	1
潘多拉	pān duō lā	67767	an-ang,ua-uo,n-l,r-l	1
炉甘石	lú gān shí	67853	an-ang,s-sh,n-l,r-l	1
炒地皮	chǎo dì pí	67860	ao-ou,c-ch	1
炒股票	chǎo gǔ piào	67861	ao-ou,c-ch	1
炮子儿	pào zǐ er	67870	ao-ou,z-zh	1
炸丸子	zhá wán zǐ	67879	an-ang,z-zh	1
炸元宵	zhá yuán xiāo	67880	uan-uang,z-zh,j-q-x	1
炸弹坑	zhà dàn kēng	67882	en-eng,an-ang,z-zh	1
炸油条	zhá yóu tiáo	67883	ao-ou,z-zh	1
炸油饼	zhá yóu bǐng	67884	in-ing,ao-ou,z-zh	1
炸鸡蛋	zhá jī dàn	67891	an-ang,z-zh,j-q-x	1
炼油厂	liàn yóu chǎng	67905	an-ang,ian-iang,ao-ou,c-ch,n-l,r-l	1
炼金术	liàn jīn shù	67907	in-ing,ian-iang,s-sh,n-l,r-l,j-q-x	1
烘干机	hōng gān jī	67917	an-ang,h-f,j-q-x	1
烟雾弹	yān wù dàn	67933	an-ang	1
热传导	rè chuán dǎo	67942	uan-uang,ao-ou,c-ch,r-l	1
热哄哄	rè hǒng hǒng	67946	h-f,r-l	1
热水澡	rè shuǐ zǎo	67950	ao-ou,z-zh,s-sh,r-l	1
热辐射	rè fú shè	67957	s-sh,h-f,r-l	1
照相版	zhào xiàng bǎn	67989	an-ang,ian-iang,ao-ou,z-zh,j-q-x	1
照相纸	zhào xiàng zhǐ	67990	ian-iang,ao-ou,z-zh,j-q-x	1
熊爪子	xióng zhuǎ zi	67996	ua-uo,z-zh,j-q-x	1
熏蒸剂	xūn zhēng jì	68005	en-eng,z-zh,j-q-x	1
熏蚊子	xūn wén zi	68006	en-eng,z-zh,j-q-x	1
熏豆腐	xūn dòu fǔ	68007	ao-ou,h-f,j-q-x	1
熟石膏	shú shí gāo	68015	ao-ou,s-sh	1
燕麦粥	yàn mài zhōu	68089	an-ang,ai-ei,ao-ou,z-zh	1
爪尖儿	zhuǎ jiān er	68095	ian-iang,ua-uo,z-zh,j-q-x	1
父亲节	fù qīn jié	68112	in-ing,ia-ie,h-f,j-q-x	1
父权制	fù quán zhì	68118	uan-uang,z-zh,h-f,j-q-x	1
片假名	piàn jiǎ míng	68124	in-ing,ian-iang,ia-ie,j-q-x	1
片面性	piàn miàn xìng	68145	in-ing,ian-iang,j-q-x	1
牛头刨	niú tóu bào	68161	ao-ou,n-l	1
牛毛雨	niú máo yǔ	68164	ao-ou,n-l	1
牛蒡子	niú bàng zi	68168	an-ang,z-zh,n-l	3
牧羊人	mù yáng rén	68186	en-eng,an-ang,r-l	1
物理量	wù lǐ liàng	68195	ian-iang,n-l,r-l	1
特大号	tè dà hào	68208	ao-ou,h-f	1
犯节气	fàn jié qì	68226	an-ang,ia-ie,h-f,j-q-x	1
独脚戏	dú jiǎo xì	68282	j-q-x	1
狭心症	xiá xīn zhèng	68289	en-eng,in-ing,ia-ie,z-zh,j-q-x	1
狮子会	shī zi huì	68291	z-zh,s-sh,h-f	1
猪笼草	zhū lóng cǎo	68316	ao-ou,z-zh,c-ch,n-l,r-l	1
猫爪子	māo zhuǎ zi	68321	ao-ou,ua-uo,z-zh	1
玉米片	yù mǐ piàn	68378	ian-iang	1
王八蛋	wáng bā dàn	68387	an-ang	1
王天下	wàng tiān xià	68392	an-ang,ian-iang,ia-ie,j-q-x	1
王老五	wáng lǎo wǔ	68399	an-ang,ao-ou,n-l,r-l	1
玻璃杯	bō lí bēi	68419	ai-ei,n-l,r-l	1
玻璃碴	bō lí chá	68420	c-ch,n-l,r-l	3
玻璃窗	bō lí chuāng	68421	uan-uang,c-ch,n-l,r-l	1
琵琶行	pí pá xíng	68457	in-ing,j-q-x	3
琵琶骨	pí pá gǔ	68458		3
瓦岗军	wǎ gāng jūn	68496	an-ang,j-q-x	1
瓦楞子	wǎ léng zǐ	68499	en-eng,z-zh,n-l,r-l	5
瓦楞纸	wǎ léng zhǐ	68500	en-eng,z-zh,n-l,r-l	5
瓦窑堡	wǎ yáo bǔ	68504	ao-ou	1
生石膏	shēng shí gāo	68556	en-eng,ao-ou,s-sh	1
生育率	shēng yù lǜ	68559	en-eng,s-sh,n-l,r-l	1
生还者	shēng huán zhě	68562	en-eng,uan-uang,z-zh,s-sh,h-f	1
用工夫	yòng gōng fū	68574	h-f	1
电位差	diàn wèi chà	68598	ian-iang,ai-ei,c-ch	1
电冰柜	diàn bīng guì	68601	in-ing,ian-iang	1
电势差	diàn shì chà	68605	ian-iang,c-ch,s-sh	1
电压表	diàn yā biǎo	68607	ian-iang	1
电压计	diàn yā jì	68608	ian-iang,j-q-x	1
电气石	diàn qì shí	68615	ian-iang,s-sh,j-q-x	1
电石气	diàn shí qì	68619	ian-iang,s-sh,j-q-x	1
电能表	diàn néng biǎo	68621	en-eng,ian-iang,n-l	1
电解质	diàn jiě zhì	68625	ian-iang,ia-ie,z-zh,j-q-x	1
电阻率	diàn zǔ lǜ	68627	ian-iang,z-zh,n-l,r-l	1
男中音	nán zhōng yīn	68629	in-ing,an-ang,z-zh,n-l	1
男傧相	nán bīn xiàng	68631	in-ing,an-ang,ian-iang,n-l,j-q-x	3
男孩子	nán hái zi	68642	an-ang,ai-ei,z-zh,n-l,h-f	1
画片儿	huà piàn er	68657	ian-iang,ua-uo,h-f	1
画肖像	huà xiào xiàng	68660	ian-iang,ua-uo,h-f,j-q-x	1
畜牧场	xù mù chǎng	68685	an-ang,c-ch,j-q-x	1
番木瓜	fān mù guā	68694	an-ang,ua-uo,h-f	1
番石榴	fān shí liú	68698	an-ang,s-sh,n-l,h-f,r-l	1
番红花	fān hóng huā	68701	an-ang,ua-uo,h-f	1
疑问句	yí wèn jù	68721	en-eng,j-q-x	1
病原体	bìng yuán tǐ	68746	in-ing,uan-uang	1
瘌痢头	là lì tóu	68766	ao-ou,n-l,r-l	3
白云观	bái yún guàn	68784	uan-uang,ai-ei	1
白令海	bái lìng hǎi	68785	in-ing,ai-ei,n-l,h-f,r-l	1
白刷刷	bái shuā shuā	68787	ai-ei,ua-uo,s-sh	1
白条子	bái tiáo zi	68812	ai-ei,z-zh	1
白毛女	bái máo nǚ	68813	ai-ei,ao-ou,n-l	1
白纸坊	bái zhǐ fāng	68819	an-ang,ai-ei,z-zh,h-f	1
白莲教	bái lián jiào	68821	ian-iang,ai-ei,n-l,r-l,j-q-x	1
百叶箱	bǎi yè xiāng	68871	ian-iang,ai-ei,j-q-x	1
百夫长	bǎi fū zhǎng	68877	an-ang,ai-ei,z-zh,h-f	1
百家饭	bǎi jiā fàn	68880	an-ang,ai-ei,ia-ie,h-f,j-q-x	1
皮夹子	pí jiā zi	68929	ia-ie,z-zh,j-q-x	1
皱眉头	zhòu méi tou	68933	ai-ei,ao-ou,z-zh	1
目的论	mù dì lùn	69001	n-l,r-l	1
直溜溜	zhí liū liū	69046	z-zh,n-l,r-l	1
直觉性	zhí jué xìng	69049	in-ing,z-zh,j-q-x	1
直角尺	zhí jiǎo chǐ	69050	z-zh,c-ch,j-q-x	1
相反数	xiāng fǎn shù	69071	an-ang,ian-iang,s-sh,h-f,j-q-x	1
相对论	xiāng duì lùn	69083	ian-iang,n-l,r-l,j-q-x	1
相思子	xiāng sī zǐ	69100	ian-iang,z-zh,s-sh,j-q-x	1
相思树	xiāng sī shù	69101	ian-iang,s-sh,j-q-x	1
相片儿	xiàng piān er	69111	ian-iang,j-q-x	1
相结合	xiāng jié hé	69116	ian-iang,ia-ie,h-f,j-q-x	1
省油灯	shěng yóu dēng	69135	en-eng,ao-ou,s-sh	1
看不清	kàn bù qīng	69147	in-ing,an-ang,j-q-x	1
看不见	kàn bú jiàn	69148	an-ang,ian-iang,j-q-x	1
看不过	kàn bù guò	69149	an-ang,ua-uo	1
看得懂	kàn de dǒng	69164	an-ang	1
看得清	kàn de qīng	69165	in-ing,an-ang,j-q-x	1
看财奴	kān cái nú	69181	an-ang,ai-ei,c-ch,n-l	1
看门狗	kān mén gǒu	69183	en-eng,an-ang,ao-ou	1
真分数	zhēn fēn shù	69190	en-eng,z-zh,s-sh,h-f	1
真空泵	zhēn kōng bèng	69196	en-eng,z-zh	1
真菌界	zhēn jùn jiè	69197	en-eng,ia-ie,z-zh,j-q-x	1
瞎琢磨	xiā zuó mó	69236	ia-ie,ua-uo,z-zh,j-q-x	1
瞥一眼	piē yì yǎn	69248	an-ang,ia-ie	3
瞭望台	liào wàng tái	69252	an-ang,ai-ei,n-l,r-l	1
瞭望哨	liào wàng shào	69253	an-ang,ao-ou,s-sh,n-l,r-l	1
瞿塘峡	qú táng xiá	69255	an-ang,ia-ie,j-q-x	3
矛盾论	máo dùn lùn	69258	ao-ou,n-l,r-l	1
矢车菊	shǐ chē jú	69285	c-ch,s-sh,j-q-x	1
知识化	zhī shí huà	69324	ua-uo,z-zh,s-sh,h-f	1
知识库	zhī shí kù	69328	z-zh,s-sh	1
短歌行	duǎn gē xíng	69366	in-ing,uan-uang,j-q-x	1
矮个子	ǎi gè zi	69373	ai-ei,z-zh	1
石决明	shí jué míng	69380	in-ing,s-sh,j-q-x	1
石头城	shí tou chéng	69387	en-eng,ao-ou,c-ch,s-sh	1
石尤风	shí yóu fēng	69391	en-eng,ao-ou,s-sh,h-f	1
石榴花	shí liú huā	69407	ua-uo,s-sh,n-l,h-f,r-l	1
石灰岩	shí huī yán	69418	an-ang,s-sh,h-f	1
石灰水	shí huī shuǐ	69419	s-sh,h-f	1
石狮子	shí shī zi	69423	z-zh,s-sh	1
石狮市	shí shī shì	69424	s-sh	1
石脑油	shí nǎo yóu	69431	ao-ou,s-sh,n-l	1
石菖蒲	shí chāng pú	69433	an-ang,c-ch,s-sh	3
石鼓文	shí gǔ wén	69441	en-eng,s-sh	1
砖瓦厂	zhuān wǎ chǎng	69471	an-ang,uan-uang,z-zh,c-ch	1
破体字	pò tǐ zì	69489	z-zh	1
破衣服	pò yī fú	69515	h-f	1
硫化物	liú huà wù	69532	ua-uo,n-l,h-f,r-l	1
碘化物	diǎn huà wù	69554	ian-iang,ua-uo,h-f	1
碱金属	jiǎn jīn shǔ	69561	in-ing,ian-iang,s-sh,j-q-x	1
碳化物	tàn huà wù	69562	an-ang,ua-uo,h-f	1
碳化硅	tàn huà guī	69563	an-ang,ua-uo,h-f	1
磕头虫	kē tóu chóng	69581	ao-ou,c-ch	1
磨不开	mó bù kāi	69582	ai-ei	1
磨豆腐	mó dòu fǔ	69616	ao-ou,h-f	1
社会学	shè huì xué	69633	s-sh,h-f,j-q-x	1
祈使句	qí shǐ jù	69639	s-sh,j-q-x	1
神仙会	shén xiān huì	69654	en-eng,ian-iang,s-sh,h-f,j-q-x	1
神女峰	shén nǚ fēng	69666	en-eng,s-sh,n-l,h-f	1
禁卫军	jìn wèi jūn	69731	in-ing,ai-ei,j-q-x	1
禁闭室	jìn bì shì	69747	in-ing,s-sh,j-q-x	1
福建省	fú jiàn shěng	69765	en-eng,ian-iang,s-sh,h-f,j-q-x	1
离不开	lí bù kāi	69769	ai-ei,n-l,r-l	1
私底下	sī dǐ xià	69795	ia-ie,s-sh,j-q-x	1
种子田	zhǒng zi tián	69826	ian-iang,z-zh	1
种牛痘	zhòng niú dòu	69829	ao-ou,z-zh,n-l	1
科教片	kē jiào piàn	69842	ian-iang,j-q-x	1
科研所	kē yán suǒ	69843	an-ang,ua-uo,s-sh	1
租庸调	zū yōng diào	69851	z-zh	1
积雨云	jī yǔ yún	69892	j-q-x	1
税务员	shuì wù yuán	69950	uan-uang,s-sh	1
税务官	shuì wù guān	69951	uan-uang,s-sh	1
稗子面	bài zi miàn	69958	ian-iang,ai-ei,z-zh	3
空包弹	kōng bāo dàn	69997	an-ang,ao-ou	1
空气浴	kōng qì yù	70009	j-q-x	1
空洞洞	kōng dòng dòng	70010		1
穿衣服	chuān yī fú	70036	uan-uang,c-ch,h-f	1
窝窝头	wō wō tóu	70044	ao-ou	1
站起来	zhàn qǐ lái	70058	an-ang,ai-ei,z-zh,n-l,r-l,j-q-x	1
竹枝词	zhú zhī cí	70084	z-zh,c-ch	1
竹篓子	zhú lǒu zi	70086	ao-ou,z-zh,n-l,r-l	1
笑咧咧	xiào liē liē	70103	ia-ie,n-l,r-l,j-q-x	1
符号论	fú hào lùn	70124	ao-ou,n-l,h-f,r-l	1
第一名	dì yì míng	70126	in-ing	1
等一下	děng yí xià	70132	en-eng,ia-ie,j-q-x	1
等压线	děng yā xiàn	70135	en-eng,ian-iang,j-q-x	1
答茬儿	dá chá ér	70152	c-ch	1
简分数	jiǎn fēn shù	70165	en-eng,ian-iang,s-sh,h-f,j-q-x	1
管儿灯	guǎn er dēng	70186	en-eng,uan-uang	1
篆刻家	zhuàn kè jiā	70198	uan-uang,ia-ie,z-zh,j-q-x	3
类毒素	lèi dú sù	70210	ai-ei,s-sh,n-l,r-l	1
粗活儿	cū huó er	70226	ua-uo,c-ch,h-f	1
粘信封	zhān xìn fēng	70231	en-eng,in-ing,an-ang,z-zh,h-f,j-q-x	1
粘合剂	nián hé jì	70232	ian-iang,n-l,h-f,j-q-x	1
糊涂蛋	hú tú dàn	70261	an-ang,h-f	1
糖萝卜	táng luó bo	70267	an-ang,ua-uo,n-l,r-l	1
系列剧	xì liè jù	70272	ia-ie,n-l,r-l,j-q-x	1
系绳子	jì shéng zǐ	70279	en-eng,z-zh,s-sh,j-q-x	1
系鞋带	jì xié dài	70283	ai-ei,ia-ie,j-q-x	1
紫石英	zǐ shí yīng	70298	in-ing,z-zh,s-sh	1
紫阳观	zǐ yáng guān	70301	an-ang,uan-uang,z-zh	1
累垮了	lèi kuǎ le	70311	ai-ei,ua-uo,n-l,r-l	1
累活儿	lèi huó er	70318	ai-ei,ua-uo,n-l,h-f,r-l	1
红楼梦	hóng lóu mèng	70377	en-eng,ao-ou,n-l,h-f,r-l	1
红殷殷	hóng yīn yīn	70378	in-ing,h-f	1
红水河	hóng shuǐ hé	70379	s-sh,h-f	1
红澄澄	hóng chéng chéng	70383	en-eng,c-ch,h-f	1
红豆蔻	hóng dòu kòu	70405	ao-ou,h-f	3
红通通	hóng tōng tōng	70407	h-f	1
纤毛虫	xiān máo chóng	70417	ian-iang,ao-ou,c-ch,j-q-x	1
纪念堂	jì niàn táng	70425	an-ang,ian-iang,n-l,j-q-x	1
纵剖面	zòng pōu miàn	70440	ian-iang,ao-ou,z-zh	1
纵坐标	zòng zuò biāo	70441	ua-uo,z-zh	1
纵断面	zòng duàn miàn	70443	ian-iang,uan-uang,z-zh	1
纵横家	zòng héng jiā	70447	en-eng,ia-ie,z-zh,h-f,j-q-x	1
线坯子	xiàn pī zi	70468	ian-iang,z-zh,j-q-x	1
线粒体	xiàn lì tǐ	70469	ian-iang,n-l,r-l,j-q-x	1
练习曲	liàn xí qǔ	70471	ian-iang,n-l,r-l,j-q-x	1
组织学	zǔ zhī xué	70474	z-zh,j-q-x	1
组织法	zǔ zhī fǎ	70476	z-zh,h-f	1
组织液	zǔ zhī yè	70477	z-zh	1
细屑子	xì xiè zi	70483	ia-ie,z-zh,j-q-x	1
细菌域	xì jùn yù	70487	j-q-x	1
细菌界	xì jùn jiè	70489	ia-ie,j-q-x	1
织布机	zhī bù jī	70491	z-zh,j-q-x	1
绍兴戏	shào xīng xì	70505	in-ing,ao-ou,s-sh,j-q-x	1
绍兴酒	shào xīng jiǔ	70506	in-ing,ao-ou,s-sh,j-q-x	1
给水器	jǐ shuǐ qì	70544	s-sh,j-q-x	1
给水站	jǐ shuǐ zhàn	70546	an-ang,z-zh,s-sh,j-q-x	1
给水管	jǐ shuǐ guǎn	70547	uan-uang,s-sh,j-q-x	1
给水箱	jǐ shuǐ xiāng	70548	ian-iang,s-sh,j-q-x	1
统计员	tǒng jì yuán	70565	uan-uang,j-q-x	1
绷场面	bēng chǎng miàn	70586	en-eng,an-ang,ian-iang,c-ch	1
缌麻服	sī má fú	70618	s-sh,h-f	3
编织品	biān zhī pǐn	70626	in-ing,ian-iang,z-zh	1
编织物	biān zhī wù	70627	ian-iang,z-zh	1
缝扣子	féng kòu zi	70632	en-eng,ao-ou,z-zh,h-f	1
缝被子	féng bèi zi	70636	en-eng,ai-ei,z-zh,h-f	1
缩砂密	sù shā mì	70648	s-sh	1
缫丝厂	sāo sī chǎng	70659	an-ang,ao-ou,c-ch,s-sh	3
罗圈腿	luó quān tuǐ	70671	uan-uang,ua-uo,n-l,r-l,j-q-x	1
羊毛脂	yáng máo zhī	70708	an-ang,ao-ou,z-zh	1
羊毛衣	yáng máo yī	70709	an-ang,ao-ou	1
羊痫风	yáng xián fēng	70711	en-eng,an-ang,ian-iang,h-f,j-q-x	3
羊癫风	yáng diān fēng	70712	en-eng,an-ang,ian-iang,h-f	3
羊肠线	yáng cháng xiàn	70718	an-ang,ian-iang,c-ch,j-q-x	1
美容术	měi róng shù	70730	ai-ei,s-sh,r-l	1
群英会	qún yīng huì	70744	in-ing,h-f,j-q-x	1
翘舌音	qiào shé yīn	70758	in-ing,s-sh,j-q-x	1
翻筋斗	fān jīn dǒu	70773	in-ing,an-ang,ao-ou,h-f,j-q-x	1
翻跟斗	fān gēn dǒu	70777	en-eng,an-ang,ao-ou,h-f	1
翻车鱼	fān chē yú	70778	an-ang,c-ch,h-f	1
老伯伯	lǎo bó bo	70782	ao-ou,n-l,r-l	1
老佛爷	lǎo fó yé	70783	ao-ou,n-l,h-f,r-l	1
老处女	lǎo chǔ nǚ	70784	ao-ou,c-ch,n-l,r-l	1
老大姐	lǎo dà jiě	70785	ao-ou,ia-ie,n-l,r-l,j-q-x	1
老本儿	lǎo běn er	70795	en-eng,ao-ou,n-l,r-l	1
老来少	lǎo lái shào	70797	ai-ei,ao-ou,s-sh,n-l,r-l	1
老疙瘩	lǎo gē da	70798	ao-ou,n-l,r-l	1
老鼠夹	lǎo shǔ jiā	70805	ao-ou,ia-ie,s-sh,n-l,r-l,j-q-x	1
考勤簿	kǎo qín bù	70807	in-ing,ao-ou,j-q-x	1
考据学	kǎo jù xué	70808	ao-ou,j-q-x	1
耍单儿	shuǎ dān ér	70811	an-ang,ua-uo,s-sh	1
耍排场	shuǎ pái chǎng	70812	an-ang,ai-ei,ua-uo,c-ch,s-sh	1
耍笔杆	shuǎ bǐ gǎn	70814	an-ang,ua-uo,s-sh	1
耳掴子	ěr guāi zi	70822	z-zh	3
耶稣会	yē sū huì	70837	s-sh,h-f	3
联合机	lián hé jī	70851	ian-iang,n-l,h-f,r-l,j-q-x	1
肚子痛	dù zi tòng	70889	z-zh	1
肚子饿	dù zi è	70890	z-zh	1
肯不肯	kěn bù kěn	70919	en-eng	1
肺动脉	fèi dòng mài	70921	ai-ei,h-f	1
肺静脉	fèi jìng mài	70923	in-ing,ai-ei,h-f,j-q-x	1
背不住	bèi bú zhù	70938	ai-ei,z-zh	1
背光性	bèi guāng xìng	70944	in-ing,uan-uang,ai-ei,j-q-x	1
背搭子	bèi dā zi	70957	ai-ei,z-zh	1
背日性	bèi rì xìng	70958	in-ing,ai-ei,r-l,j-q-x	1
背水阵	bèi shuǐ zhèn	70966	en-eng,ai-ei,z-zh,s-sh	1
背着手	bèi zhe shǒu	70970	ai-ei,ao-ou,z-zh,s-sh	1
背风面	bèi fēng miàn	70979	en-eng,ian-iang,ai-ei,h-f	1
胖大海	pàng dà hǎi	70981	an-ang,ai-ei,h-f	1
胖头鱼	pàng tóu yú	70982	an-ang,ao-ou	1
胳膊肘	gē bó zhǒu	71003	ao-ou,z-zh	1
能动性	néng dòng xìng	71031	en-eng,in-ing,n-l,j-q-x	1
脏稀稀	zāng xī xī	71056	an-ang,z-zh,j-q-x	1
脏衣服	zāng yī fú	71057	an-ang,z-zh,h-f	1
脑贫血	nǎo pín xuè	71059	in-ing,ao-ou,n-l,j-q-x	1
脖颈子	bó gěng zi	71062	en-eng,z-zh	1
脱衣服	tuō yī fú	71069	ua-uo,h-f	1
腐殖质	fǔ zhí zhì	71084	z-zh,h-f	1
膝盖骨	xī gài gǔ	71127	ai-ei,j-q-x	1
自供状	zì gòng zhuàng	71150	uan-uang,z-zh	1
自各儿	zì gě ér	71162	z-zh	1
自大狂	zì dà kuáng	71164	uan-uang,z-zh	1
自留畜	zì liú chù	71176	z-zh,c-ch,n-l,r-l	1
臭老九	chòu lǎo jiǔ	71198	ao-ou,c-ch,n-l,r-l,j-q-x	1
船夫曲	chuán fū qǔ	71247	uan-uang,c-ch,h-f,j-q-x	1
节度使	jié dù shǐ	71290	ia-ie,s-sh,j-q-x	1
节目单	jié mù dān	71297	an-ang,ia-ie,j-q-x	1
节骨眼	jiē gǔ yǎn	71300	an-ang,ia-ie,j-q-x	1
芥蓝菜	gài lán cài	71307	an-ang,ai-ei,c-ch,n-l,r-l	1
花灯戏	huā dēng xì	71318	en-eng,ua-uo,h-f,j-q-x	1
苏合香	sū hé xiāng	71339	ian-iang,s-sh,h-f,j-q-x	1
苏小小	sū xiǎo xiǎo	71342	s-sh,j-q-x	1
苛性钠	kē xìng nà	71351	in-ing,n-l,j-q-x	1
苣卖菜	qǔ mài cài	71356	ai-ei,c-ch,j-q-x	3
苣荬菜	qǔ mǎi cài	71357	ai-ei,c-ch,j-q-x	3
苦差事	kǔ chāi shì	71381	ai-ei,c-ch,s-sh	1
英雄传	yīng xióng zhuàn	71393	in-ing,uan-uang,z-zh,j-q-x	1
英雄榜	yīng xióng bǎng	71394	in-ing,an-ang,j-q-x	1
茅台酒	máo tái jiǔ	71402	ai-ei,ao-ou,j-q-x	1
荆三棱	jīng sān léng	71413	en-eng,in-ing,an-ang,s-sh,n-l,r-l,j-q-x	1
草料场	cǎo liào chǎng	71423	an-ang,ao-ou,c-ch,n-l,r-l	1
草甸子	cǎo diàn zi	71429	ian-iang,ao-ou,z-zh,c-ch	1
莆仙戏	pú xiān xì	71461	ian-iang,j-q-x	3
落不是	luò bú shì	71511	ua-uo,s-sh,n-l,r-l	1
落叶树	luò yè shù	71517	ua-uo,s-sh,n-l,r-l	1
落水管	luò shuǐ guǎn	71525	uan-uang,ua-uo,s-sh,n-l,r-l	1
蒙古文	měng gǔ wén	71559	en-eng	1
蒙古语	měng gǔ yǔ	71560	en-eng	1
蒙蒙黑	mēng mēng hēi	71572	en-eng,ai-ei,h-f	1
蔫儿坏	niān ér huài	71599	ian-iang,n-l,h-f	3
薯莨绸	shǔ liáng chóu	71630	ian-iang,ao-ou,c-ch,s-sh,n-l,r-l	3
藏猫儿	cáng māo ér	71648	an-ang,ao-ou,c-ch	1
虎而冠	hǔ ér guàn	71675	uan-uang,h-f	1
虎骨酒	hǔ gǔ jiǔ	71680	h-f,j-q-x	1
蚂蟥钉	mǎ huáng dīng	71712	in-ing,uan-uang,h-f	3
蚌埠市	bèng bù shì	71714	en-eng,s-sh	1
蛾眉月	é méi yuè	71741	ai-ei	1
蟠桃会	pán táo huì	71798	an-ang,ao-ou,h-f	3
血中毒	xuè zhòng dú	71805	z-zh,j-q-x	1
血凝固	xuè níng gù	71809	in-ing,n-l,j-q-x	1
血尿素	xuè niào sù	71819	s-sh,n-l,j-q-x	1
血崩症	xuè bēng zhèng	71820	en-eng,z-zh,j-q-x	1
血循环	xuè xún huán	71821	uan-uang,h-f,j-q-x	1
血枯病	xuè kū bìng	71826	in-ing,j-q-x	1
血沉素	xuè chén sù	71834	en-eng,c-ch,s-sh,j-q-x	1
血液学	xuè yè xué	71843	j-q-x	1
血清型	xuè qīng xíng	71846	in-ing,j-q-x	1
血清病	xuè qīng bìng	71847	in-ing,j-q-x	1
血清素	xuè qīng sù	71848	in-ing,s-sh,j-q-x	1
血管炎	xuè guǎn yán	71858	an-ang,uan-uang,j-q-x	1
血管病	xuè guǎn bìng	71859	in-ing,uan-uang,j-q-x	1
血管瘤	xuè guǎn liú	71861	uan-uang,n-l,r-l,j-q-x	1
血管膜	xuè guǎn mó	71865	uan-uang,j-q-x	1
血糖低	xuè táng dī	71869	an-ang,j-q-x	1
血糖高	xuè táng gāo	71870	an-ang,ao-ou,j-q-x	1
血红色	xuè hóng sè	71871	s-sh,h-f,j-q-x	1
血腥味	xuè xīng wèi	71877	in-ing,ai-ei,j-q-x	1
血豆腐	xiě dòu fǔ	71882	ao-ou,ia-ie,h-f,j-q-x	1
血道子	xiě dào zi	71885	ao-ou,ia-ie,z-zh,j-q-x	1
行列式	háng liè shì	71901	an-ang,ia-ie,s-sh,n-l,h-f,r-l	1
行政法	xíng zhèng fǎ	71924	en-eng,in-ing,z-zh,h-f,j-q-x	1
街头诗	jiē tóu shī	71976	ao-ou,ia-ie,s-sh,j-q-x	1
补骨脂	bǔ gǔ zhī	72022	z-zh	1
表侄女	biǎo zhí nǚ	72023	z-zh,n-l	1
表兄弟	biǎo xiōng dì	72024	j-q-x	1
表瓤子	biǎo ráng zi	72029	an-ang,z-zh,r-l	1
表蒙子	biǎo méng zi	72030	en-eng,z-zh	1
袁大头	yuán dà tóu	72047	uan-uang,ao-ou	1
被动式	bèi dòng shì	72057	ai-ei,s-sh	1
被告人	bèi gào rén	72062	en-eng,ai-ei,ao-ou,r-l	1
被称为	bèi chēng wéi	72071	en-eng,ai-ei,c-ch	1
被视为	bèi shì wéi	72075	ai-ei,s-sh	1
被评为	bèi píng wéi	72076	in-ing,ai-ei	1
装孙子	zhuāng sūn zi	72093	uan-uang,z-zh,s-sh	1
西北风	xī běi fēng	72117	en-eng,ai-ei,h-f,j-q-x	1
见上帝	jiàn shàng dì	72151	an-ang,ian-iang,s-sh,j-q-x	1
见习生	jiàn xí shēng	72156	en-eng,ian-iang,s-sh,j-q-x	1
观众席	guān zhòng xí	72216	uan-uang,z-zh,j-q-x	1
观察使	guān chá shǐ	72219	uan-uang,c-ch,s-sh	1
观察力	guān chá lì	72220	uan-uang,c-ch,n-l,r-l	1
观察所	guān chá suǒ	72221	uan-uang,ua-uo,c-ch,s-sh	1
观星台	guān xīng tái	72226	in-ing,uan-uang,ai-ei,j-q-x	1
角动量	jiǎo dòng liàng	72276	ian-iang,n-l,r-l,j-q-x	1
角速度	jiǎo sù dù	72285	s-sh,j-q-x	1
解剖学	jiě pōu xué	72293	ao-ou,ia-ie,j-q-x	1
解剖室	jiě pōu shì	72294	ao-ou,ia-ie,s-sh,j-q-x	1
触发器	chù fā qì	72338	c-ch,h-f,j-q-x	1
触霉头	chù méi tóu	72351	ai-ei,ao-ou,c-ch	1
警备区	jǐng bèi qū	72435	in-ing,ai-ei,j-q-x	1
认识论	rèn shí lùn	72481	en-eng,s-sh,n-l,r-l	1
记分册	jì fēn cè	72500	en-eng,c-ch,h-f,j-q-x	1
记录片	jì lù piàn	72502	ian-iang,n-l,r-l,j-q-x	1
讲解员	jiǎng jiě yuán	72508	ian-iang,uan-uang,ia-ie,j-q-x	1
论理学	lùn lǐ xué	72531	n-l,r-l,j-q-x	1
论说文	lùn shuō wén	72536	en-eng,ua-uo,s-sh,n-l,r-l	1
设圈套	shè quān tào	72547	uan-uang,ao-ou,s-sh,j-q-x	1
评论家	píng lùn jiā	72557	in-ing,ia-ie,n-l,r-l,j-q-x	1
识字班	shí zì bān	72561	an-ang,z-zh,s-sh	1
译意风	yì yì fēng	72601	en-eng,h-f	1
语义学	yǔ yì xué	72658	j-q-x	1
语体文	yǔ tǐ wén	72660	en-eng	1
语助词	yǔ zhù cí	72662	z-zh,c-ch	1
语法学	yǔ fǎ xué	72670	h-f,j-q-x	1
语源学	yǔ yuán xué	72671	uan-uang,j-q-x	1
语言学	yǔ yán xué	72679	an-ang,j-q-x	1
语音学	yǔ yīn xué	72686	in-ing,j-q-x	1
误以为	wù yǐ wéi	72687	ai-ei	1
说不清	shuō bù qīng	72697	in-ing,ua-uo,s-sh,j-q-x	1
诸宫调	zhū gōng diào	72736	z-zh	1
调味品	tiáo wèi pǐn	72773	in-ing,ai-ei	1
谈不上	tán bù shàng	72815	an-ang,s-sh	1
谈得来	tán de lái	72825	an-ang,ai-ei,n-l,r-l	1
谜一样	mí yí yàng	72850	an-ang	1
谦受益	qiān shòu yì	72859	ian-iang,ao-ou,s-sh,j-q-x	1
豁免权	huò miǎn quán	72886	ian-iang,uan-uang,ua-uo,h-f,j-q-x	1
败血病	bài xuè bìng	72993	in-ing,ai-ei,j-q-x	1
质因数	zhì yīn shù	73002	in-ing,z-zh,s-sh	1
贪便宜	tān pián yí	73016	an-ang,ian-iang	1
贪玩儿	tān wán er	73023	an-ang	1
贴膏药	tiē gāo yào	73052	ao-ou,ia-ie	1
贸易风	mào yì fēng	73065	en-eng,ao-ou,h-f	1
贼骨头	zéi gú tou	73076	ai-ei,ao-ou,z-zh	1
资本论	zī běn lùn	73101	en-eng,z-zh,n-l,r-l	1
赛璐玢	sài lù fēn	73133	en-eng,ai-ei,s-sh,n-l,h-f,r-l	3
赛马场	sài mǎ chǎng	73135	an-ang,ai-ei,c-ch,s-sh	1
赤崁楼	chì kàn lóu	73145	an-ang,ao-ou,c-ch,n-l,r-l	5
赤练蛇	chì liàn shé	73147	ian-iang,c-ch,s-sh,n-l,r-l	1
走内线	zǒu nèi xiàn	73161	ian-iang,ai-ei,ao-ou,z-zh,n-l,j-q-x	1
走好运	zǒu hǎo yùn	73164	ao-ou,z-zh,h-f	1
走娘家	zǒu niáng jiā	73165	ian-iang,ao-ou,ia-ie,z-zh,n-l,j-q-x	1
赶鸭子	gǎn yā zi	73180	an-ang,z-zh	1
超分子	chāo fēn zǐ	73193	en-eng,ao-ou,z-zh,c-ch,h-f	1
超导体	chāo dǎo tǐ	73194	ao-ou,c-ch	1
超高压	chāo gāo yā	73206	ao-ou,c-ch	1
超高频	chāo gāo pín	73207	in-ing,ao-ou,c-ch	1
趋光性	qū guāng xìng	73210	in-ing,uan-uang,j-q-x	1
趵突泉	bào tū quán	73236	uan-uang,ao-ou,j-q-x	3
跑警报	pǎo jǐng bào	73255	in-ing,ao-ou,j-q-x	1
跑马场	pǎo mǎ chǎng	73259	an-ang,ao-ou,c-ch	1
跳伞塔	tiào sǎn tǎ	73279	an-ang,s-sh	1
跳水池	tiào shuǐ chí	73284	c-ch,s-sh	1
跳皮筋	tiào pí jīn	73287	in-ing,j-q-x	1
跳起来	tiào qǐ lái	73293	ai-ei,n-l,r-l,j-q-x	1
踏脚石	tà jiǎo shí	73302	s-sh,j-q-x	1
踹一脚	chuài yì jiǎo	73319	c-ch,j-q-x	3
身分证	shēn fèn zhèng	73350	en-eng,z-zh,s-sh,h-f	1
身子骨	shēn zi gǔ	73355	en-eng,z-zh,s-sh	1
躲猫猫	duǒ māo māo	73378	ao-ou,ua-uo	1
车同轨	chē tóng guǐ	73384	c-ch	1
车行道	chē xíng dào	73403	in-ing,ao-ou,c-ch,j-q-x	1
车辆厂	chē liàng chǎng	73407	an-ang,ian-iang,c-ch,n-l,r-l	1
车马炮	jū mǎ pào	73414	ao-ou,j-q-x	1
轧钢厂	zhá gāng chǎng	73422	an-ang,z-zh,c-ch	1
轧钢机	zhá gāng jī	73423	an-ang,z-zh,j-q-x	1
转学生	zhuǎn xué shēng	73435	en-eng,uan-uang,z-zh,s-sh,j-q-x	1
转捩点	zhuǎn liè diǎn	73445	ian-iang,uan-uang,ia-ie,z-zh,n-l,r-l	3
轮机长	lún jī zhǎng	73473	an-ang,z-zh,n-l,r-l,j-q-x	1
软骨鱼	ruǎn gǔ yú	73486	uan-uang,r-l	1
轴对称	zhóu duì chèn	73491	en-eng,ao-ou,z-zh,c-ch	1
辨别力	biàn bié lì	73592	ian-iang,ia-ie,n-l,r-l	1
达姆弹	dá mǔ dàn	73602	an-ang	1
过五关	guò wǔ guān	73623	uan-uang,ua-uo	1
过半数	guò bàn shù	73630	an-ang,ua-uo,s-sh	1
过水面	guò shuǐ miàn	73646	ian-iang,ua-uo,s-sh	1
过滤嘴	guò lǜ zuǐ	73649	ua-uo,z-zh,n-l,r-l	1
过生日	guò shēng rì	73652	en-eng,ua-uo,s-sh,r-l	1
过电影	guò diàn yǐng	73653	in-ing,ian-iang,ua-uo	1
过节儿	guò jié ér	73657	ia-ie,ua-uo,j-q-x	1
过门儿	guò mén er	73664	en-eng,ua-uo	1
运输量	yùn shū liàng	73684	ian-iang,s-sh,n-l,r-l	1
近似值	jìn sì zhí	73686	in-ing,z-zh,s-sh,j-q-x	1
近地点	jìn dì diǎn	73687	in-ing,ian-iang,j-q-x	1
还不错	hái bú cuò	73705	ai-ei,ua-uo,c-ch,h-f	1
进给量	jìn jǐ liàng	73750	in-ing,ian-iang,n-l,r-l,j-q-x	1
远距离	yuǎn jù lí	73800	uan-uang,n-l,r-l,j-q-x	1
送信儿	sòng xìn ér	73924	in-ing,s-sh,j-q-x	1
送风机	sòng fēng jī	73928	en-eng,s-sh,h-f,j-q-x	1
适应症	shì yìng zhèng	73934	en-eng,in-ing,z-zh,s-sh	1
选择性	xuǎn zé xìng	73949	in-ing,uan-uang,z-zh,j-q-x	1
透心凉	tòu xīn liáng	73954	in-ing,ian-iang,ao-ou,n-l,r-l,j-q-x	1
透明体	tòu míng tǐ	73955	in-ing,ao-ou	1
逗闷子	dòu mèn zi	73972	en-eng,ao-ou,z-zh	1
通俗化	tōng sú huà	73974	ua-uo,s-sh,h-f	1
通风机	tōng fēng jī	74004	en-eng,h-f,j-q-x	1
造船厂	zào chuán chǎng	74025	an-ang,uan-uang,ao-ou,z-zh,c-ch	1
逮小偷	dǎi xiǎo tōu	74039	ai-ei,ao-ou,j-q-x	1
逮特务	dǎi tè wù	74040	ai-ei	1
逮老鼠	dǎi lǎo shǔ	74041	ai-ei,ao-ou,s-sh,n-l,r-l	1
逮蚊子	dǎi wén zi	74042	en-eng,ai-ei,z-zh	1
遗传学	yí chuán xué	74136	uan-uang,c-ch,j-q-x	1
遗传病	yí chuán bìng	74137	in-ing,uan-uang,c-ch	1
避风头	bì fēng tou	74227	en-eng,ao-ou,h-f	1
那么多	nà me duō	74238	ua-uo,n-l	1
郡县制	jùn xiàn zhì	74266	ian-iang,z-zh,j-q-x	3
郦食其	lì yì jī	74270	n-l,r-l,j-q-x	3
都察院	dū chá yuàn	74274	uan-uang,c-ch	1
都柏林	dōu bó lín	74276	in-ing,ao-ou,n-l,r-l	1
都江堰	dū jiāng yàn	74277	an-ang,ian-iang,j-q-x	1
酒吧间	jiǔ bā jiān	74295	ian-iang,j-q-x	1
酒石酸	jiǔ shí suān	74304	uan-uang,s-sh,j-q-x	1
酢浆草	cù jiāng cǎo	74312	ian-iang,ao-ou,c-ch,j-q-x	3
采石场	cǎi shí chǎng	74341	an-ang,ai-ei,c-ch,s-sh	1
重元素	zhòng yuán sù	74370	uan-uang,z-zh,s-sh	1
重力场	zhòng lì chǎng	74375	an-ang,z-zh,c-ch,n-l,r-l	1
重结晶	zhòng jié jīng	74426	in-ing,ia-ie,z-zh,j-q-x	1
重要性	zhòng yào xìng	74433	in-ing,ao-ou,z-zh,j-q-x	1
量体温	liáng tǐ wēn	74460	en-eng,ian-iang,n-l,r-l	1
量血压	liáng xuè yā	74483	ian-iang,n-l,r-l,j-q-x	1
量角器	liáng jiǎo qì	74485	ian-iang,n-l,r-l,j-q-x	1
金丝燕	jīn sī yàn	74488	in-ing,an-ang,s-sh,j-q-x	1
金交椅	jīn jiāo yǐ	74490	in-ing,j-q-x	1
金圆券	jīn yuán quàn	74499	in-ing,uan-uang,j-q-x	1
金晃晃	jīn huǎng huǎng	74508	in-ing,uan-uang,h-f,j-q-x	1
金沙江	jīn shā jiāng	74516	in-ing,ian-iang,s-sh,j-q-x	1
金沙萨	jīn shā sà	74517	in-ing,s-sh,j-q-x	1
金环蛇	jīn huán shé	74522	in-ing,uan-uang,s-sh,h-f,j-q-x	1
金石学	jīn shí xué	74539	in-ing,s-sh,j-q-x	1
金苹果	jīn píng guǒ	74545	in-ing,ua-uo,j-q-x	1
针叶林	zhēn yè lín	74573	en-eng,in-ing,z-zh,n-l,r-l	1
钉书针	dìng shū zhēn	74580	en-eng,in-ing,z-zh,s-sh	1
钉扣子	dìng kòu zi	74586	in-ing,ao-ou,z-zh	1
钉箱子	dìng xiāng zi	74588	in-ing,ian-iang,z-zh,j-q-x	1
钉钉子	dìng dīng zi	74589	in-ing,z-zh	1
钉钮扣	dìng niǔ kòu	74590	in-ing,ao-ou,n-l	1
钉马掌	dìng mǎ zhǎng	74591	in-ing,an-ang,z-zh	1
钉齿耙	dīng chǐ bà	74592	in-ing,c-ch	1
钓鱼台	diào yú tái	74595	ai-ei	1
钓鱼钩	diào yú gōu	74596	ao-ou	1
钢丝锯	gāng sī jù	74605	an-ang,s-sh,j-q-x	1
钢笔套	gāng bǐ tào	74612	an-ang,ao-ou	1
钢结构	gāng jié gòu	74615	an-ang,ao-ou,ia-ie,j-q-x	1
钢镚儿	gāng bèng er	74616	en-eng,an-ang	3
钦天监	qīn tiān jiàn	74619	in-ing,ian-iang,j-q-x	1
钻心虫	zuān xīn chóng	74650	in-ing,uan-uang,z-zh,c-ch,j-q-x	1
钻探机	zuān tàn jī	74652	an-ang,uan-uang,z-zh,j-q-x	1
钻牛角	zuān niú jiǎo	74658	uan-uang,z-zh,n-l,j-q-x	1
铁了心	tiě le xīn	74668	in-ing,ia-ie,n-l,r-l,j-q-x	1
铁叉子	tiě chā zi	74670	ia-ie,z-zh,c-ch	1
铁氧体	tiě yǎng tǐ	74680	an-ang,ia-ie	1
铁沙掌	tiě shā zhǎng	74681	an-ang,ia-ie,z-zh,s-sh	1
铁甲车	tiě jiǎ chē	74684	ia-ie,c-ch,j-q-x	1
铁矿石	tiě kuàng shí	74687	uan-uang,ia-ie,s-sh	1
铅中毒	qiān zhòng dú	74701	ian-iang,z-zh,j-q-x	1
铅垂线	qiān chuí xiàn	74705	ian-iang,c-ch,j-q-x	1
铅玻璃	qiān bō lí	74710	ian-iang,n-l,r-l,j-q-x	1
铆钉枪	mǎo dīng qiāng	74714	in-ing,ian-iang,ao-ou,j-q-x	3
铺盖卷	pū gài juǎn	74758	uan-uang,ai-ei,j-q-x	1
锯木厂	jù mù chǎng	74799	an-ang,c-ch,j-q-x	1
镭射气	léi shè qì	74829	ai-ei,s-sh,n-l,r-l,j-q-x	3
长恨歌	cháng hèn gē	74863	en-eng,an-ang,c-ch,h-f	1
长春市	cháng chūn shì	74875	an-ang,c-ch,s-sh	1
长沙市	cháng shā shì	74888	an-ang,c-ch,s-sh	1
长生果	cháng shēng guǒ	74896	en-eng,an-ang,ua-uo,c-ch,s-sh	1
长白山	cháng bái shān	74897	an-ang,ai-ei,c-ch,s-sh	1
长短句	cháng duǎn jù	74901	an-ang,uan-uang,c-ch,j-q-x	1
长统靴	cháng tǒng xuē	74909	an-ang,c-ch,j-q-x	1
门静脉	mén jìng mài	74963	en-eng,in-ing,ai-ei,j-q-x	1
闷子车	mèn zi chē	75036	en-eng,z-zh,c-ch	1
闷沉沉	mèn chén chén	75038	en-eng,c-ch	1
闹着玩	nào zhe wán	75045	an-ang,ao-ou,z-zh,n-l	1
闽北话	mǐn běi huà	75065	in-ing,ai-ei,ua-uo,h-f	1
闽南话	mǐn nán huà	75066	in-ing,an-ang,ua-uo,n-l,h-f	1
阳起石	yáng qǐ shí	75092	an-ang,s-sh,j-q-x	1
阴着儿	yīn zhāo ér	75099	in-ing,ao-ou,z-zh	1
阴阳家	yīn yáng jiā	75100	in-ing,an-ang,ia-ie,j-q-x	1
阿房宫	ē páng gōng	75130	an-ang	1
阿木林	ā mù lín	75136	in-ing,n-l,r-l	1
阿根廷	ā gēn tíng	75137	en-eng,in-ing	1
阿比让	ā bǐ ràng	75138	an-ang,r-l	1
阿波罗	ā bō luó	75140	ua-uo,n-l,r-l	1
阿的平	ā dì píng	75145	in-ing	1
阿罗汉	ā luó hàn	75146	an-ang,ua-uo,n-l,h-f,r-l	1
阿里山	ā lǐ shān	75150	an-ang,s-sh,n-l,r-l	1
附骥尾	fù jì wěi	75171	ai-ei,h-f,j-q-x	3
陈述句	chén shù jù	75187	en-eng,c-ch,s-sh,j-q-x	1
降雨量	jiàng yǔ liàng	75206	ian-iang,n-l,r-l,j-q-x	1
陕甘宁	shǎn gān níng	75213	in-ing,an-ang,s-sh,n-l	1
雁来红	yàn lái hóng	75325	an-ang,ai-ei,n-l,h-f,r-l	1
雅典娜	yǎ diǎn nà	75336	ian-iang,n-l	1
雇佣军	gù yōng jūn	75343	j-q-x	1
雨夹雪	yǔ jiā xuě	75375	ia-ie,j-q-x	1
雨水管	yǔ shuǐ guǎn	75391	uan-uang,s-sh	1
雨花台	yǔ huā tái	75404	ai-ei,ua-uo,h-f	1
雷雨云	léi yǔ yún	75437	ai-ei,n-l,r-l	1
霜淇淋	shuāng qí lín	75457	in-ing,uan-uang,s-sh,n-l,r-l,j-q-x	3
青年会	qīng nián huì	75507	in-ing,ian-iang,n-l,h-f,j-q-x	1
青羊宫	qīng yáng gōng	75515	in-ing,an-ang,j-q-x	1
非晶体	fēi jīng tǐ	75542	in-ing,ai-ei,h-f,j-q-x	1
非正式	fēi zhèng shì	75543	en-eng,ai-ei,z-zh,s-sh,h-f	1
音乐剧	yīn yuè jù	75630	in-ing,j-q-x	1
颐和园	yí hé yuán	75702	uan-uang,h-f	3
颤悠悠	chàn yōu yōu	75735	an-ang,ao-ou,c-ch	1
风仙花	fēng xiān huā	75749	en-eng,ian-iang,ua-uo,h-f,j-q-x	1
风信子	fēng xìn zǐ	75753	en-eng,in-ing,z-zh,h-f,j-q-x	1
风向器	fēng xiàng qì	75762	en-eng,ian-iang,h-f,j-q-x	1
风媒花	fēng méi huā	75771	en-eng,ai-ei,ua-uo,h-f	1
风疹块	fēng zhěn kuài	75816	en-eng,z-zh,h-f	1
风速器	fēng sù qì	75846	en-eng,s-sh,h-f,j-q-x	1
风雨灯	fēng yǔ dēng	75865	en-eng,h-f	1
飞将军	fēi jiāng jūn	75909	ian-iang,ai-ei,h-f,j-q-x	1
食品街	shí pǐn jiē	75958	in-ing,ia-ie,s-sh,j-q-x	1
食心虫	shí xīn chóng	75963	in-ing,c-ch,s-sh,j-q-x	1
饮牲口	yǐn shēng kǒu	76034	en-eng,in-ing,ao-ou,s-sh	1
饱和点	bǎo huó diǎn	76055	ian-iang,ao-ou,ua-uo,h-f	1
饼屑子	bǐng xiè zi	76067	in-ing,ia-ie,z-zh,j-q-x	1
香槟酒	xiāng bīn jiǔ	76091	in-ing,ian-iang,j-q-x	3
马克思	mǎ kè sī	76105	s-sh	1
马六甲	mǎ liù jiǎ	76107	ia-ie,n-l,r-l,j-q-x	1
马尾巴	mǎ yǐ bā	76118		1
马尾藻	mǎ wěi zǎo	76119	ai-ei,ao-ou,z-zh	1
马赫数	mǎ hè shù	76131	s-sh,h-f	1
驴打滚	lǘ dǎ gǔn	76147	n-l,r-l	1
骑缝印	qí fèng yìn	76188	en-eng,in-ing,h-f,j-q-x	1
骑缝章	qí fèng zhāng	76189	en-eng,an-ang,z-zh,h-f,j-q-x	1
骨碎补	gǔ suì bǔ	76230	s-sh	1
骨骼肌	gǔ gé jī	76242	j-q-x	3
高丽纸	gāo lí zhǐ	76251	ao-ou,z-zh,n-l,r-l	1
高八度	gāo bā dù	76257	ao-ou	1
高分子	gāo fēn zǐ	76259	en-eng,ao-ou,z-zh,h-f	1
高句骊	gāo gōu lí	76260	ao-ou,n-l,r-l	3
高度计	gāo dù jì	76273	ao-ou,j-q-x	1
高梁面	gāo liáng miàn	76286	ian-iang,ao-ou,n-l,r-l	1
高碳钢	gāo tàn gāng	76292	an-ang,ao-ou	1
高空槽	gāo kōng cáo	76294	ao-ou,c-ch	1
高速钢	gāo sù gāng	76307	an-ang,ao-ou,s-sh	1
高频头	gāo pín tóu	76311	in-ing,ao-ou	1
鬼剃头	guǐ tì tóu	76329	ao-ou	1
鬼见愁	guǐ jiàn chóu	76339	ian-iang,ao-ou,c-ch,j-q-x	1
魁北克	kuí běi kè	76341	ai-ei	1
鱼石脂	yú shí zhī	76408	z-zh,s-sh	1
鲜艳艳	xiān yàn yàn	76428	an-ang,ian-iang,j-q-x	1
鸡公车	jī gōng chē	76462	c-ch,j-q-x	1
鸡爪子	jī zhuǎ zi	76470	ua-uo,z-zh,j-q-x	1
鸭绿江	yā lù jiāng	76495	ian-iang,n-l,r-l,j-q-x	1
鸽子笼	gē zi lóng	76500	z-zh,n-l,r-l	1
鹅掌风	é zhǎng fēng	76543	en-eng,an-ang,z-zh,h-f	1
鹰爪子	yīng zhuǎ zi	76582	in-ing,ua-uo,z-zh	1
鹿角霜	lù jiǎo shuāng	76587	uan-uang,s-sh,n-l,r-l,j-q-x	1
麦茬儿	mài chá er	76601	ai-ei,c-ch	1
黄埔港	huáng pǔ gǎng	76619	an-ang,uan-uang,h-f	3
黄骠马	huáng biāo mǎ	76639	uan-uang,h-f	3
黑体字	hēi tǐ zì	76646	ai-ei,z-zh,h-f	1
黑糊糊	hēi hū hū	76659	ai-ei,h-f	1
鼓囊囊	gǔ nāng nāng	76700	an-ang,n-l	1
鼻中隔	bí zhōng gé	76719	z-zh	1
鼻咽癌	bí yān ái	76720	an-ang,ai-ei	1
鼻涕虫	bí tì chóng	76724	c-ch	1
齐刷刷	qí shuā shuā	76728	ua-uo,s-sh,j-q-x	1
龙王爷	lóng wáng yé	76809	an-ang,n-l,r-l	1
龙虎榜	lóng hǔ bǎng	76815	an-ang,n-l,h-f,r-l	1
龙门刨	lóng mén bào	76828	en-eng,ao-ou,n-l,r-l	1
